id,title,handle,vendor,product_type,tags,published_at,created_at,updated_at,sku,price,compare_at_price,available,grams,image_src
8865764638935,( 1 Pack / 1 Pair ) Left & Right Arm Cylinder Mounting Plates for Tracked Dumper D50HTFL (for SKU: 100900),arm-mounting-plate-for-tracked-dumper-d50htfl-sku-100900,MechMaxx,accessories,"00Z, 01BBB, 0zs, 100900, SMS",2025-09-24T18:18:33-07:00,2025-03-17T06:59:30-07:00,2026-07-20T11:17:43-07:00,461021,139.99,,true,4082,https://cdn.shopify.com/s/files/1/0653/3470/6391/files/461021-1.webp?v=1752256456
9133037945047,( 1 Pack / 1 Pcs ) 3 Point One Row Potato Harvester Cover ( for SKU: 201001 ),1-pack-1-pcs-3-point-one-row-potato-harvester-cover-for-sku-201001,MechMaxx,accessories,"01BBB, 0zs, 201001, Accessories, cover, SMS, Tractor Implements & Attachments part",2025-12-12T01:29:48-08:00,2025-12-11T23:40:32-08:00,2026-07-20T11:17:43-07:00,410421B,59.99,69.99,true,1814,https://cdn.shopify.com/s/files/1/0653/3470/6391/files/potatoharvestorcover.webp?v=1765531783
9120484458711,"( 1 Pack / 1 Pcs ) 90° High Pressure Quick Coupler (for SKU: 204002, 204003, 204004, 204006, 204007, 204008, 204010, 204011, 204012)",90-high-pressure-quick-coupler,MechMaxx,accessories,"0zs, Janitorial & Cleaning, Portable Pressure Washers, Pressure Washers, Skid Mounted Pressure Washers, Spare Parts",2026-03-10T18:43:17-07:00,2025-11-28T01:45:46-08:00,2026-07-20T11:17:43-07:00,464021,49.99,69.99,true,590,https://cdn.shopify.com/s/files/1/0653/3470/6391/files/464021_1.webp?v=1773119789
9175265280215,"( 1 Pack / 1 Pcs ) Air Control Valve with Hose (for SKU: 200060, 200061, 200062, 200063, 200065)",air-control-valve-with-hose,MechMaxx,accessories,"0zs, Automotive Equipments & Tools, Shop Press, Spare Parts",2026-04-20T20:31:56-07:00,2026-02-04T20:38:07-08:00,2026-07-20T11:17:43-07:00,460108,59.99,79.99,true,816,https://cdn.shopify.com/s/files/1/0653/3470/6391/files/460108_2.webp?v=1776395709
9120464175319,( 1 Pack / 1 Pcs ) Air Fitting for Tilt Back Cylinder 8mm (for SKU: 200006 200028),air-fitting-for-tilt-back-cylinder-8mm,MechMaxx,accessories,"0zs, Automotive Equipments & Tools, Spare Parts, Tire Changer Accessories & Parts, Tire Changers",2026-03-06T21:47:17-08:00,2025-11-28T00:42:01-08:00,2026-07-20T11:17:43-07:00,460052,36.99,56.99,true,91,https://cdn.shopify.com/s/files/1/0653/3470/6391/files/460052_3.webp?v=1773069448
9120465486039,( 1 Pack / 1 Pcs ) Air Fitting for Top Cylinder  (for SKU: 200005),air-fitting-for-top-cylinder,MechMaxx,accessories,"0zs, Automotive Equipments & Tools, Spare Parts, Tire Changer Accessories & Parts, Tire Changers",2026-03-06T22:33:12-08:00,2025-11-28T00:48:12-08:00,2026-07-20T11:17:43-07:00,460055,39.99,59.99,true,91,https://cdn.shopify.com/s/files/1/0653/3470/6391/files/460055_4.webp?v=1770365048
9120464404695,( 1 Pack / 1 Pcs ) Air Straight Fitting 6-6 (for SKU: 200002 200027 200005 200006 200028),air-straight-fitting-6-6,MechMaxx,accessories,"0zs, Automotive Equipments & Tools, Spare Parts, Tire Changer Accessories & Parts, Tire Changers",2026-03-06T22:27:11-08:00,2025-11-28T00:43:34-08:00,2026-07-20T11:17:43-07:00,460054,36.99,56.99,true,91,https://cdn.shopify.com/s/files/1/0653/3470/6391/files/460054_2.webp?v=1770365020
9120464273623,( 1 Pack / 1 Pcs ) Air T Fitting 8-6-8 (for SKU: 200028),air-t-fitting-8-6-8,MechMaxx,accessories,"0zs, Automotive Equipments & Tools, Spare Parts, Tire Changer Accessories & Parts, Tire Changers",2026-03-06T22:14:11-08:00,2025-11-28T00:42:32-08:00,2026-07-20T11:17:43-07:00,460053,36.99,56.99,true,91,https://cdn.shopify.com/s/files/1/0653/3470/6391/files/460053_2.webp?v=1770364988
9120483475671,"( 1 Pack / 1 Pcs ) Alternator (for SKU: 204002, 204003, 204004, 204006, 204007, 204008, 204010, 204011, 204012)",alternator,MechMaxx,accessories,"0zs, Janitorial & Cleaning, Portable Pressure Washers, Pressure Washers, Skid Mounted Pressure Washers, Spare Parts",2026-03-10T18:34:57-07:00,2025-11-28T01:44:32-08:00,2026-07-20T11:17:43-07:00,464019,99.99,119.99,false,2812,https://cdn.shopify.com/s/files/1/0653/3470/6391/files/464019_3.webp?v=1773150757
8865764245719,( 1 Pack / 1 Pcs ) Arm Hydraulic Cylinder for Tracked Dumper D50HTFL (for SKU: 100900),loader-hydraulic-cylinder-for-tracked-dumper-d50htfl-sku-100900,MechMaxx,accessories,"00Z, 01BBB, 0zs, 100900, SMS",2025-09-24T18:18:34-07:00,2025-03-17T06:58:27-07:00,2026-07-20T11:17:43-07:00,461020,159.99,,true,3629,https://cdn.shopify.com/s/files/1/0653/3470/6391/files/461020-2.webp?v=1752256488
9120466862295,( 1 Pack / 1 Pcs ) Bead Blaster Air Nozzel Assembly (for SKU: 200002 200027 200005 200006 200028),air-nozzel-assembly,MechMaxx,accessories,"0zs, Automotive Equipments & Tools, Spare Parts, Tire Changer Accessories & Parts, Tire Changers",2026-03-06T23:36:53-08:00,2025-11-28T00:55:05-08:00,2026-07-20T11:17:43-07:00,460059,69.99,89.99,true,1315,https://cdn.shopify.com/s/files/1/0653/3470/6391/files/460059_4.webp?v=1770365187
9120466763991,( 1 Pack / 1 Pcs ) Bead Blaster Push Button Valve - New (for SKU: 200002 200027 200005 200006 200028),push-button-valve-new,MechMaxx,accessories,"0zs, Automotive Equipments & Tools, Spare Parts, Tire Changer Accessories & Parts, Tire Changers",2026-03-06T23:34:00-08:00,2025-11-28T00:54:38-08:00,2026-07-20T11:17:43-07:00,460058,49.99,69.99,true,91,https://cdn.shopify.com/s/files/1/0653/3470/6391/files/460058_1.webp?v=1770365157
9120465748183,( 1 Pack / 1 Pcs ) Bead Blaster Push Button Valve - Old (for SKU: 200002 200027 200005 200006 200028),push-button-valve-old,MechMaxx,accessories,"0zs, Automotive Equipments & Tools, Spare Parts, Tire Changer Accessories & Parts, Tire Changers",2026-03-06T23:32:26-08:00,2025-11-28T00:50:04-08:00,2026-07-20T11:17:43-07:00,460057,49.99,69.99,true,91,https://cdn.shopify.com/s/files/1/0653/3470/6391/files/460057_1.webp?v=1770365103
9120465617111,( 1 Pack / 1 Pcs ) Bead Breaker Cylinder Quick Release Valve (for SKU: 200001 200002 200027 200005 200006 200028),bead-breaker-cylinder-quick-release-valve,MechMaxx,accessories,"0zs, Automotive Equipments & Tools, Spare Parts, Tire Changer Accessories & Parts, Tire Changers",2026-03-06T22:35:18-08:00,2025-11-28T00:48:47-08:00,2026-07-20T11:17:43-07:00,460056,49.99,69.99,true,91,https://cdn.shopify.com/s/files/1/0653/3470/6391/files/460056_2.webp?v=1770365073
9072260514007,( 1 Pack / 1 Pcs ) Belt for 34 Ton Kinetic Log Splitter (SKU: 150243),412146,MechMaxx,,"01BBB, 150243, Log Splitter part, SMS",2025-10-22T02:15:40-07:00,2025-10-20T20:29:46-07:00,2026-07-20T11:17:43-07:00,412146,49.99,65.99,true,454,https://cdn.shopify.com/s/files/1/0653/3470/6391/files/SKU412146.webp?v=1761130138
8117229420759,"( 1 Pack / 1 Pcs ) Belt for Mini Dumper T25, 13*1219 (SKU: 100101）",belt-for-t25,MechMaxx,accessories,,2023-08-25T03:42:33-07:00,2023-08-03T00:49:08-07:00,2026-07-20T11:17:43-07:00,401801,49.99,59.99,true,1361,https://cdn.shopify.com/s/files/1/0653/3470/6391/files/401801_Belt_T25.webp?v=1720863881
8117237154007,"( 1 Pack / 1 Pcs ) Belt for Mini Dumper T30, 17*864 (SKU: 100200, 100200A）",belt-for-t30,MechMaxx,accessories,SMS,2023-08-25T03:43:00-07:00,2023-08-03T01:36:31-07:00,2026-07-20T11:17:43-07:00,401901,49.99,59.99,true,1361,https://cdn.shopify.com/s/files/1/0653/3470/6391/files/401901_Belt_T30.webp?v=1720863908
9105533010135,"( 1 Pack / 1 Pcs ) Belt for PTO Wood Chipper WC68H, 17*1092Li (SKU: 150180）",1-pack-1-pcs-belt-for-pto-wood-chipper-wc68h-17-900li-sku-150180,MechMaxx,accessories,"01BBB, 150180, SMS",2025-11-14T01:39:14-08:00,2025-11-13T23:08:02-08:00,2026-07-20T11:17:43-07:00,412164,49.99,65.99,true,454,https://cdn.shopify.com/s/files/1/0653/3470/6391/files/412164_1.webp?v=1763451746
9030916440279,"( 1 Pack / 1 Pcs ) Blade for 60"" Rear Blade (for SKU: 201036, 201039)",replacement-blade-for-rb60s-grader-blade,MechMaxx,accessories,"01BBB, 0zs, Landscaping part, Rear Blades part, SMS, Tractor Implements & Attachments part",2025-11-26T01:29:48-08:00,2025-09-09T23:54:01-07:00,2026-07-20T11:17:43-07:00,461113,149.99,179.99,true,17509,https://cdn.shopify.com/s/files/1/0653/3470/6391/files/60_Blade_2.webp?v=1764722501
9030916473047,"( 1 Pack / 1 Pcs ) Blade for 72"" Rear Blade (for SKU: 201037, 201040)",replacement-blade-for-rb72s-grader-blade,MechMaxx,accessories,"01BBB, 0zs, Landscaping part, Rear Blades part, SMS, Tractor Implements & Attachments part",2025-11-26T01:29:48-08:00,2025-09-09T23:54:26-07:00,2026-07-20T11:17:43-07:00,461114,199.99,229.99,true,21001,https://cdn.shopify.com/s/files/1/0653/3470/6391/files/72_Blade_2.webp?v=1764722492
9030916538583,"( 1 Pack / 1 Pcs ) Blade for 84"" Rear Blade (for SKU: 201038, 201041)",replacement-blade-for-rb84s-grader-blade,MechMaxx,accessories,"01BBB, 0zs, Landscaping part, Rear Blades part, SMS, Tractor Implements & Attachments part",2025-11-26T01:29:47-08:00,2025-09-09T23:54:45-07:00,2026-07-20T11:17:43-07:00,461115,249.99,279.99,true,24993,https://cdn.shopify.com/s/files/1/0653/3470/6391/files/84_Blade_2.webp?v=1764722484
9030924566743,"( 1 Pack / 1 Pcs ) Boom Cylinder for Backhoe (for SKU: 150162, 201162)",hydraulic-cylinder-bho66-134,MechMaxx,accessories,"01BBB, 0zs, 150162, PTO Backhoes part, SMS, Tractor Implements & Attachments part",2025-11-27T23:23:49-08:00,2025-09-10T00:17:47-07:00,2026-07-20T11:17:43-07:00,461081,249.99,269.99,true,14787,https://cdn.shopify.com/s/files/1/0653/3470/6391/files/Boom_Cylinder.jpg?v=1764308674
9030924665047,"( 1 Pack / 1 Pcs ) Boom Cylinder for Backhoe (for SKU: 150163, 201163)",hydraulic-cylinder-bho76-134,MechMaxx,accessories,"01BBB, 0zs, 150163, PTO Backhoes part, SMS, Tractor Implements & Attachments part",2025-11-27T23:23:46-08:00,2025-09-10T00:18:11-07:00,2026-07-20T11:17:43-07:00,461082,279.99,299.99,true,15513,https://cdn.shopify.com/s/files/1/0653/3470/6391/files/Boom_Cylinder.jpg?v=1764308674
9030924763351,"( 1 Pack / 1 Pcs ) Boom Cylinder for Backhoe (for SKU: 150164, 201164)",hydraulic-cylinder-bho86-134,MechMaxx,accessories,"01BBB, 0zs, 150164, PTO Backhoes part, SMS, Tractor Implements & Attachments part",2025-11-27T23:23:43-08:00,2025-09-10T00:18:33-07:00,2026-07-20T11:17:43-07:00,461083,329.99,349.99,true,20911,https://cdn.shopify.com/s/files/1/0653/3470/6391/files/Boom_Cylinder.jpg?v=1764308674
9030918701271,"( 1 Pack / 1 Pcs ) Boom Cylinder Inlet Hose (for SKU: 150162, 201162)",hydraulic-hose-bho66-124,MechMaxx,accessories,"0zs, 150162, PTO Backhoes part, SMS, Tractor Implements & Attachments part",2026-02-04T23:43:08-08:00,2025-09-10T00:05:02-07:00,2026-07-20T11:17:43-07:00,461059,79.99,99.99,true,1089,https://cdn.shopify.com/s/files/1/0653/3470/6391/files/461059_61_63_60_62_64.webp?v=1769150514
9030919422167,"( 1 Pack / 1 Pcs ) Boom Cylinder Inlet Hose (for SKU: 150163, 201163)",hydraulic-hose-bho76-124,MechMaxx,accessories,"0zs, 150162, PTO Backhoes part, SMS, Tractor Implements & Attachments part",2026-02-04T23:44:07-08:00,2025-09-10T00:05:50-07:00,2026-07-20T11:17:43-07:00,461061,89.99,109.99,true,1179,https://cdn.shopify.com/s/files/1/0653/3470/6391/files/461059_61_63_60_62_64.webp?v=1769150514
9030921945303,"( 1 Pack / 1 Pcs ) Boom Cylinder Inlet Hose (for SKU: 150164, 201164)",hydraulic-hose-bho86-124,MechMaxx,accessories,"0zs, 150162, PTO Backhoes part, SMS, Tractor Implements & Attachments part",2026-02-04T23:44:06-08:00,2025-09-10T00:07:20-07:00,2026-07-20T11:17:43-07:00,461063,89.99,109.99,true,1270,https://cdn.shopify.com/s/files/1/0653/3470/6391/files/461059_61_63_60_62_64.webp?v=1769150514
9030918734039,"( 1 Pack / 1 Pcs ) Boom Cylinder Return Hose (for SKU: 150162, 201162)",hydraulic-hose-bho66-125,MechMaxx,accessories,"0zs, 150162, PTO Backhoes part, SMS, Tractor Implements & Attachments part",2026-02-04T23:44:07-08:00,2025-09-10T00:05:22-07:00,2026-07-20T11:17:43-07:00,461060,79.99,99.99,true,1134,https://cdn.shopify.com/s/files/1/0653/3470/6391/files/461059_61_63_60_62_64.webp?v=1769150514
9030921421015,"( 1 Pack / 1 Pcs ) Boom Cylinder Return Hose (for SKU: 150163, 201163)",hydraulic-hose-bho76-125,MechMaxx,accessories,"0zs, 150162, PTO Backhoes part, SMS, Tractor Implements & Attachments part",2026-02-04T23:44:06-08:00,2025-09-10T00:06:58-07:00,2026-07-20T11:17:43-07:00,461062,89.99,109.99,true,1179,https://cdn.shopify.com/s/files/1/0653/3470/6391/files/461059_61_63_60_62_64.webp?v=1769150514
9030922666199,"( 1 Pack / 1 Pcs ) Boom Cylinder Return Hose (for SKU: 150164, 201164)",hydraulic-hose-bho86-125,MechMaxx,accessories,"0zs, 150162, PTO Backhoes part, SMS, Tractor Implements & Attachments part",2026-02-04T23:44:06-08:00,2025-09-10T00:08:35-07:00,2026-07-20T11:17:43-07:00,461064,89.99,109.99,true,1270,https://cdn.shopify.com/s/files/1/0653/3470/6391/files/461059_61_63_60_62_64.webp?v=1769150514
8687701622999,( 1 Pack / 1 Pcs ) Bowden Cable for SGR1500 ( SKU: 130200; 130300; 130400 ),bowden-cable-for-stump-grinder-1,MechMaxx,accessories,"01BBB, 130200, AAA40, Accessories, Gas Stump Grinder, other spare part, SMS",2024-08-30T03:31:00-07:00,2024-08-30T01:18:30-07:00,2026-07-20T11:17:43-07:00,404006,49.99,,true,1361,https://cdn.shopify.com/s/files/1/0653/3470/6391/files/404006.webp?v=1745569338
9175172579543,"( 1 Pack / 1 Pcs ) Brake Cable for Walk Behind Flail Mower (for SKU: 201028,201029)",brake-cable-for-walk-behind-flail-mower,MechMaxx,accessories,"0zs, 201028, 201029, Spare Parts",2026-03-19T23:44:19-07:00,2026-02-04T18:21:34-08:00,2026-07-20T11:17:43-07:00,461183,44.99,64.99,true,136,https://cdn.shopify.com/s/files/1/0653/3470/6391/files/461183-2.webp?v=1773906122
9030925320407,"( 1 Pack / 1 Pcs ) Bucket Cylinder for Backhoe (for SKU: 150162, 201162)",hydraulic-cylinder-bho66-136,MechMaxx,accessories,"01BBB, 0zs, 150162, PTO Backhoes part, SMS, Tractor Implements & Attachments part",2025-11-27T23:23:33-08:00,2025-09-10T00:20:48-07:00,2026-07-20T11:17:43-07:00,461087,219.99,239.99,true,10206,https://cdn.shopify.com/s/files/1/0653/3470/6391/files/Bucket_Cylinder.webp?v=1764308675
9030925385943,"( 1 Pack / 1 Pcs ) Bucket Cylinder for Backhoe (for SKU: 150163, 201163)",hydraulic-cylinder-bho76-136,MechMaxx,accessories,"01BBB, 0zs, 150163, PTO Backhoes part, SMS, Tractor Implements & Attachments part",2025-11-27T23:23:30-08:00,2025-09-10T00:21:08-07:00,2026-07-20T11:17:43-07:00,461088,249.99,269.99,true,10886,https://cdn.shopify.com/s/files/1/0653/3470/6391/files/Bucket_Cylinder.webp?v=1764308675
9030925615319,"( 1 Pack / 1 Pcs ) Bucket Cylinder for Backhoe (for SKU: 150164, 201164)",hydraulic-cylinder-bho86-136,MechMaxx,accessories,"01BBB, 0zs, 150164, PTO Backhoes part, SMS, Tractor Implements & Attachments part",2025-11-27T23:23:27-08:00,2025-09-10T00:21:50-07:00,2026-07-20T11:17:43-07:00,461089,289.99,309.99,true,15921,https://cdn.shopify.com/s/files/1/0653/3470/6391/files/Bucket_Cylinder.webp?v=1764308675
9030917587159,"( 1 Pack / 1 Pcs ) Bucket Cylinder Inlet Hose (for SKU: 150162, 201162)",hydraulic-hose-bho66-118,MechMaxx,accessories,"0zs, 150162, PTO Backhoes part, SMS, Tractor Implements & Attachments part",2026-02-04T23:41:58-08:00,2025-09-09T23:59:20-07:00,2026-07-20T11:17:43-07:00,461048,89.99,109.99,true,1542,https://cdn.shopify.com/s/files/1/0653/3470/6391/files/461048_50_52.webp?v=1769150515
9030918013143,"( 1 Pack / 1 Pcs ) Bucket Cylinder Inlet Hose (for SKU: 150163, 201163)",hydraulic-hose-bho76-118,MechMaxx,accessories,"0zs, 150162, PTO Backhoes part, SMS, Tractor Implements & Attachments part",2026-02-04T23:43:12-08:00,2025-09-10T00:00:13-07:00,2026-07-20T11:17:43-07:00,461050,99.99,119.99,true,1588,https://cdn.shopify.com/s/files/1/0653/3470/6391/files/461048_50_52.webp?v=1769150515
9030918144215,"( 1 Pack / 1 Pcs ) Bucket Cylinder Inlet Hose (for SKU: 150164, 201164)",hydraulic-hose-bho86-118,MechMaxx,accessories,"0zs, 150162, PTO Backhoes part, SMS, Tractor Implements & Attachments part",2026-02-04T23:43:10-08:00,2025-09-10T00:01:03-07:00,2026-07-20T11:17:43-07:00,461052,99.99,119.99,true,1678,https://cdn.shopify.com/s/files/1/0653/3470/6391/files/461048_50_52.webp?v=1769150515
9030917914839,"( 1 Pack / 1 Pcs ) Bucket Cylinder Return Hose (for SKU: 150162, 201162)",hydraulic-hose-bho66-119,MechMaxx,accessories,"0zs, 150162, PTO Backhoes part, SMS, Tractor Implements & Attachments part",2026-02-04T23:41:58-08:00,2025-09-09T23:59:51-07:00,2026-07-20T11:17:43-07:00,461049,89.99,109.99,true,1542,https://cdn.shopify.com/s/files/1/0653/3470/6391/files/461049_51_53.webp?v=1769150516
9030918045911,"( 1 Pack / 1 Pcs ) Bucket Cylinder Return Hose (for SKU: 150163, 201163)",hydraulic-hose-bho76-119,MechMaxx,accessories,"0zs, 150162, PTO Backhoes part, SMS, Tractor Implements & Attachments part",2026-02-04T23:43:12-08:00,2025-09-10T00:00:37-07:00,2026-07-20T11:17:43-07:00,461051,99.99,119.99,true,1588,https://cdn.shopify.com/s/files/1/0653/3470/6391/files/461049_51_53.webp?v=1769150516
9030918209751,"( 1 Pack / 1 Pcs ) Bucket Cylinder Return Hose (for SKU: 150164, 201164)",hydraulic-hose-bho86-119,MechMaxx,accessories,"0zs, 150162, PTO Backhoes part, SMS, Tractor Implements & Attachments part",2026-02-04T23:43:10-08:00,2025-09-10T00:01:31-07:00,2026-07-20T11:17:43-07:00,461053,99.99,119.99,true,1678,https://cdn.shopify.com/s/files/1/0653/3470/6391/files/461049_51_53.webp?v=1769150516
8865766867159,( 1 Pack / 1 Pcs ) Bucket Guard for Tracked Dumper D50HTFL (for SKU: 100900),bucket-guard-for-tracked-dumper-d50htfl-sku-100900,MechMaxx,accessories,"00Z, 01BBB, 0zs, 100900, SMS",2025-09-24T18:18:49-07:00,2025-03-17T07:03:38-07:00,2026-07-20T11:17:43-07:00,461032,119.99,,true,6350,https://cdn.shopify.com/s/files/1/0653/3470/6391/files/461032-1.webp?v=1752256198
8201546236119,( 1 Pack / 1 Pcs ) Chain for Mini Trencher TCR1500 (SKU: 120200; 120201）,chain-of-mini-trencher-tcr1500,MechMaxx,accessories,"01BBB, 120200, 120201, AAA40, Accessories, Mini Trencher, other spare part, SMS",2024-01-02T22:35:48-08:00,2023-11-23T18:46:41-08:00,2026-07-20T11:17:43-07:00,407001,149.99,149.99,true,10886,https://cdn.shopify.com/s/files/1/0653/3470/6391/files/ChainofMiniTrencherTCR1500-2.webp?v=1704243458
8807726153943,"( 1 Pack / 1 Pcs ) Clutch for 36"" MAX HONDA Engine Portable Sawmill, SM-36HMAX ( SKU: 150168HMAX )",1-pack-1-pcs-clutch-for-36-max-portable-sawmill-sm36hmax-sku-150168hmax,MechMaxx,accessories,"01BBB, 150168HMAX, Accessories, clutch, Sawmill accessories, SMS",2025-04-21T04:09:51-07:00,2025-01-13T01:35:16-08:00,2026-07-20T11:17:43-07:00,412029,149.99,169.99,true,4082,https://cdn.shopify.com/s/files/1/0653/3470/6391/files/SM36HMAXclutch-_3.webp?v=1745302518
9035922342103,"( 1 Pack / 1 Pcs ) Clutch for ATV Offset Flail Mower, ATV120 (SKU: 150149)",1-pack-1-pcs-clutch-for-atv-offset-flail-mower-atv120-sku-150149,MechMaxx,accessories,"01BBB, 150149, ACCESSORIES, clutch, SMS",2025-10-11T04:17:57-07:00,2025-09-16T01:55:13-07:00,2026-07-20T11:17:43-07:00,412077,89.99,,true,4082,https://cdn.shopify.com/s/files/1/0653/3470/6391/files/412077-_3.webp?v=1758012967
8892028682455,"( 1 Pack / 1 Pcs ) Clutch for MechMaxx 22"" Portable Sawmill, SM-22 (SKU: 150169; 150169K4; 150320）",1-pack-1-pcs-clutch-for-mechmaxx-22-portable-sawmill-sm22-sku-150169,MechMaxx,accessories,"01BBB, 150169, Accessories, clutch, Sawmill accessories, SMS",2025-04-21T04:09:51-07:00,2025-04-21T00:07:59-07:00,2026-07-20T11:17:43-07:00,412026,79.99,79.99,true,4082,https://cdn.shopify.com/s/files/1/0653/3470/6391/files/clutchforssmm-_3.webp?v=1745372444
8892003156183,"( 1 Pack / 1 Pcs ) Clutch for MechMaxx 36"" MAX Portable Sawmill SM-36MAX (SKU: 150168MAX; 150268）",1-pack-1-pcs-clutch-for-mechmaxx-36-max-portable-sawmill-sm36max-sku-150168max,MechMaxx,accessories,"01BBB, 150168max, Accessories, clutch, Sawmill accessories, SMS",2025-04-20T23:38:32-07:00,2025-04-20T23:25:22-07:00,2026-07-20T11:17:43-07:00,412028,98.99,109.99,true,4082,https://cdn.shopify.com/s/files/1/0653/3470/6391/files/ClutchforSM36Max-_2.webp?v=1745372878
8892041363671,"( 1 Pack / 1 Pcs ) Clutch for MechMaxx Portable Sawmill, SM-26, SM-32 (SKU: 150166; 150166D6; 150167; 150167K4; 150167D6; 150167K6; 150167H6)",1-pack-1-pcs-clutch-for-mechmaxx-26-portable-sawmill-sm26-and-32-portable-sawmill-sm32-sku-150166-150166d6-150167-150167k4-150167d6-150167k6,MechMaxx,accessories,"01BBB, 150166, 150167, 32 inch Sawmill, Accessories, clutch, Sawmill accessories, SMS",2025-04-21T04:09:51-07:00,2025-04-21T00:29:26-07:00,2026-07-20T11:17:43-07:00,412027,82.99,,true,4082,https://cdn.shopify.com/s/files/1/0653/3470/6391/files/clutchforsm26andsm32-_2.webp?v=1745372492
8751817949399,( 1 Pack / 1 Pcs ) Clutch for MechMaxx Wood Chipper B200 (SKU: 110810;110811）,1-pack-1-pcs-clutch-for-mechmaxx-wood-chipper-b200-sku-110810,MechMaxx,accessories,"01BBB, 8 in Wood Chipper Part, AAA40, Accessories, B200, clutch, SMS, Wood Chipper",2025-06-29T18:59:47-07:00,2024-10-30T00:47:18-07:00,2026-07-20T11:17:43-07:00,410219,109.99,109.99,true,3629,https://cdn.shopify.com/s/files/1/0653/3470/6391/files/410219clutchforB2004.jpg?v=1730274771
7838634639575,"( 1 Pack / 1 Pcs ) Clutch for MechMaxx Wood Chipper GS650 (SKU: 110100, 110101）",clutch-for-mechmaxx-wood-chipper-gs650,MechMaxx,accessories,"01BBB, 110100, 110101, 4 in Wood Chipper Part, AAA40, Accessories, clutch, GS650, SMS, Wood Chipper",2023-11-21T00:31:30-08:00,2022-11-02T20:42:20-07:00,2026-07-20T11:17:43-07:00,408201,62.99,,true,3175,https://cdn.shopify.com/s/files/1/0653/3470/6391/files/ClutchforGS650.jpg?v=1700555361
9084482322647,"( 1 Pack / 1 Pcs ) Cooling Fan Assembly for Mini Compact Excavator MEC17,MEC17PRO (SKU: 150533, 150534）",1-pack-1-pcs-fan-belt-for-mini-compact-excavator-mec17-sku-150533-150534,MechMaxx,accessories,"01BBB, 1.7ton, 150533, 150534, 412071, active, Mini Excavator Spare Parts, SMS",2025-11-06T02:56:21-08:00,2025-10-30T00:25:51-07:00,2026-07-20T11:17:43-07:00,412071,139.99,179.99,true,907,https://cdn.shopify.com/s/files/1/0653/3470/6391/files/412071-_2.webp?v=1762394619
9084592423127,( 1 Pack / 1 Pcs ) Coupling for Heavy Duty Conveyor HC2320 (SKU: 150302),412152-1,MechMaxx,accessories,"01BBB, 150302, other spare part, SMS",2025-11-05T02:45:24-08:00,2025-10-30T01:32:27-07:00,2026-07-20T11:17:43-07:00,412152,79.99,,true,1361,https://cdn.shopify.com/s/files/1/0653/3470/6391/files/412152-_4.webp?v=1762334073
9143808786647,( 1 Pack / 1 Pcs ) Cover for 34 Ton Kinetic Log Splitter (SKU: 150243),1-pack-1-pcs-cover-for-34-ton-kinetic-log-splitter-sku-150243,MechMaxx,accessories,"01BBB, 150243, Log Splitter part, SMS",2026-01-09T04:19:37-08:00,2025-12-31T01:37:16-08:00,2026-07-20T11:17:43-07:00,412165,69.99,,true,3175,https://cdn.shopify.com/s/files/1/0653/3470/6391/files/sku412165.webp?v=1767770816
9159077789911,( 1 Pack / 1 Pcs ) Cover for D5OHTFL (SKU: 100900),412166,MechMaxx,accessories,100900,2026-01-19T00:44:48-08:00,2026-01-18T23:43:01-08:00,2026-07-20T11:17:43-07:00,412166,69.99,89.99,true,3175,https://cdn.shopify.com/s/files/1/0653/3470/6391/files/412166.webp?v=1768808591
9155210346711,"( 1 Pack / 1 Pcs ) Cover for Hot Water Pressure Washer HPW40HBT, HPW40DBT, HPW40KBT(SKU: 204004; 204008; 204012)",412168,MechMaxx,accessories,"204004, 204008, 204012",2026-01-19T00:44:35-08:00,2026-01-14T19:27:44-08:00,2026-07-20T11:17:43-07:00,412168,69.99,89.99,true,3175,https://cdn.shopify.com/s/files/1/0653/3470/6391/files/412168.webp?v=1768808609
9143807410391,"( 1 Pack / 1 Pcs ) Cover for Hot Water Pressure Washer HPW40HT, HPW40DT, HPW40KT(SKU: 204003; 204007; 204011)",1-pack-1-pcs-cover-for-hot-water-pressure-washer-hpw40ht-hpw40dt-hpw40ktsku-204003-204007-204011,MechMaxx,accessories,"01BBB, 204003, 204007, 204011, 412167, Janitorial & Cleaning, Pressure Washers, Skid Mounted Pressure Washers",2026-01-09T04:19:37-08:00,2025-12-31T01:22:33-08:00,2026-07-20T11:17:43-07:00,412167,66.99,,true,2722,https://cdn.shopify.com/s/files/1/0653/3470/6391/files/sku412167.webp?v=1767770852
9159078084823,"( 1 Pack / 1 Pcs ) Cover for Walk Behind Flail Mower (SKU: 201028,201029)",412169,MechMaxx,accessories,"201028, 201029, Spare Parts",2026-01-19T00:44:44-08:00,2026-01-18T23:43:58-08:00,2026-07-20T11:17:43-07:00,412169,69.99,,true,2268,https://cdn.shopify.com/s/files/1/0653/3470/6391/files/412169.webp?v=1768808649
9023246794967,( 1 Pack / 1 Pcs ) Cover for Wood Chipper BX42S ( SKU: 150178 ),1-pack-1-pcs-cover-for-wood-chipper-bx42s-sku-150178,MechMaxx,accessories,"01BBB, 150178, cover, SMS",2025-08-30T00:50:36-07:00,2025-08-29T20:08:41-07:00,2026-07-20T11:17:43-07:00,410724,59.99,79.99,true,1361,https://cdn.shopify.com/s/files/1/0653/3470/6391/files/bx42scover.webp?v=1756538696
9175169401047,( 1 Pack / 1 Pcs ) Crawler Guide Roller for D50HTFL (for SKU: 100900),crawler-guide-roller-for-d50htfl,MechMaxx,accessories,"01BBB, 0zs, 100900, Spare Parts",2026-02-24T00:33:37-08:00,2026-02-04T18:17:00-08:00,2026-07-20T11:17:43-07:00,461014,59.99,79.99,true,2585,https://cdn.shopify.com/s/files/1/0653/3470/6391/files/461014-1.webp?v=1770275178
9120485048535,"( 1 Pack / 1 Pcs ) Diesel Fuel Tank Cap (for SKU: 204002, 204003, 204004, 204006, 204007, 204008, 204010, 204011, 204012)",diesel-fuel-tank-cap,MechMaxx,accessories,"0zs, Janitorial & Cleaning, Portable Pressure Washers, Pressure Washers, Skid Mounted Pressure Washers, Spare Parts",2026-03-10T19:13:09-07:00,2025-11-28T01:46:28-08:00,2026-07-20T11:17:43-07:00,464024,39.99,59.99,true,91,https://cdn.shopify.com/s/files/1/0653/3470/6391/files/464024_2.webp?v=1773119867
9030924894423,"( 1 Pack / 1 Pcs ) Dipper Cylinder for Backhoe (for SKU: 150162, 201162)",hydraulic-cylinder-bho66-135,MechMaxx,accessories,"01BBB, 0zs, 150162, PTO Backhoes part, SMS, Tractor Implements & Attachments part",2025-11-27T23:23:41-08:00,2025-09-10T00:18:58-07:00,2026-07-20T11:17:43-07:00,461084,249.99,269.99,true,13789,https://cdn.shopify.com/s/files/1/0653/3470/6391/files/Dipper_Cylinder.webp?v=1764308674
9030924992727,"( 1 Pack / 1 Pcs ) Dipper Cylinder for Backhoe (for SKU: 150163, 201163)",hydraulic-cylinder-bho76-135,MechMaxx,accessories,"01BBB, 0zs, 150163, PTO Backhoes part, SMS, Tractor Implements & Attachments part",2025-11-27T23:23:38-08:00,2025-09-10T00:19:20-07:00,2026-07-20T11:17:43-07:00,461085,269.99,289.99,true,15286,https://cdn.shopify.com/s/files/1/0653/3470/6391/files/Dipper_Cylinder.webp?v=1764308674
9030925091031,"( 1 Pack / 1 Pcs ) Dipper Cylinder for Backhoe (for SKU: 150164, 201164)",hydraulic-cylinder-bho86-135,MechMaxx,accessories,"01BBB, 0zs, 150164, PTO Backhoes part, SMS, Tractor Implements & Attachments part",2025-11-27T23:23:35-08:00,2025-09-10T00:19:41-07:00,2026-07-20T11:17:43-07:00,461086,359.99,379.99,true,23405,https://cdn.shopify.com/s/files/1/0653/3470/6391/files/Dipper_Cylinder.webp?v=1764308674
9030922764503,"( 1 Pack / 1 Pcs ) Dipper Cylinder Inlet Hose (for SKU: 150162, 201162)",hydraulic-hose-bho66-126,MechMaxx,accessories,"0zs, 150162, PTO Backhoes part, SMS, Tractor Implements & Attachments part",2026-02-04T23:44:06-08:00,2025-09-10T00:09:07-07:00,2026-07-20T11:17:43-07:00,461065,89.99,109.99,true,1134,https://cdn.shopify.com/s/files/1/0653/3470/6391/files/461065_67_69.webp?v=1769150515
9030922993879,"( 1 Pack / 1 Pcs ) Dipper Cylinder Inlet Hose (for SKU: 150163, 201163)",hydraulic-hose-bho76-126,MechMaxx,accessories,"0zs, 150162, PTO Backhoes part, SMS, Tractor Implements & Attachments part",2026-02-04T23:44:04-08:00,2025-09-10T00:10:16-07:00,2026-07-20T11:17:43-07:00,461067,89.99,109.99,true,1225,https://cdn.shopify.com/s/files/1/0653/3470/6391/files/461065_67_69.webp?v=1769150515
9030923256023,"( 1 Pack / 1 Pcs ) Dipper Cylinder Inlet Hose (for SKU: 150164, 201164)",hydraulic-hose-bho86-126,MechMaxx,accessories,"0zs, 150162, PTO Backhoes part, SMS, Tractor Implements & Attachments part",2026-02-04T23:44:04-08:00,2025-09-10T00:11:20-07:00,2026-07-20T11:17:43-07:00,461069,99.99,119.99,true,1315,https://cdn.shopify.com/s/files/1/0653/3470/6391/files/461065_67_69.webp?v=1769150515
9030922895575,"( 1 Pack / 1 Pcs ) Dipper Cylinder Return Hose (for SKU: 150162, 201162)",hydraulic-hose-bho66-127,MechMaxx,accessories,"0zs, 150162, PTO Backhoes part, SMS, Tractor Implements & Attachments part",2026-02-04T23:44:05-08:00,2025-09-10T00:09:44-07:00,2026-07-20T11:17:43-07:00,461066,89.99,109.99,true,1134,https://cdn.shopify.com/s/files/1/0653/3470/6391/files/461066_68_70.webp?v=1769150515
9030923157719,"( 1 Pack / 1 Pcs ) Dipper Cylinder Return Hose (for SKU: 150163, 201163)",hydraulic-hose-bho76-127,MechMaxx,accessories,"0zs, 150162, PTO Backhoes part, SMS, Tractor Implements & Attachments part",2026-02-04T23:44:05-08:00,2025-09-10T00:10:54-07:00,2026-07-20T11:17:43-07:00,461068,89.99,109.99,true,1225,https://cdn.shopify.com/s/files/1/0653/3470/6391/files/461066_68_70.webp?v=1769150515
9030923714775,"( 1 Pack / 1 Pcs ) Dipper Cylinder Return Hose (for SKU: 150164, 201164)",hydraulic-hose-bho86-127,MechMaxx,accessories,"0zs, 150162, PTO Backhoes part, SMS, Tractor Implements & Attachments part",2026-02-04T23:46:05-08:00,2025-09-10T00:12:39-07:00,2026-07-20T11:17:43-07:00,461070,99.99,119.99,true,1315,https://cdn.shopify.com/s/files/1/0653/3470/6391/files/461066_68_70.webp?v=1769150515
9120468992215,( 1 Pack / 1 Pcs ) Distance Gauge Handle (for SKU: 200009 200010),distance-gauge-handle-1,MechMaxx,accessories,"0zs, Automotive Equipments & Tools, Spare Parts, Tire Changer Accessories & Parts, Tire Changers",2026-03-07T00:11:25-08:00,2025-11-28T01:04:57-08:00,2026-07-20T11:17:43-07:00,460070,36.99,59.99,true,91,https://cdn.shopify.com/s/files/1/0653/3470/6391/files/460070_3.webp?v=1770365595
8687701950679,( 1 Pack / 1 Pcs ) DUCAR Engine Throttle Choke Cable Controls Replace for TCR1500; SGR1500; SG380 ( SKU: 120200;130200;130300 ),throttle-choke-cable-controls-replacement-for-stump-grinder,MechMaxx,accessories,"01BBB, 120200, 130200, 130300, AAA40, Accessories, Gas Stump Grinder, Mini Trencher, SMS",2024-08-30T03:31:01-07:00,2024-08-30T01:19:40-07:00,2026-07-20T11:17:43-07:00,404007,52.99,,true,1361,https://cdn.shopify.com/s/files/1/0653/3470/6391/files/404007-_1.webp?v=1725006047
8865764016343,( 1 Pack / 1 Pcs ) Dumping Hydraulic Cylinder for Tracked Dumper D50HTFL (for SKU: 100900),dumping-hydraulic-cylinder-for-tracked-dumper-d50htfl-sku-100900,MechMaxx,accessories,"00Z, 01BBB, 0zs, 100900, SMS",2025-09-24T18:17:38-07:00,2025-03-17T06:57:23-07:00,2026-07-20T11:17:43-07:00,461019,199.99,,true,10886,https://cdn.shopify.com/s/files/1/0653/3470/6391/files/461019-1.webp?v=1752256482
9084478324951,"( 1 Pack / 1 Pcs ) Fan Belt for Mini Compact Excavator MEC17,MEC17PRO (SKU: 150533, 150534）",1-pack-2-pcs-counterweight-bolts-for-mini-compact-excavator-mec17-sku-150533-150534,MechMaxx,accessories,"01BBB, 1.7ton, 150533, 150534, 412070, active, Mini Excavator Spare Parts, SMS",2025-11-06T02:54:48-08:00,2025-10-30T00:23:30-07:00,2026-07-20T11:17:43-07:00,412070,69.99,89.99,true,91,https://cdn.shopify.com/s/files/1/0653/3470/6391/files/412070-_1.webp?v=1762394039
9211355824343,"( 1 Pack / 1 Pcs ) Fan Wheel (for SKU: 204002, 204003, 204004, 204006, 204007, 204008, 204010, 204011, 204012)",fan-wheel,MechMaxx,accessories,"0zs, Janitorial & Cleaning, Portable Pressure Washers, Pressure Washers, Skid Mounted Pressure Washers, Spare Parts",2026-03-10T18:41:34-07:00,2026-03-09T22:11:27-07:00,2026-07-20T11:17:43-07:00,464020,59.99,79.99,true,499,https://cdn.shopify.com/s/files/1/0653/3470/6391/files/464020_3.webp?v=1773119757
9217569980631,"( 1 Pack / 1 Pcs ) Firewood Log Splitter Processor with Conveyor Cover - Custom Fitted for HLS20 ( SKU: 150244, 150245)",412209,MechMaxx,accessories,"150244, 150245, cover, Spare Parts",2026-03-19T01:46:45-07:00,2026-03-19T01:25:37-07:00,2026-07-20T11:17:43-07:00,412209,89.99,99.99,true,2722,https://cdn.shopify.com/s/files/1/0653/3470/6391/files/412209.webp?v=1773909867
9175265607895,"( 1 Pack / 1 Pcs ) Foot Pedal Air Control Valve (for SKU: 200060, 200061, 200062, 200063, 200065)",foot-pedal-air-control-valve,MechMaxx,accessories,"0zs, Automotive Equipments & Tools, Shop Press, Spare Parts",2026-04-20T20:28:48-07:00,2026-02-04T20:38:42-08:00,2026-07-20T11:17:43-07:00,460109,89.99,119.99,true,816,https://cdn.shopify.com/s/files/1/0653/3470/6391/files/460109_3.webp?v=1776395585
9175208198359,"( 1 Pack / 1 Pcs ) Front Rubber Curtain for Walk Behind Flail Mower (for SKU: 201028,201029)",front-rubber-curtain-for-walk-behind-flail-mower,MechMaxx,accessories,"0zs, 201028, 201029, Spare Parts",2026-03-19T23:55:07-07:00,2026-02-04T18:58:21-08:00,2026-07-20T11:17:43-07:00,461188,45.99,65.99,true,544,https://cdn.shopify.com/s/files/1/0653/3470/6391/files/461188.webp?v=1773906000
9101573750999,( 1 Pack / 1 Pcs ) Gear Shaft for 34 Ton Kinetic Log Splitter (SKU: 150243),1-pack-1-pcs-gear-shaft-for-34-ton-kinetic-log-splitter-sku-150243,MechMaxx,accessories,"01BBB, 150243, Log Splitter part, SMS",2025-11-12T23:10:03-08:00,2025-11-08T01:50:25-08:00,2026-07-20T11:17:43-07:00,412140,89.99,115.99,true,3629,https://cdn.shopify.com/s/files/1/0653/3470/6391/files/412140.webp?v=1762759608
8929048854743,( 1 Pack / 1 Pcs ) Gearbox for Tracked Dumper D50HTFL (for SKU: 100900),gearbox-for-tracked-dumper-d50htfl-sku-100900,MechMaxx,accessories,"01BBB, 0zs, 100900, SMS",2025-09-24T18:19:12-07:00,2025-06-09T19:27:09-07:00,2026-07-20T11:17:43-07:00,461104,799.99,,true,26308,https://cdn.shopify.com/s/files/1/0653/3470/6391/files/461104-1.webp?v=1752256150
9175277109463,"( 1 Pack / 1 Pcs ) Hand Press Bar for 20/30/50T Shop Press (for SKU: 200060, 200061, 200062)",hand-press-bar-for-20-30-50t-shop-press,MechMaxx,accessories,"0zs, Automotive Equipment & Tools, Shop Press, Spare Parts",2026-04-20T19:14:46-07:00,2026-02-04T20:51:23-08:00,2026-07-20T11:17:43-07:00,460124,39.99,59.99,true,816,https://cdn.shopify.com/s/files/1/0653/3470/6391/files/460124_1.webp?v=1776394614
9175276683479,"( 1 Pack / 1 Pcs ) Hand Winch (for SKU: 200061, 200062, 200063, 200064, 200065, 200066)",hand-winch,MechMaxx,accessories,"0zs, Automotive Equipment & Tools, Shop Press, Spare Parts",2026-04-20T19:16:00-07:00,2026-02-04T20:50:39-08:00,2026-07-20T11:17:43-07:00,460123,89.99,109.99,true,3493,https://cdn.shopify.com/s/files/1/0653/3470/6391/files/460123_5.webp?v=1776395633
8789697003735,( 1 Pack / 1 Pcs ) Hay Baler Cover - Custom Fitted for HB3120 (sku:150215）,hay-baler-cover-for-hb3120-sku-150215,MechMaxx,accessories,"01BBB, 150215, AAA40, Accessories, active, cover, hay baler, hay equipment, Hay Equipment Combo, SMS",2024-12-25T02:05:28-08:00,2024-12-25T01:59:10-08:00,2026-07-20T11:17:43-07:00,410415,82.99,,true,2722,https://cdn.shopify.com/s/files/1/0653/3470/6391/files/SKU_150215_BH3120_cover.webp?v=1735892965
8885377368279,( 1 Pack / 1 Pcs ) Hay Wrapper Cover - Custom Fitted for HW20 ( SKU: 150216 ),1-pack-1-pcs-bale-wrapper-cover-custom-fitted-for-bale-wrapper-hw20-sku-150216,MechMaxx,accessories,"01BBB, 150216, AAA40, Accessories, active, cover, hay equipment, Hay Equipment Combo, hay wrapper, SMS",2025-04-12T04:25:02-07:00,2025-04-11T00:48:14-07:00,2026-07-20T11:17:43-07:00,410420,72.99,,true,2268,https://cdn.shopify.com/s/files/1/0653/3470/6391/files/410420.webp?v=1744359292
9120481345751,( 1 Pack / 1 Pcs ) Honeywell Sensor for Dry Cabinet,1-pack-1-pcs-honeywell-sensor-for-dry-cabinet,MechMaxx,accessories,"0zs, 1-10% Dry Cabinets part, 1-60% Nitrogen Cabinets part, 20-60% Dry Cabinets part, Dry Cabinets part, Laboratory Equipment & Supplies part",2026-01-14T22:07:09-08:00,2025-11-28T01:42:04-08:00,2026-07-20T11:17:43-07:00,463011,89.99,109.99,true,91,https://cdn.shopify.com/s/files/1/0653/3470/6391/files/Honeywell_Sensor.webp?v=1768443106
9122415542487,"( 1 Pack / 1 Pcs ) Hot Water Button (for SKU: 204002, 204003, 204004, 204006, 204007, 204008, 204010, 204011, 204012)",hot-water-button,MechMaxx,accessories,"0zs, Janitorial & Cleaning, Portable Pressure Washers, Pressure Washers, Skid Mounted Pressure Washers, Spare Parts",2026-03-11T00:47:02-07:00,2025-11-30T23:53:54-08:00,2026-07-20T11:17:43-07:00,464026,44.99,64.99,true,91,https://cdn.shopify.com/s/files/1/0653/3470/6391/files/464026_1.webp?v=1773119910
9175169695959,( 1 Pack / 1 Pcs ) Hydrualic Hose for D50HTFL (for SKU: 100900),hydrualic-hose-for-d50htfl,MechMaxx,accessories,"00Z, 01BBB, 0zs, 100900",2026-02-24T00:34:16-08:00,2026-02-04T18:18:09-08:00,2026-07-20T11:17:43-07:00,461024,79.99,99.99,true,2087,https://cdn.shopify.com/s/files/1/0653/3470/6391/files/461024-1.webp?v=1770275178
9120484851927,"( 1 Pack / 1 Pcs ) Inline Diesel Fuel Filter (for SKU: 204002, 204003, 204004, 204006, 204007, 204008, 204010, 204011, 204012)",inline-diesel-fuel-filter,MechMaxx,accessories,"0zs, Janitorial & Cleaning, Portable Pressure Washers, Pressure Washers, Skid Mounted Pressure Washers, Spare Parts",2026-03-10T19:10:58-07:00,2025-11-28T01:46:12-08:00,2026-07-20T11:17:43-07:00,464023,39.99,59.99,true,91,https://cdn.shopify.com/s/files/1/0653/3470/6391/files/464023_3.webp?v=1773119826
9120482394327,( 1 Pack / 1 Pcs ) Integrated Flat Handle with Keys for Dry Cabinet,1-pack-1-pcs-integrated-flat-handle-with-keys,MechMaxx,accessories,"0zs, 1-10% Dry Cabinets part, 20-60% Dry Cabinets part, Dry Cabinets part, Laboratory Equipment & Supplies part",2026-01-14T22:07:07-08:00,2025-11-28T01:43:20-08:00,2026-07-20T11:17:43-07:00,463016,46.99,56.99,true,408,https://cdn.shopify.com/s/files/1/0653/3470/6391/files/Integrated_Flat_Handle_with_Keys.webp?v=1768443107
9120477872343,"( 1 Pack / 1 Pcs ) Landscape Rake Wheel (for SKU: 201026, 201027)",landscape-rake-wheel,MechMaxx,accessories,"01BBB, 0zs, 201026, 201027, Landscaping part, Tractor Implements & Attachments part",2025-12-23T20:03:57-08:00,2025-11-28T01:38:21-08:00,2026-07-20T11:17:43-07:00,461156,49.99,69.99,true,5987,https://cdn.shopify.com/s/files/1/0653/3470/6391/files/Landscape_Rake_Wheel.webp?v=1765348204
9120481870039,"( 1 Pack / 1 Pcs ) LED Display Control Panel for 1-10% RH Dry Cabinet 210L  (for SKU:203013, 203013W)",1-pack-1-pcs-210-led-display-control-panel-1-10,MechMaxx,accessories,"0zs, 1-10% Dry Cabinets part, Dry Cabinets part, Laboratory Equipment & Supplies part",2026-01-14T22:07:07-08:00,2025-11-28T01:42:46-08:00,2026-07-20T11:17:43-07:00,463014,169.99,199.99,true,816,https://cdn.shopify.com/s/files/1/0653/3470/6391/files/LED_Display_Control_Panel.webp?v=1768443107
9120481542359,( 1 Pack / 1 Pcs ) LED Display Control Panel for 1-10% RH Dry Cabinet 320L 540L 730L 880L 1430L,1-pack-1-pcs-led-display-control-panel-1-10,MechMaxx,accessories,"0zs, 1-10% Dry Cabinets part, Dry Cabinets part, Laboratory Equipment & Supplies part",2026-01-14T22:07:09-08:00,2025-11-28T01:42:18-08:00,2026-07-20T11:17:43-07:00,463012,169.99,199.99,true,816,https://cdn.shopify.com/s/files/1/0653/3470/6391/files/LED_Display_Control_Panel.webp?v=1768443107
9120482099415,"( 1 Pack / 1 Pcs ) LED Display Control Panel for 20-60% RH Dry Cabinet  210L (for SKU:203012, 203012W)",1-pack-1-pcs-210-led-display-control-panel-20-60,MechMaxx,accessories,"0zs, 20-60% Dry Cabinets part, Dry Cabinets part, Laboratory Equipment & Supplies part",2026-01-14T22:07:07-08:00,2025-11-28T01:43:00-08:00,2026-07-20T11:17:43-07:00,463015,169.99,199.99,true,816,https://cdn.shopify.com/s/files/1/0653/3470/6391/files/LED_Display_Control_Panel.webp?v=1768443107
9120481738967,( 1 Pack / 1 Pcs ) LED Display Control Panel for 20-60% RH Dry Cabinet 320L 540L 730L 880L 1430L,1-pack-1-pcs-led-display-control-panel-20-60,MechMaxx,accessories,"0zs, 20-60% Dry Cabinets part, Dry Cabinets part, Laboratory Equipment & Supplies part",2026-01-14T22:07:09-08:00,2025-11-28T01:42:32-08:00,2026-07-20T11:17:43-07:00,463013,169.99,199.99,true,816,https://cdn.shopify.com/s/files/1/0653/3470/6391/files/LED_Display_Control_Panel.webp?v=1768443107
9030918308055,"( 1 Pack / 1 Pcs ) Left Stabilizer Leg Cylinder Inlet Hose (for SKU: 150162, 150163, 150164, 201162, 201163, 201164)",hydraulic-hose-bho-121,MechMaxx,accessories,"0zs, 150162, PTO Backhoes part, SMS, Tractor Implements & Attachments part",2026-02-04T23:43:10-08:00,2025-09-10T00:02:45-07:00,2026-07-20T11:17:43-07:00,461055,79.99,99.99,true,907,https://cdn.shopify.com/s/files/1/0653/3470/6391/files/461055.webp?v=1769150515
9030918242519,"( 1 Pack / 1 Pcs ) Left Stabilizer Leg Cylinder Return Hose (for SKU: 150162, 150163, 150164, 201162, 201163, 201164)",hydraulic-hose-bho-120,MechMaxx,accessories,"0zs, 150162, PTO Backhoes part, SMS, Tractor Implements & Attachments part",2026-02-04T23:43:10-08:00,2025-09-10T00:02:15-07:00,2026-07-20T11:17:43-07:00,461054,79.99,99.99,true,953,https://cdn.shopify.com/s/files/1/0653/3470/6391/files/461054.webp?v=1769150515
8865765195991,( 1 Pack / 1 Pcs ) Lifting Hydraulic Cylinder for Tracked Dumper D50HTFL (for SKU: 100900),lifting-hydraulic-cylinder-for-tracked-dumper-d50htfl-sku-100900,MechMaxx,accessories,"00Z, 01BBB, 0zs, 100900, SMS",2025-09-24T18:18:33-07:00,2025-03-17T07:00:14-07:00,2026-07-20T11:17:43-07:00,461022,199.99,,true,7711,https://cdn.shopify.com/s/files/1/0653/3470/6391/files/461022-2.webp?v=1752256444
8865766277335,( 1 Pack / 1 Pcs ) Loader Bucket for Tracked Dumper D50HTFL (for SKU: 100900),loader-bucket-for-tracked-dumper-d50htfl-sku-100900,MechMaxx,accessories,"00Z, 01BBB, 0zs, 100900, SMS",2025-09-24T18:18:33-07:00,2025-03-17T07:01:35-07:00,2026-07-20T11:17:43-07:00,461026,349.99,,true,33112,https://cdn.shopify.com/s/files/1/0653/3470/6391/files/461026-1.webp?v=1752256397
9120468009175,( 1 Pack / 1 Pcs ) Locking Nut M14 (for SKU: 200002 200027 200005),locking-nut-m14-1,MechMaxx,accessories,"0zs, Automotive Equipments & Tools, Spare Parts, Tire Changer Accessories & Parts, Tire Changers",2026-03-06T23:47:45-08:00,2025-11-28T00:59:23-08:00,2026-07-20T11:17:43-07:00,460063,36.99,56.99,true,91,https://cdn.shopify.com/s/files/1/0653/3470/6391/files/460063_1.webp?v=1773070084
9120467845335,( 1 Pack / 1 Pcs ) Locking Nut M18 (for SKU: 200001 200002 200027 200005 200006 200028),locking-nut-m18-1,MechMaxx,accessories,"0zs, Automotive Equipments & Tools, Spare Parts, Tire Changer Accessories & Parts, Tire Changers",2026-03-06T23:45:50-08:00,2025-11-28T00:58:54-08:00,2026-07-20T11:17:43-07:00,460062,36.99,56.99,true,91,https://cdn.shopify.com/s/files/1/0653/3470/6391/files/460062_1.webp?v=1770365271
8916657209559,( 1 Pack / 1 Pcs ) Log Skidding Winch Cover - Custom Fitted for FW8800 ( SKU: 150210 ),1-pack-1-pcs-log-skidding-winch-cover-custom-fitted-for-fw8800-sku-150210,MechMaxx,accessories,"01BBB, 150210, AAA41, Accessories, active, cover, Forestry Logging Winch, SMS",2025-05-20T19:23:13-07:00,2025-05-20T19:06:07-07:00,2026-07-20T11:17:43-07:00,410419,62.99,79.99,true,1814,https://cdn.shopify.com/s/files/1/0653/3470/6391/files/410419logwinchcover.webp?v=1747794190
9175170875607,( 1 Pack / 1 Pcs ) Loncin G300FD Engine Anti-Scald Cover for D50HTFL (for SKU: 100900),engine-anti-scald-cover-for-d50htfl,MechMaxx,accessories,"01BBB, 0zs, 100900",2026-02-24T00:35:27-08:00,2026-02-04T18:19:26-08:00,2026-07-20T11:17:43-07:00,461030,49.99,69.99,true,590,https://cdn.shopify.com/s/files/1/0653/3470/6391/files/461030-1_1.webp?v=1770275178
9120480198871,( 1 Pack / 1 Pcs ) Main Dehumidifier for 1-10% RH Dry Cabinet 210L (for SKU:203013),1-pack-1-pcs-210-main-dehumidifier-for-dry-cabinet-1-10,MechMaxx,accessories,"0zs, 1-10% Dry Cabinets part, Dry Cabinets part, Laboratory Equipment & Supplies part",2026-01-14T22:07:10-08:00,2025-11-28T01:40:40-08:00,2026-07-20T11:17:43-07:00,463009,249.99,289.99,true,2994,https://cdn.shopify.com/s/files/1/0653/3470/6391/files/463009-1.webp?v=1776146812
9120480559319,"( 1 Pack / 1 Pcs ) Main Dehumidifier for 1-10% RH Dry Cabinet 210L, White (for SKU:203013W)",1-pack-1-pcs-210-secondary-dehumidifier-for-dry-cabinet-1-10-white,MechMaxx,accessories,"0zs, 1-10% Dry Cabinets part, Dry Cabinets part, Laboratory Equipment & Supplies part",2026-01-14T22:07:10-08:00,2025-11-28T01:41:10-08:00,2026-07-20T11:17:43-07:00,463009W,249.99,289.99,true,2994,https://cdn.shopify.com/s/files/1/0653/3470/6391/files/463009w-1.webp?v=1776146808
9120480821463,( 1 Pack / 1 Pcs ) Main Dehumidifier for 20-60% RH Dry Cabinet 210L (for SKU:203012),1-pack-1-pcs-210-main-dehumidifier-for-dry-cabinet-20-60,MechMaxx,accessories,"0zs, 20-60% Dry Cabinets part, Dry Cabinets part, Laboratory Equipment & Supplies part",2026-01-14T22:07:10-08:00,2025-11-28T01:41:24-08:00,2026-07-20T11:17:43-07:00,463010,249.99,289.99,true,2994,https://cdn.shopify.com/s/files/1/0653/3470/6391/files/463010-1.webp?v=1776146812
9120481149143,"( 1 Pack / 1 Pcs ) Main Dehumidifier for 20-60% RH Dry Cabinet 210L, White (for SKU:203012W)",1-pack-1-pcs-210-secondary-dehumidifier-for-dry-cabinet-20-60-white,MechMaxx,accessories,"0zs, 20-60% Dry Cabinets part, Dry Cabinets part, Laboratory Equipment & Supplies part",2026-01-14T22:07:09-08:00,2025-11-28T01:41:47-08:00,2026-07-20T11:17:43-07:00,463010W,249.99,289.99,true,2994,https://cdn.shopify.com/s/files/1/0653/3470/6391/files/463010w-1.webp?v=1776146807
8929060389079,( 1 Pack / 1 Pcs ) Main Dehumidifier for Black Dry Cabinet 320L 540L 730L 880L 1430L,main-dehumidifier-for-dry-cabinet,MechMaxx,accessories,"0zs, 1-10% Dry Cabinets part, 20-60% Dry Cabinets part, Dry Cabinets part, Laboratory Equipment & Supplies part",2026-01-14T22:07:11-08:00,2025-06-09T20:02:47-07:00,2026-07-20T11:17:43-07:00,463001,249.99,289.99,true,2994,https://cdn.shopify.com/s/files/1/0653/3470/6391/files/463001.webp?v=1776150009
9120479674583,( 1 Pack / 1 Pcs ) Main Dehumidifier for White Dry Cabinet 320L 540L 730L 880L 1430L,1-pack-1-pcs-main-dehumidifier-for-dry-cabinet-white,MechMaxx,accessories,"0zs, 1-10% Dry Cabinets part, 20-60% Dry Cabinets part, Dry Cabinets part, Laboratory Equipment & Supplies part",2026-01-14T22:07:11-08:00,2025-11-28T01:40:11-08:00,2026-07-20T11:17:43-07:00,463001W,249.99,289.99,true,2994,https://cdn.shopify.com/s/files/1/0653/3470/6391/files/463001w-1.webp?v=1776146807
9314831696087,"( 1 Pack / 1 Pcs ) Main Pressure Hose (for SKU: 150162, 150163, 150164, 201162, 201163, 201164)",461148-main-pressure-hose,MechMaxx,accessories,"0zs, 150162, 150163, 150164, 201162, 201163, 201164, PTO Backhoe Part, PTO Backhoes part, Tractor Implements & Attachments part",2026-07-11T03:00:44-07:00,2026-07-01T20:16:07-07:00,2026-07-20T11:17:43-07:00,461148,99.99,129.99,true,1996,https://cdn.shopify.com/s/files/1/0653/3470/6391/files/DSC03734.webp?v=1783056075
9314831761623,"( 1 Pack / 1 Pcs ) Main Return Hose (for SKU: 150162, 150163, 150164, 201162, 201163, 201164)",461149-main-return-hose,MechMaxx,accessories,"0zs, 150162, 150163, 150164, 201162, 201163, 201164, PTO Backhoes part, Tractor Implements & Attachments part",2026-07-11T03:00:44-07:00,2026-07-01T20:16:25-07:00,2026-07-20T11:17:43-07:00,461149,99.99,129.99,true,1497,https://cdn.shopify.com/s/files/1/0653/3470/6391/files/a48a06fde7f6b7241beea3e6f879c02a.webp?v=1783056186
8117247705303,( 1 Pack / 1 Pcs ) MechMaxx Clutch for GS1500; P4206; P4205; B150; SGR1500; TCR1500 (SKU: 110200; 110801; 110802; 110803; 110804; 110805; 110601; 110602; 130200; 130300; 130400; 120200）,clutch,MechMaxx,accessories,"01BBB, 110200, 110601, 110602, 110801, 110802, 110803, 110804, 110805, 120200, 130200, 130300, 130400, 5 in Wood Chipper Part, 6 in Wood Chipper Part, AAA40, Accessories, B150, clutch, Gas Stump Grinder, GS1500, P4205, P4206, SMS",2023-08-25T03:49:43-07:00,2023-08-03T02:24:33-07:00,2026-07-20T11:17:43-07:00,405901,89.99,119.99,true,3175,https://cdn.shopify.com/s/files/1/0653/3470/6391/files/405901-_2.webp?v=1725006203
9067010982103,( 1 Pack / 1 Pcs ) Mini Compact Excavator Cover for MEC10; MEC12 ( SKU: 150530; 150531; 150532 ),1-pack-1-pcs-mini-compact-excavator-cover-for-mec10-sku-150530,MechMaxx,accessories,"01BBB, 150530, 150532, 412080, Accessories, active, cover, Mini Excavator Spare Parts, SMS",2025-10-11T06:27:44-07:00,2025-10-11T03:33:06-07:00,2026-07-20T11:17:43-07:00,412080,119.99,139.99,true,1814,https://cdn.shopify.com/s/files/1/0653/3470/6391/files/412080excavatorcover_da24b593-0051-466d-9c0c-e14bc946399f.webp?v=1760189322
9217566212311,"( 1 Pack / 1 Pcs ) Mini Dumper Cover - Custom Fitted for T80, T80HL ( SKU: 101300, 101301 )",412208,MechMaxx,accessories,"cover, Mini Dumper, Spare Parts, Tracked mini dumper",2026-03-19T01:46:37-07:00,2026-03-19T01:06:23-07:00,2026-07-20T11:17:43-07:00,412208,79.99,89.99,true,2722,https://cdn.shopify.com/s/files/1/0653/3470/6391/files/412208.webp?v=1773909550
8687697854679,( 1 Pack / 1 Pcs ) Mini Dumper Cover for E50; EH50 ( SKU: 101200; 101200Y;101201R;101201 ),1-pack-1-pcs-mini-dumper-cover-for-e50-eh50-sku-101200-101200y-101201r-101201,MechMaxx,accessories,"01BBB, 101200, AAA41, Accessories, cover, cover1 mini dumper, SMS",2024-08-30T01:07:46-07:00,2024-08-30T01:02:45-07:00,2026-07-20T11:17:43-07:00,410410,69.99,,true,1814,https://cdn.shopify.com/s/files/1/0653/3470/6391/files/410410eh50.webp?v=1725005210
8793189187799,( 1 Pack / 1 Pcs ) Mini Track Loader Cover for STL1000 ( SKU: 101000 ),1-pack-1-pcs-mini-track-loader-cover-for-stl1000-sku-101000,MechMaxx,accessories,"01BBB, 101000, AAA41, Accessories, active, cover, SMS",2025-01-02T19:09:53-08:00,2025-01-02T19:05:54-08:00,2026-07-20T11:17:43-07:00,410414,132.99,139.99,true,1814,https://cdn.shopify.com/s/files/1/0653/3470/6391/files/SKU_101000_STL1000_cover.webp?v=1735892925
8687698116823,( 1 Pack / 1 Pcs ) Mini Trencher Cover for TCR1500 ( SKU: 120200; 120201 ),1-pack-1-pcs-mini-trencher-cover-for-tcr1500-sku-120200-120201,MechMaxx,accessories,"01BBB, 120200, AAA41, Accessories, cover, cover3 gas trencher, SMS",2024-08-30T01:07:46-07:00,2024-08-30T01:03:20-07:00,2026-07-20T11:17:43-07:00,410411,69.99,,true,1814,https://cdn.shopify.com/s/files/1/0653/3470/6391/files/410411TCR1500.webp?v=1725005237
9120463683799,"( 1 Pack / 1 Pcs ) Plastic Duckhead (28 mm Hole Diameter) for TC Tire Changer (for SKU: 200006, 200028)",1-pack-1-pcs-plastic-duckhead-for-tc-tire-changer-for-sku-200006-200028,MechMaxx,accessories,"0zs, 460050tag, Automotive Equipments & Tools, Tire Changer Accessories & Parts, Tire Changers",2025-12-10T17:25:10-08:00,2025-11-28T00:39:21-08:00,2026-07-20T11:17:43-07:00,460050,49.99,69.99,true,499,https://cdn.shopify.com/s/files/1/0653/3470/6391/files/Plastic_Duckhead2.webp?v=1765356615
9120457294039,"( 1 Pack / 1 Pcs ) Plastic Duckhead (30 mm Hole Diameter) for TC Tire Changer (for SKU: 200001, 200002, 200005, 200027)",1-pack-1-pcs-plastic-duckhead-for-tc-tire-changer-for-sku-200001-200002-200005-200027,MechMaxx,accessories,"0zs, 460049tag, Automotive Equipments & Tools, Tire Changer Accessories & Parts, Tire Changers",2025-12-10T17:25:40-08:00,2025-11-28T00:27:26-08:00,2026-07-20T11:17:43-07:00,460049,49.99,69.99,true,499,https://cdn.shopify.com/s/files/1/0653/3470/6391/files/Plastic_Duckhead_1.webp?v=1765356042
9120467157207,( 1 Pack / 1 Pcs ) Plastic Guide (for SKU: 200006 200028),plastic-guide-for-tire-changer,MechMaxx,accessories,"0zs, Automotive Equipments & Tools, Spare Parts, Tire Changer Accessories & Parts, Tire Changers",2026-03-06T23:38:56-08:00,2025-11-28T00:56:42-08:00,2026-07-20T11:17:43-07:00,460060,39.99,59.99,true,91,https://cdn.shopify.com/s/files/1/0653/3470/6391/files/460060_1.webp?v=1770365201
9072238330071,"( 1 Pack / 1 Pcs ) Portable Hot Water Pressure Washer Cover (for SKU: 204002, 204006, 204010)",1-pack-1-pcs-hot-water-pressure-washer-cover-sku-204002-204006-204010,MechMaxx,accessories,"01BBB, 0zs, 204002, 204006, 204010, Accessories, cover, SMS",2025-10-22T06:53:51-07:00,2025-10-20T18:45:54-07:00,2026-07-20T11:17:43-07:00,410421A,59.99,69.99,true,1814,https://cdn.shopify.com/s/files/1/0653/3470/6391/files/410421a.webp?v=1761032898
9175270097111,"( 1 Pack / 1 Pcs ) Pressure Gauge for 100T Shop Press (for SKU: 200065, 200066)",pressure-gauge-for-100t-shop-press,MechMaxx,accessories,"0zs, Automotive Equipments & Tools, Shop Press, Spare Parts",2026-04-20T19:54:50-07:00,2026-02-04T20:43:09-08:00,2026-07-20T11:17:43-07:00,460114,79.99,99.99,false,680,https://cdn.shopify.com/s/files/1/0653/3470/6391/files/460114_1.webp?v=1776395419
9175270424791,( 1 Pack / 1 Pcs ) Pressure Gauge for 150T Shop Press (for SKU: 200067),pressure-gauge-for-150t-shop-press,MechMaxx,accessories,"0zs, Automotive Equipments & Tools, Shop Press, Spare Parts",2026-04-20T19:53:57-07:00,2026-02-04T20:43:31-08:00,2026-07-20T11:17:43-07:00,460115,79.99,99.99,true,680,https://cdn.shopify.com/s/files/1/0653/3470/6391/files/460115_1.webp?v=1776395491
9175265870039,( 1 Pack / 1 Pcs ) Pressure Gauge for 20T Shop Press (for SKU: 200060),pressure-gauge-for-20t-shop-press,MechMaxx,accessories,"0zs, Automotive Equipments & Tools, Shop Press, Spare Parts",2026-04-20T19:59:01-07:00,2026-02-04T20:39:06-08:00,2026-07-20T11:17:43-07:00,460110,79.99,99.99,true,680,https://cdn.shopify.com/s/files/1/0653/3470/6391/files/460110_2.webp?v=1776394943
9175266296023,( 1 Pack / 1 Pcs ) Pressure Gauge for 30T Shop Press (for SKU: 200061),pressure-gauge-for-30t-shop-press,MechMaxx,accessories,"0zs, Automotive Equipments & Tools, Shop Press, Spare Parts",2026-04-20T19:58:02-07:00,2026-02-04T20:39:57-08:00,2026-07-20T11:17:43-07:00,460111,79.99,99.99,true,680,https://cdn.shopify.com/s/files/1/0653/3470/6391/files/460111_2.webp?v=1776395098
9175268851927,( 1 Pack / 1 Pcs ) Pressure Gauge for 50T Shop Press (for SKU: 200062),pressure-gauge-for-50t-shop-press,MechMaxx,accessories,"0zs, Automotive Equipments & Tools, Shop Press, Spare Parts",2026-04-20T19:57:07-07:00,2026-02-04T20:41:34-08:00,2026-07-20T11:17:43-07:00,460112,79.99,99.99,false,680,https://cdn.shopify.com/s/files/1/0653/3470/6391/files/460112_1.webp?v=1776395246
9175269605591,"( 1 Pack / 1 Pcs ) Pressure Gauge for 75T Shop Press (for SKU: 200063, 200064)",pressure-gauge-for-75t-shop-press,MechMaxx,accessories,"0zs, Automotive Equipments & Tools, Shop Press, Spare Parts",2026-04-20T19:56:15-07:00,2026-02-04T20:42:14-08:00,2026-07-20T11:17:43-07:00,460113,79.99,99.99,true,680,https://cdn.shopify.com/s/files/1/0653/3470/6391/files/460113_3.webp?v=1776395368
9314831892695,"( 1 Pack / 1 Pcs ) PTO Pump Inlet Hose (for SKU: 150162, 150163, 150164, 201162, 201163, 201164)",461150-pto-pump-inlet-hose,MechMaxx,accessories,"0zs, 150162, 150163, 150164, 201162, 201163, 201164, PTO Backhoes part, Tractor Implements & Attachments part",2026-07-11T03:10:09-07:00,2026-07-01T20:16:50-07:00,2026-07-20T11:17:43-07:00,461150,99.99,129.99,true,1996,https://cdn.shopify.com/s/files/1/0653/3470/6391/files/1DSC03734.webp?v=1783056226
8907974803671,( 1 Pack / 1 Pcs ) PTO Shaft for Flail Mower EFS48 EFS60 ( SKU: 150134; 150134G; 150135; 150135G ),pto-shaft-for-flail-mower-efs48-efs60,MechMaxx,accessories,"01BBB, 150134, 150135, Accessories, PTO Shaft, SMS",2025-05-18T19:02:22-07:00,2025-05-08T02:01:18-07:00,2026-07-20T11:17:43-07:00,412016,129.99,,true,22680,https://cdn.shopify.com/s/files/1/0653/3470/6391/files/ptoshaft412015_1_2b49b7c7-1980-46e4-96b9-564722319532.jpg?v=1747619481
8907975393495,( 1 Pack / 1 Pcs ) PTO Shaft for Flail Mower NAM60 NAM68 NAM72 NAM72H ( SKU: 150137; 150138; 150139; 150142 ),pto-shaft-for-flail-mower-nam60-nam68-nam72,MechMaxx,accessories,"01BBB, 150137, 150138, 150139, Accessories, PTO Shaft, SMS",2025-05-18T19:02:22-07:00,2025-05-08T02:01:38-07:00,2026-07-20T11:17:43-07:00,412017,139.99,,true,22680,https://cdn.shopify.com/s/files/1/0653/3470/6391/files/ptoshaft412017_1.jpg?v=1747619550
8907975753943,( 1 Pack / 1 Pcs ) PTO Shaft for Flail Mower VAM48 VAM60 VAM65 ( SKU: 150143;150143G; 150144; 150144G; 150145 ),pto-shaft-for-flail-mower-vam48-vam60-vam65-vam72,MechMaxx,accessories,"01BBB, 150143, 150144, 150145, Accessories, PTO Shaft, SMS, Standard Ditch Bank Flail Mowers",2025-05-10T02:52:31-07:00,2025-05-08T02:01:52-07:00,2026-07-20T11:17:43-07:00,412018,179.99,,true,45359,https://cdn.shopify.com/s/files/1/0653/3470/6391/files/pto_shaft_412018_2.jpg?v=1747619667
9032036319447,( 1 Pack / 1 Pcs ) PTO Shaft for Flail Mower VAM72 ( SKU: 150201 ),1-pack-1-pcs-pto-shaft-for-flail-mower-vam72-sku-150201,MechMaxx,accessories,"150201, PTO Shaft, SMS",2025-12-03T18:30:27-08:00,2025-09-11T01:41:45-07:00,2026-07-20T11:17:43-07:00,412051,209.99,,true,22226,https://cdn.shopify.com/s/files/1/0653/3470/6391/files/412051-_1.webp?v=1764659290
9032035991767,( 1 Pack / 1 Pcs ) PTO Shaft for Flail Mower VBM78 VBM86 ( SKU: 150203; 150204 ),1-pack-1-pcs-pto-shaft-for-flail-mower-vbm78-vbm86-sku-150203-150204,MechMaxx,accessories,"150203, 150204, PTO Shaft, SMS",2025-12-03T18:30:27-08:00,2025-09-11T01:40:57-07:00,2026-07-20T11:17:43-07:00,412052,209.99,,true,26762,https://cdn.shopify.com/s/files/1/0653/3470/6391/files/412052-_1.webp?v=1764659404
8907976212695,( 1 Pack / 1 Pcs ) PTO Shaft for Potato Harvester PH19; Forestry Log Skidding Winch FW8800 ( SKU: 201001; 150210 ),pto-shaft-for-potato-harvester-ph19,MechMaxx,accessories,"01BBB, 150210, 201001, Accessories, PTO Shaft, SMS, Tractor Implements & Attachments part",2025-05-18T19:02:24-07:00,2025-05-08T02:02:13-07:00,2026-07-20T11:17:43-07:00,412019,119.99,,false,22680,https://cdn.shopify.com/s/files/1/0653/3470/6391/files/ptoshaft412019_1.jpg?v=1747619659
8907976900823,( 1 Pack / 1 Pcs ) PTO Shaft for Rotary Tiller RT400 RT450 RT500 RT600 ( SKU: 150190; 150191; 150192; 150193 ),pto-shaft-for-rotary-tiller-rt400-rt450-rt500-rt600,MechMaxx,accessories,"01BBB, 150190, 150191, 150192, 150193, Accessories, PTO Shaft, SMS",2025-05-18T19:02:24-07:00,2025-05-08T02:02:55-07:00,2026-07-20T11:17:43-07:00,412021,159.99,,true,22680,https://cdn.shopify.com/s/files/1/0653/3470/6391/files/ptoshaft412021_1.jpg?v=1747619944
8661927657687,( 1 Pack / 1 Pcs ) PTO Shaft for Stump Grinder SG24; SG24PRO ( SKU: 150151; 150151G;150182;150182G ),1-pack-1-pcs-pto-shaft-for-stump-grinder-sg24-sku-150151-150151g,MechMaxx,accessories,"01BBB, 150151, 150151G, AAA41, Accessories, PTO Shaft, SMS, Stump Grinder for Tractor, Tractor Implements & Attachments part",2025-04-23T23:13:54-07:00,2024-08-06T02:24:05-07:00,2026-07-20T11:17:43-07:00,410320,169.99,,true,20865,https://cdn.shopify.com/s/files/1/0653/3470/6391/files/sku410320.webp?v=1743650310
8969877782743,( 1 Pack / 1 Pcs ) PTO Shaft for Stump Grinder TSG61 ( SKU: 150152 ),1-pack-1-pcs-pto-shaft-for-stump-grinder-tsg61-sku-150152,MechMaxx,accessories,"01BBB, 150152, AAA41, Accessories, PTO Shaft, SMS, Stump Grinder for Tractor, Tractor Implements & Attachments, Tractor Implements & Attachments part",2025-07-11T00:43:27-07:00,2025-07-10T23:46:04-07:00,2026-07-20T11:17:43-07:00,410322,209.99,,true,20865,https://cdn.shopify.com/s/files/1/0653/3470/6391/files/TSG61ptoshaft--_2.jpg?v=1752218529
8907974541527,( 1 Pack / 1 Pcs ) PTO Shaft for Wood Chipper BX42S ( SKU: 150178 ),pto-shaft-for-wood-chipper-bx42s,MechMaxx,accessories,"01BBB, 150178, Accessories, PTO Shaft, SMS",2025-05-18T19:02:22-07:00,2025-05-08T02:01:01-07:00,2026-07-20T11:17:43-07:00,412015,139.99,,true,22680,https://cdn.shopify.com/s/files/1/0653/3470/6391/files/ptoshaft412015_1.jpg?v=1747619430
9217577353431,( 1 Pack / 1 Pcs ) PTO Wood Chipper Cover - Custom Fitted for WC68H ( SKU: 150180 ),412178,MechMaxx,accessories,"150180, cover, Spare Parts",2026-03-19T01:46:41-07:00,2026-03-19T01:38:26-07:00,2026-07-20T11:17:43-07:00,412178,79.99,89.99,true,2722,https://cdn.shopify.com/s/files/1/0653/3470/6391/files/412178.webp?v=1773909542
8201713844439,"( 1 Pack / 1 Pcs ) Pulley and Key for GS1500 ( SKU: 110200, 110200K, 110200Y )",pulley-of-wood-chipper-gs1500,MechMaxx,accessories,"01BBB, 110200, 5 in Wood Chipper Part, AAA40, Accessories, GS1500, pulley, SMS",2024-09-04T00:11:08-07:00,2023-11-23T23:59:27-08:00,2026-07-20T11:17:43-07:00,407601,59.99,,false,1814,https://cdn.shopify.com/s/files/1/0653/3470/6391/files/407601-_2.webp?v=1725006472
8201715253463,( 1 Pack / 1 Pcs ) Pulley and Key for GS650 ( SKU: 110100; 110101 ),pulley-of-wood-chipper-gs650-and-gx200,MechMaxx,accessories,"01BBB, 110100, 4 in Wood Chipper Part, AAA40, Accessories, pulley, SMS",2024-09-04T00:11:08-07:00,2023-11-24T00:01:56-08:00,2026-07-20T11:17:43-07:00,407701,52.99,,true,1814,https://cdn.shopify.com/s/files/1/0653/3470/6391/files/407701-_1.webp?v=1725006550
8201713058007,( 1 Pack / 1 Pcs ) Pulley and Key for P4205 ( SKU: 110601; 110602;110602Y ),pulley-of-wood-chipper-p4205,MechMaxx,accessories,"01BBB, 110601, 110602, 5 in Wood Chipper Part, AAA40, Accessories, P4205, pulley, SMS",2024-09-04T00:11:07-07:00,2023-11-23T23:58:08-08:00,2026-07-20T11:17:43-07:00,407501,59.99,,true,1814,https://cdn.shopify.com/s/files/1/0653/3470/6391/files/407501-_1.webp?v=1725006430
8201712304343,( 1 Pack / 1 Pcs ) Pulley and Key for P4206; B150 ( SKU: 110801; 110802; 110803; 110804; 110805 ),pulley-of-wood-chipper-p4206,MechMaxx,accessories,"01BBB, 110801, 110802, 110803, 110804, 110805, 6 in Wood Chipper Part, AAA40, Accessories, B150, P4206, pulley, SMS",2024-09-04T00:11:07-07:00,2023-11-23T23:57:03-08:00,2026-07-20T11:17:43-07:00,407401,62.99,,false,1814,https://cdn.shopify.com/s/files/1/0653/3470/6391/files/407401-_1.webp?v=1725006394
8201708699863,( 1 Pack / 1 Pcs ) Pulley and Key for SGR1500 ( SKU: 130200; 130300; 130400 ),1-pack-1-pcs-pulley-and-key-for-sgr1500-sku-130200-130300-130400,MechMaxx,accessories,"01BBB, 130200, AAA40, Accessories, pulley, SMS",2024-09-04T00:11:06-07:00,2023-11-23T23:52:05-08:00,2026-07-20T11:17:43-07:00,407301,59.99,,true,1814,https://cdn.shopify.com/s/files/1/0653/3470/6391/files/407301-_1.webp?v=1725006339
8201718726871,( 1 Pack / 1 Pcs ) Pulley and Key for TCR1500 ( SKU: 120200; 120201 ),1-pack-1-pcs-pulley-and-key-for-tcr1500-sku-120200-120201,MechMaxx,accessories,"01BBB, 120200, 120201, AAA40, Accessories, pulley, SMS",2024-09-04T00:11:09-07:00,2023-11-24T00:04:38-08:00,2026-07-20T11:17:43-07:00,408401,59.99,,true,1814,https://cdn.shopify.com/s/files/1/0653/3470/6391/files/407501-_4.webp?v=1725006430
9029396758743,( 1 Pack / 1 Pcs ) Pulley and Key for Wood Chipper B200 (SKU: 110810;110811),1-pack-1-pcs-pulley-and-key-for-wood-chipper-b200-sku-110810,MechMaxx,accessories,"01BBB, 110810, 8 in Wood Chipper Part, Accessories, pulley, SMS",2025-09-09T08:28:03-07:00,2025-09-09T08:24:06-07:00,2026-07-20T11:17:43-07:00,410787,79.99,,true,1814,https://cdn.shopify.com/s/files/1/0653/3470/6391/files/410787-1_d9c8a76e-23a0-4677-8ea1-13473b030c51.webp?v=1761009735
9032032649431,( 1 Pack / 1 Pcs ) Pulley and Key for Wood Chipper B200 (SKU: 110810;110811),1-pack-1-pcs-pulley-and-key-for-wood-chipper-b200,MechMaxx,accessories,"01BBB, 110810, 8 in Wood Chipper Part, Accessories, pulley, SMS",2026-05-06T19:09:01-07:00,2025-09-11T01:26:37-07:00,2026-07-20T11:17:43-07:00,410787N,89.99,,true,1814,https://cdn.shopify.com/s/files/1/0653/3470/6391/files/410787N-_2.webp?v=1758094033
9130776953047,( 1 Pack / 1 Pcs ) Pulley and Key for Wood Chipper PGS1500 (SKU: 110400),pulley-for-wood-chipper-pgs1500-sku-110400,MechMaxx,accessories,"01BBB, 110400, 5 in Wood Chipper Part, AAA40, Accessories, PGS1500, SMS",2026-01-06T23:24:01-08:00,2025-12-09T01:22:56-08:00,2026-07-20T11:17:43-07:00,412173,69.99,79.99,true,4082,https://cdn.shopify.com/s/files/1/0653/3470/6391/files/412173-2.webp?v=1765272193
9101573685463,( 1 Pack / 1 Pcs ) Rack for 34 Ton Kinetic Log Splitter (SKU: 150243),1-pack-1-pcs-rack-for-34-ton-kinetic-log-splitter-sku-150243,MechMaxx,accessories,"01BBB, 150243, Log Splitter part, SMS",2025-11-17T01:19:37-08:00,2025-11-08T01:49:51-08:00,2026-07-20T11:17:43-07:00,412139,169.99,219.99,true,11793,https://cdn.shopify.com/s/files/1/0653/3470/6391/files/412139.webp?v=1762596224
8805632671959,( 1 Pack / 1 Pcs ) Replacement Belt for Tracked Dumper D50HTFL (SKU: 100900),1-pack-1-pcs-belt-for-tracked-dumper-d50htfl-sku-100900,MechMaxx,accessories,"00Z, 01BBB, 0zs, 100900, Accessories, active, Belt, SMS",2025-01-09T08:33:24-08:00,2025-01-09T07:32:09-08:00,2026-07-20T11:17:43-07:00,461004,69.99,,true,91,https://cdn.shopify.com/s/files/1/0653/3470/6391/files/D50HTFL461004.webp?v=1761010693
8887453483223,"( 1 Pack / 1 Pcs ) Replacement Blade for 60"" Box Blade BB60 (SKU: 201019)",blade-for-60-box-blade,MechMaxx,accessories,"01BBB, 0zs, Accessories, Blade, Box Blades, Landscaping, SMS, Tractor Implements & Attachments",2025-05-06T18:00:48-07:00,2025-04-15T09:12:39-07:00,2026-07-20T11:17:43-07:00,461097,149.99,199.99,true,17010,https://cdn.shopify.com/s/files/1/0653/3470/6391/files/DSC05508.webp?v=1745770546
8887453679831,"( 1 Pack / 1 Pcs ) Replacement Blade for 72"" Box Blade BB72 (SKU: 201020)",blade-for-72-box-blade,MechMaxx,accessories,"01BBB, 0zs, 201020, Accessories, Blade, Box Blades, Landscaping, SMS, Tractor Implements & Attachments",2025-05-06T18:00:51-07:00,2025-04-15T09:13:03-07:00,2026-07-20T11:17:43-07:00,461098,199.99,249.99,true,21001,https://cdn.shopify.com/s/files/1/0653/3470/6391/files/DSC05503.webp?v=1745770563
8530617008343,( 1 Pack / 1 Pcs ) Replacement Blade for 72” Land Leveler LP72 (SKU: 201004),replacement-blade-for-72-land-leveler-lp72-sku-201004,MechMaxx,accessories,"00Z, 01BBB, 0zs, 201004, AAA20, Accessories, Land Leveler Spare Part, Land Planes, Landscaping, SMS, Tractor Implements & Attachments",2024-05-31T02:49:36-07:00,2024-05-26T23:10:34-07:00,2026-07-20T11:17:43-07:00,201009,199.99,249.00,true,20865,https://cdn.shopify.com/s/files/1/0653/3470/6391/files/bladeforlp72-_2.webp?v=1734700544
8887453810903,"( 1 Pack / 1 Pcs ) Replacement Blade for 84"" Box Blade BB84 (SKU: 201021)",blade-for-84-box-blade,MechMaxx,accessories,"01BBB, 0zs, 201021, Accessories, Blade, Box Blades, Landscaping, SMS, Tractor Implements & Attachments",2025-05-06T18:00:54-07:00,2025-04-15T09:13:26-07:00,2026-07-20T11:17:43-07:00,461099,249.99,299.99,true,23995,https://cdn.shopify.com/s/files/1/0653/3470/6391/files/DSC05498.webp?v=1745770572
8530625790167,( 1 Pack / 1 Pcs ) Replacement Blade for 84” Land Leveler LP84 (SKU: 201005),1-pack-1-pcs-replacement-blade-for-84-land-leveler-lp84-sku-201005,MechMaxx,accessories,"00Z, 01BBB, 0zs, 201005, AAA20, Accessories, Land Leveler Spare Part, Land Planes, Landscaping, SMS, Tractor Implements & Attachments",2024-05-31T02:51:14-07:00,2024-05-26T23:22:42-07:00,2026-07-20T11:17:43-07:00,201010,249.99,299.00,true,24040,https://cdn.shopify.com/s/files/1/0653/3470/6391/files/bladeforlp84-_2.webp?v=1734700608
9120477446359,"( 1 Pack / 1 Pcs ) Replacement Blade for 96"" Box Blade (for SKU: 201045)",replacement-blade-for-96-box-blade,MechMaxx,accessories,"01BBB, 0zs, 201045, Landscaping part, Tractor Implements & Attachments part",2025-12-23T20:03:57-08:00,2025-11-28T01:37:52-08:00,2026-07-20T11:17:43-07:00,461154,299.99,349.99,true,33022,https://cdn.shopify.com/s/files/1/0653/3470/6391/files/Box_Blade.webp?v=1765348294
9120477184215,"( 1 Pack / 1 Pcs ) Replacement Blade for 96"" Land Plane (for SKU: 201044)",quick-connector-between-heating-coil-and-2-hose,MechMaxx,accessories,"01BBB, 0zs, 201044, Landscaping part, Tractor Implements & Attachments part",2025-12-23T20:03:57-08:00,2025-11-28T01:37:36-08:00,2026-07-20T11:17:43-07:00,461153,299.99,349.99,true,33022,https://cdn.shopify.com/s/files/1/0653/3470/6391/files/Land_Plane_Blade.webp?v=1765348340
8530987974871,( 1 Pack / 1 Pcs ) Replacement Blade for Potato Harvester PH19 (SKU: 201001),1-pack-1-pcs-replacement-blade-for-potato-harvester-ph19-sku-201001,MechMaxx,accessories,"00Z, 01BBB, 0ZS, 201001, AAA20, Accessories, Potato Harvester Spare Part, SMS, Tractor Implements & Attachments part",2024-06-06T03:40:38-07:00,2024-05-27T01:06:56-07:00,2026-07-20T11:17:43-07:00,201002,79.99,129.00,true,1814,https://cdn.shopify.com/s/files/1/0653/3470/6391/files/bladeforph19-_3.webp?v=1717550561
8805645320407,( 1 Pack / 1 Pcs ) Replacement Brake Cable for Tracked Dumper D50HTFL (SKU: 100900),1-pack-1-pcs-brake-cable-for-tracked-dumper-d50htfl-sku-100900,MechMaxx,accessories,"00Z, 01BBB, 0zs, 100900, Accessories, active, other spare part, SMS",2025-01-12T17:17:05-08:00,2025-01-09T07:55:09-08:00,2026-07-20T11:17:43-07:00,461010,44.99,,true,91,https://cdn.shopify.com/s/files/1/0653/3470/6391/files/DSC08289.webp?v=1736731021
8805648564439,( 1 Pack / 1 Pcs ) Replacement Hydraulic Oil Filter for Tracked Dumper D50HTFL (SKU: 100900),1-pack-1-pcs-hydraulic-oil-filter-for-tracked-dumper-d50htfl-sku-100900,MechMaxx,accessories,"00Z, 01BBB, 0zs, 100900, Accessories, active, filter, other spare part, SMS",2025-01-12T17:17:54-08:00,2025-01-09T07:59:44-08:00,2026-07-20T11:17:43-07:00,461012,49.99,,true,181,https://cdn.shopify.com/s/files/1/0653/3470/6391/files/DSC08351.webp?v=1736731070
8534720217303,( 1 Pack / 1 Pcs ) Replacement Linkage for Potato Harvester PH19 (SKU: 201001),replacement-linkage-for-potato-harvester-ph19-sku-201001,MechMaxx,accessories,"00Z, 01BBB, 0ZS, 201001, AAA20, Accessories, Potato Harvester Spare Part, SMS, Tractor Implements & Attachments part",2024-06-06T03:41:14-07:00,2024-05-28T01:14:04-07:00,2026-07-20T11:17:43-07:00,201003,199.99,349.00,true,4536,https://cdn.shopify.com/s/files/1/0653/3470/6391/files/linkageforph19-_1_08cf558f-5364-4ed4-b604-07cdca7f7f68.webp?v=1717495291
9122415706327,"( 1 Pack / 1 Pcs ) Reset Button (for SKU: 204002, 204003, 204004, 204006, 204007, 204008, 204010, 204011, 204012)",reset-button,MechMaxx,accessories,"0zs, Janitorial & Cleaning, Portable Pressure Washers, Pressure Washers, Skid Mounted Pressure Washers, Spare Parts",2026-03-10T19:18:02-07:00,2025-11-30T23:54:20-08:00,2026-07-20T11:17:43-07:00,464027,44.99,64.99,true,91,https://cdn.shopify.com/s/files/1/0653/3470/6391/files/464027_1.webp?v=1773119931
9030923813079,"( 1 Pack / 1 Pcs ) Right Stabilizer Leg Cylinder Inlet Hose (for SKU: 150162, 201163, 201164)",hydraulic-hose-bho-128,MechMaxx,accessories,"0zs, 150162, PTO Backhoes part, SMS, Tractor Implements & Attachments part",2026-02-04T23:46:04-08:00,2025-09-10T00:13:26-07:00,2026-07-20T11:17:43-07:00,461071,79.99,99.99,true,816,https://cdn.shopify.com/s/files/1/0653/3470/6391/files/461071.webp?v=1769150516
9314831925463,"( 1 Pack / 1 Pcs ) Right Stabilizer Leg Cylinder Inlet Hose (for SKU: 201162, 150163, 150164)",461151-right-stabilizer-leg-cylinder-inlet-hose,MechMaxx,accessories,"0zs, 150163, 150164, 201162, PTO Backhoes part, Tractor Implements & Attachments part",2026-07-11T03:10:09-07:00,2026-07-01T20:17:07-07:00,2026-07-20T11:17:43-07:00,461151,79.99,99.99,true,907,https://cdn.shopify.com/s/files/1/0653/3470/6391/files/461071.webp?v=1769150516
9030923878615,"( 1 Pack / 1 Pcs ) Right Stabilizer Leg Cylinder Return Hose (for SKU: 150162, 201163, 201164)",hydraulic-hose-bho-129,MechMaxx,accessories,"0zs, 150162, PTO Backhoes part, SMS, Tractor Implements & Attachments part",2026-02-04T23:46:04-08:00,2025-09-10T00:13:49-07:00,2026-07-20T11:17:43-07:00,461072,79.99,99.99,true,816,https://cdn.shopify.com/s/files/1/0653/3470/6391/files/461072.webp?v=1769148409
9314831958231,"( 1 Pack / 1 Pcs ) Right Stabilizer Leg Cylinder Return Hose (for SKU: 201162, 150163, 150164)",461152-right-stabilizer-leg-cylinder-return-hose,MechMaxx,accessories,"0zs, 150163, 150164, 201162, PTO Backhoes part, Tractor Implements & Attachments part",2026-07-11T03:10:09-07:00,2026-07-01T20:17:25-07:00,2026-07-20T11:17:43-07:00,461152,79.99,99.99,true,907,https://cdn.shopify.com/s/files/1/0653/3470/6391/files/461072.webp?v=1769148409
9084579578071,( 1 Pack / 1 Pcs ) Rubber Conveyor Belt for Heavy Duty Conveyor HC2320 (SKU: 150302),1-pack-1-pcs-rubber-conveyor-belt-for-heavy-duty-conveyor-hc2320-sku-150302,MechMaxx,machine,"01BBB, 150302, other spare part, SMS",2025-10-30T02:57:39-07:00,2025-10-30T01:25:10-07:00,2026-07-20T11:17:43-07:00,412151,899.99,,true,112945,https://cdn.shopify.com/s/files/1/0653/3470/6391/files/412151-_1.webp?v=1761812889
8201662005463,( 1 Pack / 1 Pcs ) Rubber of Stump Grinder SGR1500 and SG380 (SKU: 130200; 130300; 130400）,rubber-of-stump-grinder,MechMaxx,accessories,"01BBB, 130200, 130300, 130400, AAA40, Accessories, Gas Stump Grinder, other spare part, SMS",2024-01-03T01:11:46-08:00,2023-11-23T22:40:57-08:00,2026-07-20T11:17:43-07:00,407101,59.99,,true,2268,https://cdn.shopify.com/s/files/1/0653/3470/6391/files/RubberofStumpGrinderSGR1500-1.webp?v=1704248493
9035899994327,"( 1 Pack / 1 Pcs ) Rubber Tracks for Mini Compact Excavator MEC17,MEC17PRO (SKU: 150533, 150534）",1-pack-1-pcs-rubber-tracks-for-mini-compact-excavator-mec17-sku-150533-150534,MechMaxx,accessories,"01BBB, 1.7ton, 150533, 150534, 412068, _ClogA11, Mini Excavator Spare Parts, Rubber Tracks, SMS",2025-11-06T02:54:14-08:00,2025-09-16T01:06:12-07:00,2026-07-20T11:17:43-07:00,412068,899.99,1169.99,true,72121,https://cdn.shopify.com/s/files/1/0653/3470/6391/files/412068-_4_4ff20eff-a0f2-4e40-8068-a5c11a852ed2.webp?v=1762419775
9032039268567,"( 1 Pack / 1 Pcs ) Rubber Tracks for Mini Skid Steer STL1000, ( SKU: 101000 )",1-pack-1-pcs-rubber-tracks-for-mini-skid-steer-stl1000-sku-101000,MechMaxx,accessories,"01BBB, 101000, ACCESSORIES, Rubber Tracks, SMS",2025-11-14T02:02:27-08:00,2025-09-11T01:51:15-07:00,2026-07-20T11:17:43-07:00,410514,469.99,489.99,true,53977,https://cdn.shopify.com/s/files/1/0653/3470/6391/files/410514.webp?v=1763107102
8871961886935,"( 1 Pack / 1 Pcs ) Sawmill Cover - Custom Fitted for 18"" Portable Sawmill, SM-18 ( SKU: 150165 )",1-pack-1-pcs-sawmill-cover-custom-fitted-for-18-portable-sawmill-sm-18-sku-150165,MechMaxx,accessories,"01BBB, 150165, AAA41, Accessories, cover, cover5 sawmill, sawmill, Sawmill accessories, SMS",2025-04-05T16:04:35-07:00,2025-03-24T18:23:17-07:00,2026-07-20T11:17:43-07:00,410421,59.99,69.99,true,1814,https://cdn.shopify.com/s/files/1/0653/3470/6391/files/410404SM22.webp?v=1725005255
8687695855831,"( 1 Pack / 1 Pcs ) Sawmill Cover - Custom Fitted for 22"" Portable Sawmill, SM-22 ( SKU: 150169; 150169K4; 150320 )",1-pack-1-pcs-sawmill-cover-custom-fitted-sku-150169,MechMaxx,accessories,"01BBB, 150169, AAA41, Accessories, cover, cover5 sawmill, sawmill, Sawmill accessories, SMS",2024-08-30T01:07:46-07:00,2024-08-30T00:56:54-07:00,2026-07-20T11:17:43-07:00,410404,72.99,,true,1814,https://cdn.shopify.com/s/files/1/0653/3470/6391/files/410404SM22.webp?v=1725005255
8768427294935,"( 1 Pack / 1 Pcs ) Sawmill Cover - Custom Fitted for 36"" MAX Portable Sawmill, SM-36MAX; SM-36HMAX (150168MAX; 150168HMAX; 150268)",1-pack-1-pcs-sawmill-cover-custom-fitted-for-36-max-portable-sawmill-sm-36max-150168max,MechMaxx,accessories,"01BBB, AAA41, Accessories, active, cover, cover5 sawmill, sawmill, Sawmill accessories, SMS",2024-11-21T23:44:00-08:00,2024-11-21T23:37:58-08:00,2026-07-20T11:17:43-07:00,410413,89.99,,true,1814,https://cdn.shopify.com/s/files/1/0653/3470/6391/files/410403SM36.webp?v=1724842015
8685603684567,"( 1 Pack / 1 Pcs ) Sawmill Cover - Custom Fitted for 36"" Portable Sawmill, SM-36 (150168; 150168H)",1-pack-1-pcs-sawmill-cover-custom-fitted-150168-150168h,MechMaxx,accessories,"01BBB, AAA41, cover, SMS",2025-09-09T09:49:56-07:00,2024-08-28T03:23:17-07:00,2026-07-20T11:17:43-07:00,410403,89.99,,true,1814,https://cdn.shopify.com/s/files/1/0653/3470/6391/files/410403SM36.webp?v=1724842015
8641642234071,"( 1 Pack / 1 Pcs ) Sawmill Cover - Custom Fitted for Portable Sawmill, SM-26; SM-32 (150166; 150166D6; 150167; 150167K4; 150167D6; 150167K6; 150167H6)",1-pack-1-pcs-sawmill-cover-custom-fitted-150166-150166d6-150167-150167k4-150167d6-150167k6,MechMaxx,accessories,"01BBB, 32 inch Sawmill, AAA41, Accessories, cover, cover5 sawmill, sawmill, Sawmill accessories, SMS",2024-07-19T02:59:11-07:00,2024-07-19T02:59:11-07:00,2026-07-20T11:17:43-07:00,410402,79.99,,true,1814,https://cdn.shopify.com/s/files/1/0653/3470/6391/files/410402coverforsawmill.webp?v=1721383134
8929060913367,( 1 Pack / 1 Pcs ) Secondary Dehumidifier for Black Dry Cabinet 320L 540L 730L 880L 1430L,secondary-dehumidifier-for-dry-cabinet,MechMaxx,accessories,"0zs, 1-10% Dry Cabinets part, 20-60% Dry Cabinets part, Dry Cabinets part, Laboratory Equipment & Supplies part",2026-01-14T22:07:11-08:00,2025-06-09T20:03:19-07:00,2026-07-20T11:17:43-07:00,463002,249.99,289.99,true,2994,https://cdn.shopify.com/s/files/1/0653/3470/6391/files/463002-1.webp?v=1776146811
9120479969495,( 1 Pack / 1 Pcs ) Secondary Dehumidifier for White Dry Cabinet 320L 540L 730L 880L 1430L,1-pack-1-pcs-secondary-dehumidifier-for-dry-cabinet-white,MechMaxx,accessories,"0zs, 1-10% Dry Cabinets part, 20-60% Dry Cabinets part, Dry Cabinets part, Laboratory Equipment & Supplies part",2026-01-14T22:07:10-08:00,2025-11-28T01:40:26-08:00,2026-07-20T11:17:43-07:00,463002W,249.99,289.99,true,2994,https://cdn.shopify.com/s/files/1/0653/3470/6391/files/463002w-1.webp?v=1776146808
9016220549335,"( 1 Pack / 1 Pcs ) Shelf with 5 Pcs Clips, 1430L Cabinet, Black (for SKU:203004, 203008, 203009)",1-pc-shelf-1430l-cabinet-black,MechMaxx,accessories,"01BBB, 0zs, 203004, 203008, 203009, Dry Cabinets part, Laboratory Equipment & Supplies part, SMS",2025-11-26T23:41:38-08:00,2025-08-21T09:16:47-07:00,2026-07-20T11:17:43-07:00,463008,199.99,219.99,false,8618,https://cdn.shopify.com/s/files/1/0653/3470/6391/files/Shelf_Cabinet_1430_13.webp?v=1764568284
9016221466839,"( 1 Pack / 1 Pcs ) Shelf with 5 Pcs Clips, 1430L Cabinet, Stainless Steel (for SKU:203009SS)",1-pc-shelf-1430l-cabinet-stainless-steel,MechMaxx,accessories,"0zs, 203009SS, Dry Cabinets part, SMS",2025-11-26T23:44:45-08:00,2025-08-21T09:19:08-07:00,2026-07-20T11:17:43-07:00,463008SS,249.99,289.99,true,9072,https://cdn.shopify.com/s/files/1/0653/3470/6391/files/Shelf_Cabinet_1430_8_7088b6a6-49a5-4951-b5b8-7b808df9da44.webp?v=1764568176
9016221434071,"( 1 Pack / 1 Pcs ) Shelf with 5 Pcs Clips, 1430L Cabinet, White (for SKU:203004W, 203008W, 203009W)",1-pc-shelf-1430l-cabinet-white,MechMaxx,accessories,"0zs, 203004W, 203008W, 203009W, Dry Cabinets part, SMS",2025-11-26T23:44:45-08:00,2025-08-21T09:18:44-07:00,2026-07-20T11:17:43-07:00,463008W,199.99,219.99,true,8618,https://cdn.shopify.com/s/files/1/0653/3470/6391/files/Shelf_Cabinet_1430_3_cbfe338d-6074-466e-bd6a-cf72f553c06b.webp?v=1764568250
9016219566295,"( 1 Pack / 1 Pcs ) Shelf with 5 Pcs Clips, 210L Cabinet, Black (for SKU:203012, 203013)",1-pc-shelf-210l-cabinet-black,MechMaxx,accessories,"01BBB, 0zs, 203012, 203013, Dry Cabinets part, Laboratory Equipment & Supplies part, SMS",2025-11-26T23:41:39-08:00,2025-08-21T09:12:22-07:00,2026-07-20T11:17:43-07:00,463004,109.99,129.99,true,5897,https://cdn.shopify.com/s/files/1/0653/3470/6391/files/Shelf_Cabinet_210_8.webp?v=1764568651
9016220713175,"( 1 Pack / 1 Pcs ) Shelf with 5 Pcs Clips, 210L Cabinet, White (for SKU:203012W, 203013W)",1-pc-shelf-210l-cabinet-white,MechMaxx,accessories,"0zs, 203012W, 203013W, Dry Cabinets part, SMS",2025-11-26T23:44:47-08:00,2025-08-21T09:17:13-07:00,2026-07-20T11:17:43-07:00,463004W,109.99,129.99,true,5897,https://cdn.shopify.com/s/files/1/0653/3470/6391/files/Shelf_Cabinet_210_3_4b7a1c45-0aa4-43d0-b97a-7cab2d29e1bb.webp?v=1764568619
9016219926743,"( 1 Pack / 1 Pcs ) Shelf with 5 Pcs Clips, 320L Cabinet, Black (for SKU: 203001, 203005)",1-pc-shelf-320l-cabinet-black,MechMaxx,accessories,"01BBB, 0zs, 203001, 203005, Dry Cabinets part, Laboratory Equipment & Supplies part, SMS",2025-11-26T23:41:38-08:00,2025-08-21T09:13:07-07:00,2026-07-20T11:17:43-07:00,463005,119.99,139.99,true,5443,https://cdn.shopify.com/s/files/1/0653/3470/6391/files/Shelf_Cabinet_320_10.webp?v=1764568580
9016220909783,"( 1 Pack / 1 Pcs ) Shelf with 5 Pcs Clips, 320L Cabinet, White (for SKU: 203001W, 203005W)",1-pc-shelf-320l-cabinet-white,MechMaxx,accessories,"0zs, 203001W, 203005W, Dry Cabinets part, SMS",2025-11-26T23:44:47-08:00,2025-08-21T09:17:37-07:00,2026-07-20T11:17:43-07:00,463005W,119.99,139.99,true,5443,https://cdn.shopify.com/s/files/1/0653/3470/6391/files/Shelf_Cabinet_320_4_9704d7c3-7c46-42d2-84e9-26adf2c90c5b.webp?v=1764568533
9016220287191,"( 1 Pack / 1 Pcs ) Shelf with 5 Pcs Clips, 540/730L Cabinet, Black (for SKU:203002, 203010, 203006, 203011)",1-pc-shelf-540-730l-cabinet-black,MechMaxx,accessories,"01BBB, 0zs, 203002, 203006, 203010, 203011, Dry Cabinets part, Laboratory Equipment & Supplies part, SMS",2025-11-27T02:54:51-08:00,2025-08-21T09:15:56-07:00,2026-07-20T11:17:43-07:00,463006,119.99,139.99,true,5443,https://cdn.shopify.com/s/files/1/0653/3470/6391/files/Shelf_Cabinet_540_730_10.webp?v=1764568474
9016221008087,"( 1 Pack / 1 Pcs ) Shelf with 5 Pcs Clips, 540/730L Cabinet, White (for SKU:203002W, 203010W, 203006W, 203011W)",1-pc-shelf-540-730l-cabinet-white,MechMaxx,accessories,"0zs, 203002W, 203006W, 203010W, 203011W, Dry Cabinets part, SMS",2025-11-26T23:44:45-08:00,2025-08-21T09:17:59-07:00,2026-07-20T11:17:43-07:00,463006W,119.99,139.99,true,5443,https://cdn.shopify.com/s/files/1/0653/3470/6391/files/Shelf_Cabinet_540_730_7.webp?v=1764568446
9016220483799,"( 1 Pack / 1 Pcs ) Shelf with 5 Pcs Clips, 880L Cabinet, Black (for SKU:203003, 203007)",1-pc-shelf-880l-cabinet-black,MechMaxx,accessories,"01BBB, 0zs, 203003, 203007, Dry Cabinets part, Laboratory Equipment & Supplies part, SMS",2025-11-26T23:41:38-08:00,2025-08-21T09:16:22-07:00,2026-07-20T11:17:43-07:00,463007,149.99,179.99,true,6804,https://cdn.shopify.com/s/files/1/0653/3470/6391/files/Shelf_Cabinet_880_6_db43ec5b-fc74-4eaf-a294-c9bcf7fcef6a.webp?v=1764568849
9016221270231,"( 1 Pack / 1 Pcs ) Shelf with 5 Pcs Clips, 880L Cabinet, White (for SKU:203003W, 203007W)",1-pc-shelf-880l-cabinet-white,MechMaxx,accessories,"0zs, 203003W, 203007W, Dry Cabinets part, SMS",2025-11-26T23:44:45-08:00,2025-08-21T09:18:21-07:00,2026-07-20T11:17:43-07:00,463007W,149.99,179.99,true,6804,https://cdn.shopify.com/s/files/1/0653/3470/6391/files/Shelf_Cabinet_880_3_bf4b293e-a803-4c61-bc8b-256053ee3004.webp?v=1764568333
8230675415255,( 1 Pack / 1 Pcs ) Snow Shovel for Mini Dumper T30 (SKU 100200）,snow-shovel-of-mini-dumper-t30-sku-100200,MechMaxx,accessories,SMS,2024-01-17T17:27:51-08:00,2024-01-04T19:21:23-08:00,2026-07-20T11:17:43-07:00,409701,450.99,,true,9979,https://cdn.shopify.com/s/files/1/0653/3470/6391/files/409701-1.webp?v=1705391553
9030924468439,"( 1 Pack / 1 Pcs ) Stabilizer Leg Cylinder for Backhoe (for SKU: 150162, 150163, 150164, 201162, 201163, 201164)",hydraulic-cylinder-bho-133,MechMaxx,accessories,"01BBB, 0zs, 150162, 150163, 150164, PTO Backhoes part, SMS, Tractor Implements & Attachments part",2025-11-27T23:23:52-08:00,2025-09-10T00:17:29-07:00,2026-07-20T11:17:43-07:00,461080,199.99,219.99,true,6532,https://cdn.shopify.com/s/files/1/0653/3470/6391/files/Stabilizer_Leg_Cylinder.jpg?v=1764308674
9030924435671,"( 1 Pack / 1 Pcs ) Swing Cylinder for Backhoe (for SKU: 150162, 150163, 150164, 201162, 201163, 201164)",hydraulic-cylinder-bho-132,MechMaxx,accessories,"01BBB, 0zs, 150162, 150163, 150164, PTO Backhoes part, SMS, Tractor Implements & Attachments part",2025-11-27T23:23:23-08:00,2025-09-10T00:16:52-07:00,2026-07-20T11:17:43-07:00,461079,159.99,179.99,true,6441,https://cdn.shopify.com/s/files/1/0653/3470/6391/files/Swing_Cylinder.jpg?v=1764308674
9030918439127,"( 1 Pack / 1 Pcs ) Swing Cylinder Inlet Hose (for SKU: 150162, 150163, 150164, 201162, 201163, 201164)",hydraulic-hose-bho-122,MechMaxx,accessories,"0zs, 150162, PTO Backhoes part, SMS, Tractor Implements & Attachments part",2026-02-04T23:43:08-08:00,2025-09-10T00:03:17-07:00,2026-07-20T11:17:43-07:00,461056,79.99,99.99,true,862,https://cdn.shopify.com/s/files/1/0653/3470/6391/files/461056.webp?v=1769150514
9030918504663,"( 1 Pack / 1 Pcs ) Swing Cylinder Return Hose (for SKU: 150162, 150163, 150164, 201162, 201163, 201164)",hydraulic-hose-bho-123,MechMaxx,accessories,"0zs, 150162, PTO Backhoes part, SMS, Tractor Implements & Attachments part",2026-02-04T23:43:08-08:00,2025-09-10T00:03:51-07:00,2026-07-20T11:17:43-07:00,461057,79.99,99.99,true,862,https://cdn.shopify.com/s/files/1/0653/3470/6391/files/461057.webp?v=1769150514
9030918602967,"( 1 Pack / 1 Pcs ) Swing Cylinder Reversing Hose (for SKU: 150162, 150163, 150164, 201162, 201163, 201164)",hydraulic-hose-bho-125,MechMaxx,accessories,"0zs, 150162, PTO Backhoes part, SMS, Tractor Implements & Attachments part",2026-02-04T23:43:08-08:00,2025-09-10T00:04:17-07:00,2026-07-20T11:17:43-07:00,461058,79.99,99.99,true,590,https://cdn.shopify.com/s/files/1/0653/3470/6391/files/461058.webp?v=1769150514
9032032321751,( 1 Pack / 1 Pcs ) Taper Lock Pulley and Key for Wood Chipper P4206; B150 ( SKU: 110801; 110802; 110803; 110804; 110805 ),1-pack-1-pcs-pulley-and-key-for-wood-chipper-p4206-b150-sku-110801-110802-110803-110804-110805,MechMaxx,accessories,"01BBB, 110801, 110802, 110803, 110804, 110805, 6 in Wood Chipper Part, AAA40, Accessories, B150, P4206, pulley, SMS",2025-10-09T03:56:30-07:00,2025-09-11T01:24:42-07:00,2026-07-20T11:17:43-07:00,407401N,69.99,,true,1814,https://cdn.shopify.com/s/files/1/0653/3470/6391/files/407401N-_1.webp?v=1758093688
9030925680855,"( 1 Pack / 1 Pcs ) Thumb Cylinder for Backhoe (for SKU: 150163, 150164, 201162)",hydraulic-cylinder-bho-137,MechMaxx,accessories,"01BBB, 0zs, 150163, 150164, PTO Backhoes part, SMS, Tractor Implements & Attachments part",2025-11-27T23:23:55-08:00,2025-09-10T00:22:09-07:00,2026-07-20T11:17:43-07:00,461090,199.99,219.99,true,6849,https://cdn.shopify.com/s/files/1/0653/3470/6391/files/Thumb_Cylinder.webp?v=1764308674
9030923944151,( 1 Pack / 1 Pcs ) Thumb Cylinder Inlet Hose (for SKU: 150162),hydraulic-hose-bho66-130,MechMaxx,accessories,"0zs, 150162, PTO Backhoes part, Tractor Implements & Attachments part",2026-07-11T03:21:10-07:00,2025-09-10T00:14:13-07:00,2026-07-20T11:17:43-07:00,461073,99.99,119.99,true,1588,https://cdn.shopify.com/s/files/1/0653/3470/6391/files/461075_77.webp?v=1769148409
9030924206295,( 1 Pack / 1 Pcs ) Thumb Cylinder Inlet Hose (for SKU: 150163),hydraulic-hose-bho76-130,MechMaxx,accessories,"0zs, 150162, PTO Backhoes part, SMS, Tractor Implements & Attachments part",2026-02-04T23:46:02-08:00,2025-09-10T00:15:01-07:00,2026-07-20T11:17:43-07:00,461075,99.99,119.99,true,1633,https://cdn.shopify.com/s/files/1/0653/3470/6391/files/461075_77.webp?v=1769148409
9030924271831,( 1 Pack / 1 Pcs ) Thumb Cylinder Inlet Hose (for SKU: 150164),hydraulic-hose-bho86-130,MechMaxx,accessories,"0zs, 150164, PTO Backhoes part, SMS, Tractor Implements & Attachments part",2026-02-04T23:46:02-08:00,2025-09-10T00:15:49-07:00,2026-07-20T11:17:43-07:00,461077,99.99,119.99,true,1678,https://cdn.shopify.com/s/files/1/0653/3470/6391/files/461075_77.webp?v=1769148409
9030924140759,( 1 Pack / 1 Pcs ) Thumb Cylinder Return Hose (for SKU: 150162),hydraulic-hose-bho66-131,MechMaxx,accessories,"0zs, 150162, PTO Backhoes part, Tractor Implements & Attachments part",2026-07-11T03:21:10-07:00,2025-09-10T00:14:37-07:00,2026-07-20T11:17:43-07:00,461074,99.99,119.99,true,1588,https://cdn.shopify.com/s/files/1/0653/3470/6391/files/461076_78.webp?v=1769148409
9030924239063,( 1 Pack / 1 Pcs ) Thumb Cylinder Return Hose (for SKU: 150163),hydraulic-hose-bho76-131,MechMaxx,accessories,"0zs, 150162, PTO Backhoes part, SMS, Tractor Implements & Attachments part",2026-02-04T23:46:02-08:00,2025-09-10T00:15:23-07:00,2026-07-20T11:17:43-07:00,461076,99.99,99.99,true,1633,https://cdn.shopify.com/s/files/1/0653/3470/6391/files/461076_78.webp?v=1769148409
9030924402903,( 1 Pack / 1 Pcs ) Thumb Cylinder Return Hose (for SKU: 150164),hydraulic-hose-bho86-131,MechMaxx,accessories,"0zs, 150164, PTO Backhoes part, SMS, Tractor Implements & Attachments part",2026-02-04T23:46:02-08:00,2025-09-10T00:16:35-07:00,2026-07-20T11:17:43-07:00,461078,99.99,119.99,true,1678,https://cdn.shopify.com/s/files/1/0653/3470/6391/files/461076_78.webp?v=1769148409
9120467288279,( 1 Pack / 1 Pcs ) Tilt Back Cylinder (for SKU: 200006 200028),tilt-back-cylinder-1,MechMaxx,accessories,"0zs, Automotive Equipments & Tools, Spare Parts, Tire Changer Accessories & Parts, Tire Changers",2026-03-06T23:43:43-08:00,2025-11-28T00:57:26-08:00,2026-07-20T11:17:43-07:00,460061,79.99,99.99,false,2313,https://cdn.shopify.com/s/files/1/0653/3470/6391/files/460061_2.webp?v=1770365237
8687701393623,( 1 Pack / 1 Pcs ) Tire Bowden Cable for SGR1500 ( SKU: 130200; 130300; 130400 ),bowden-cable-for-stump-grinder,MechMaxx,accessories,"01BBB, 130200, AAA40, Accessories, Gas Stump Grinder, other spare part, SMS",2024-08-30T03:30:59-07:00,2024-08-30T01:17:20-07:00,2026-07-20T11:17:43-07:00,404005,49.99,,true,1361,https://cdn.shopify.com/s/files/1/0653/3470/6391/files/404005.webp?v=1745569246
9120468631767,( 1 Pack / 1 Pcs ) Tire Changer Motor (for SKU: 200001 200002 200027 200005 200006 200028),tire-changer-motor-1,MechMaxx,accessories,"0zs, Automotive Equipments & Tools, Spare Parts, Tire Changer Accessories & Parts, Tire Changers",2026-03-07T00:07:32-08:00,2025-11-28T01:03:33-08:00,2026-07-20T11:17:43-07:00,460068,199.99,239.99,true,14197,https://cdn.shopify.com/s/files/1/0653/3470/6391/files/460068_5.webp?v=1773070264
8380432318679,"( 1 Pack / 1 Pcs ) Track Extension for 18"" Portable Sawmill, SM-18 (SKU: 150165）",track-extension-for-18-portable-sawmill-sm-18-sku-150165,MechMaxx,accessories,"01BBB, 150165, AAA41, Accessories, extended guide rail, Sawmill accessories, SMS, Track Extension",2025-01-12T18:33:53-08:00,2024-04-10T20:26:38-07:00,2026-07-20T11:17:43-07:00,410206,259.99,,true,31071,https://cdn.shopify.com/s/files/1/0653/3470/6391/files/SKU410206_1_237b9c8f-9da5-425e-ab6d-008a169e4770.webp?v=1769157285
8641525907671,"( 1 Pack / 1 Pcs ) Track Extension for 22"" Portable Sawmill, SM-22 (SKU: 150169; 150169K4; 150320）",1-pack-1-pcs-track-extension-for-22-portable-sawmill-sm-22-sku-150169,MechMaxx,accessories,"01BBB, 150169, AAA41, Accessories, extended guide rail, Sawmill accessories, SMS, Track Extension",2024-07-19T02:17:01-07:00,2024-07-19T02:10:52-07:00,2026-07-20T11:17:43-07:00,410211,289.99,,true,44906,https://cdn.shopify.com/s/files/1/0653/3470/6391/files/SKU410211_1.webp?v=1768990384
8244711981271,"( 1 Pack / 1 Pcs ) Track Extension for 26"" Portable Sawmill, SM-26 (SKU: 150166）",extended-guide-rail-of-sawmill-26,MechMaxx,accessories,"01BBB, AAA41, Accessories, extended guide rail, Sawmill accessories, SMS, Track Extension",2024-01-19T21:35:33-08:00,2024-01-16T00:45:54-08:00,2026-07-20T11:17:43-07:00,410201,359.99,,true,56245,https://cdn.shopify.com/s/files/1/0653/3470/6391/files/SKU410201_1.webp?v=1768990424
8244719157463,"( 1 Pack / 1 Pcs ) Track Extension for 32"" Portable Sawmill, SM-32 (150167; 150167K4; 150167D6; 150167K6; 150167H6)",extended-guide-rail-of-sawmill-32,MechMaxx,accessories,"01BBB, 32 inch Sawmill, AAA41, Accessories, extended guide rail, Sawmill accessories, SMS, Track Extension",2024-01-19T21:31:44-08:00,2024-01-16T00:47:22-08:00,2026-07-20T11:17:43-07:00,410202,419.99,,true,56245,https://cdn.shopify.com/s/files/1/0653/3470/6391/files/SKU410202_c25abc70-82d6-4d61-8b00-57e4c130941c.webp?v=1768990363
8641533018327,"( 1 Pack / 1 Pcs ) Track Extension for 36"" Portable Sawmill, SM-36 (SKU: 150168）",1-pack-1-pcs-track-extension-for-36-portable-sawmill-sm-36-sku-150168,MechMaxx,accessories,"01BBB, AAA41, SMS",2024-07-19T02:16:46-07:00,2024-07-19T02:13:44-07:00,2026-07-20T11:17:43-07:00,410205,399.99,659.99,true,67132,https://cdn.shopify.com/s/files/1/0653/3470/6391/files/410205TrackExtensionSM36.webp?v=1740548812
8759569350871,"( 1 Pack / 1 Pcs ) Track Extension for 36""MAX Portable Sawmill, SM-36MAX, SM-36HMAX (SKU: 150168MAX, 150168HMAX, 150268）",1-pack-1-pcs-track-extension-for-36-portable-sawmill-sm-36max-sku-150168max,MechMaxx,accessories,"01BBB, AAA41, Accessories, active, extended guide rail, Sawmill accessories, SMS, Track Extension",2024-11-08T19:02:41-08:00,2024-11-08T19:02:35-08:00,2026-07-20T11:17:43-07:00,410205MAX,559.99,659.99,true,67132,https://cdn.shopify.com/s/files/1/0653/3470/6391/files/SKU410205MAX_1.webp?v=1768989892
9330595758295,( 1 Pack / 1 Pcs ) Track for MEC10 Mini Excavator(SKU: 150530; 150531),410020,MechMaxx,accessories,150530,2026-07-16T02:13:22-07:00,2026-07-16T00:29:24-07:00,2026-07-20T11:17:43-07:00,410020,299.99,,true,0,https://cdn.shopify.com/s/files/1/0653/3470/6391/files/410020-_4.webp?v=1784193167
9037719044311,"( 1 Pack / 1 Pcs ) Track Roller Assembly for Mini Compact Excavator MEC17,MEC17PRO (SKU: 150533, 150534）",1-pack-1-pcs-track-roller-assembly-for-mini-compact-excavator-mec17-sku-150533-150534,MechMaxx,accessories,"01BBB, 1.7ton, 150533, 150534, 412072, active, Mini Excavator Spare Parts, SMS",2025-11-06T02:57:00-08:00,2025-09-17T00:15:08-07:00,2026-07-20T11:17:43-07:00,412072,159.00,205.99,true,4990,https://cdn.shopify.com/s/files/1/0653/3470/6391/files/412072-_2.webp?v=1758093341
9175168843991,( 1 Pack / 1 Pcs ) Track Roller for D50HTFL (for SKU: 100900),track-roller-for-d50htfl,MechMaxx,accessories,"01BBB, 0zs, 100900, Spare Parts",2026-02-24T00:33:37-08:00,2026-02-04T18:14:52-08:00,2026-07-20T11:17:43-07:00,461013,59.99,79.99,true,1588,https://cdn.shopify.com/s/files/1/0653/3470/6391/files/461013-2.webp?v=1770276823
8948461961431,"( 1 Pack / 1 Pcs ) Trailer Track Expansion for 22"" Portable Sawmill, SM-22 (SKU: 150169; 150169K4; 150320）",410720,MechMaxx,accessories,"01BBB, AAA15, active, sawmill, Sawmill accessories, Sawmill Trailer, SMS, Track Extension",2025-06-23T20:23:08-07:00,2025-06-23T00:44:08-07:00,2026-07-20T11:17:43-07:00,410720,299.00,,true,19051,https://cdn.shopify.com/s/files/1/0653/3470/6391/files/410720-_1.webp?v=1750733179
9122419212503,"( 1 Pack / 1 Pcs ) Water Pump Grey Vented Plug (for SKU: 204002, 204003, 204004, 204006, 204007, 204008, 204010, 204011, 204012)",water-pump-grey-vented-plug,MechMaxx,accessories,"0zs, Janitorial & Cleaning, Portable Pressure Washers, Pressure Washers, Skid Mounted Pressure Washers, Spare Parts",2026-03-10T19:30:07-07:00,2025-11-30T23:57:44-08:00,2026-07-20T11:17:43-07:00,464031,39.99,59.99,true,91,https://cdn.shopify.com/s/files/1/0653/3470/6391/files/464031_2.webp?v=1773120021
9122418688215,"( 1 Pack / 1 Pcs ) Water Pump Oil Sight Glass (for SKU: 204002, 204003, 204004, 204006, 204007, 204008, 204010, 204011, 204012)",water-pump-oil-sight-glass,MechMaxx,accessories,"0zs, Janitorial & Cleaning, Portable Pressure Washers, Pressure Washers, Skid Mounted Pressure Washers, Spare Parts",2026-03-10T19:24:13-07:00,2025-11-30T23:57:25-08:00,2026-07-20T11:17:43-07:00,464030,59.99,79.99,true,91,https://cdn.shopify.com/s/files/1/0653/3470/6391/files/464030_4.webp?v=1773150375
9120482820311,"( 1 Pack / 1 Pcs ) Wheel Assembly (for SKU: 204002, 204006, 204010)",wheel-assembly,MechMaxx,accessories,"0zs, Janitorial & Cleaning, Portable Pressure Washers, Pressure Washers, Spare Parts",2026-03-10T18:17:46-07:00,2025-11-28T01:43:49-08:00,2026-07-20T11:17:43-07:00,464016,59.99,79.99,true,2223,https://cdn.shopify.com/s/files/1/0653/3470/6391/files/464016_2.webp?v=1773119600
9120468730071,( 1 Pack / 1 Pcs ) Wheel Balancer Motor (for SKU: 200009 200010),wheel-balancer-motor-1,MechMaxx,accessories,"0zs, Automotive Equipments & Tools, Spare Parts, Tire Changer Accessories & Parts, Tire Changers",2026-03-07T00:09:39-08:00,2025-11-28T01:04:07-08:00,2026-07-20T11:17:43-07:00,460069,159.99,199.99,true,6713,https://cdn.shopify.com/s/files/1/0653/3470/6391/files/460069_7.webp?v=1770365519
8685607911639,( 1 Pack / 1 Pcs ) Wood Chipper Cover for DCH7 ( SKU: 110700;110700H;110700Y ),1-pack-1-pcs-wood-chipper-cover-for-dch7-sku-110700-110700h-110700y,MechMaxx,accessories,"01BBB, 7 in Wood Chipper Part, AAA41, Accessories, cover, cover2 gas wood chipper, DCH7, SMS, Wood Chipper",2024-08-28T03:48:57-07:00,2024-08-28T03:29:40-07:00,2026-07-20T11:17:43-07:00,410409,92.99,,true,1814,https://cdn.shopify.com/s/files/1/0653/3470/6391/files/410409DCH7.webp?v=1724842043
8685606240471,( 1 Pack / 1 Pcs ) Wood Chipper Cover for GS1500 ( SKU: 110200; 110200Y; 110200K ),1-pack-1-pcs-wood-chipper-cover-for-gs1500-sku-110200-110200b-110200k,MechMaxx,accessories,"01BBB, 5 in Wood Chipper Part, AAA41, Accessories, cover, cover2 gas wood chipper, GS1500, SMS, Wood Chipper",2024-08-28T03:48:57-07:00,2024-08-28T03:27:46-07:00,2026-07-20T11:17:43-07:00,410406,69.99,,true,1814,https://cdn.shopify.com/s/files/1/0653/3470/6391/files/410406GS1500.webp?v=1724842058
8685605683415,( 1 Pack / 1 Pcs ) Wood Chipper Cover for GS650 ( SKU: 110100; 110101 ),1-pack-1-pcs-wood-chipper-cover-for-gs650-sku-110100-110101,MechMaxx,accessories,"01BBB, 4 in Wood Chipper Part, AAA41, Accessories, cover, cover2 gas wood chipper, SMS, Wood Chipper",2024-08-28T03:48:57-07:00,2024-08-28T03:26:29-07:00,2026-07-20T11:17:43-07:00,410405,59.99,,true,1814,https://cdn.shopify.com/s/files/1/0653/3470/6391/files/410405GS650.webp?v=1724842072
8685607715031,( 1 Pack / 1 Pcs ) Wood Chipper Cover for P4205 ( SKU: 110601; 110602; 110602Y ),1-pack-1-pcs-wood-chipper-cover-for-p4205-sku-110601-110602-110602y,MechMaxx,accessories,"01BBB, 5 in Wood Chipper Part, AAA41, Accessories, cover, cover2 gas wood chipper, P4205, SMS, Wood Chipper",2024-08-28T03:48:58-07:00,2024-08-28T03:29:06-07:00,2026-07-20T11:17:43-07:00,410407,69.99,,true,1814,https://cdn.shopify.com/s/files/1/0653/3470/6391/files/410407P4205.webp?v=1724842088
8661924348119,"( 1 Pack / 1 Pcs ) Wood Chipper Cover for P4206, B150, B200 ( SKU: 110800; 110801; 110802; 110803; 110804; 110805; 110810 )",1-pack-1-pcs-wood-chipper-cover-for-p4206-sku-110801-110802-110802y,MechMaxx,accessories,"01BBB, 6 in Wood Chipper Part, 8 in Wood Chipper Part, AAA41, Accessories, B150, B200, cover, cover2 gas wood chipper, P4206, SMS, Wood Chipper",2024-08-12T01:29:39-07:00,2024-08-06T02:21:14-07:00,2026-07-20T11:17:43-07:00,410401,69.99,,true,1814,https://cdn.shopify.com/s/files/1/0653/3470/6391/files/410401Woodchippercover2.webp?v=1723450725
9072328474839,( 1 Pack / 1 Pcs ) Wood Chipper Cover for TX1000 ( SKU: 110701 ),1-pack-1-pcs-wood-chipper-cover-for-tx1000-sku-110701,MechMaxx,accessories,"01BBB, 110701, 8 in Wood Chipper Part, Accessories, cover, cover2 gas wood chipper, SMS, Wood Chipper",2025-10-21T03:44:56-07:00,2025-10-21T03:38:49-07:00,2026-07-20T11:17:43-07:00,412044,132.99,159.99,true,6350,https://cdn.shopify.com/s/files/1/0653/3470/6391/files/412044_cover.webp?v=1761045690
9120475119831,( 1 Pack / 1 Set ) 32A Motor Switch (for SKU: 200001 200002 200027 200005 200006 200028),32a-motor-switch,MechMaxx,accessories,"0zs, Automotive Equipments & Tools, Spare Parts, Tire Changer Accessories & Parts, Tire Changers",2026-03-07T00:12:49-08:00,2025-11-28T01:35:34-08:00,2026-07-20T11:17:43-07:00,460071,52.99,72.99,true,318,https://cdn.shopify.com/s/files/1/0653/3470/6391/files/460071_1.webp?v=1773070403
9120483213527,"( 1 Pack / 1 Set ) Alternator Belt & Fan Belt (for SKU: 204002, 204003, 204004, 204006, 204007, 204008, 204010, 204011, 204012)",alternator-belt-fan-belt,MechMaxx,accessories,"0zs, Janitorial & Cleaning, Portable Pressure Washers, Pressure Washers, Skid Mounted Pressure Washers, Spare Parts",2026-03-10T18:30:20-07:00,2025-11-28T01:44:17-08:00,2026-07-20T11:17:43-07:00,464018,49.99,69.99,true,318,https://cdn.shopify.com/s/files/1/0653/3470/6391/files/464018_1.webp?v=1773119691
9175172186327,"( 1 Pack / 1 Set ) Clutch Handle & Clutch Cable Kit for Walk Behind Flail Mower (for SKU: 201028,201029)",cutting-driving-handle-clutch-cable-for-walk-behind-flail-mower,MechMaxx,accessories,"0zs, 201028, 201029, Spare Parts",2026-03-19T23:19:32-07:00,2026-02-04T18:20:05-08:00,2026-07-20T11:17:43-07:00,461180,69.99,89.99,true,408,https://cdn.shopify.com/s/files/1/0653/3470/6391/files/461180-2.webp?v=1773906068
9175211376855,( 1 Pack / 1 Set ) Footboard Bolts for Walk Behind Flail Mower SFM27T (for SKU: 201029),footboard-bolts-for-walk-behind-flail-mower-sfm27t,MechMaxx,accessories,"0zs, 201029, Spare Parts",2026-03-20T00:00:59-07:00,2026-02-04T19:04:05-08:00,2026-07-20T11:17:43-07:00,461191,39.99,59.99,true,136,https://cdn.shopify.com/s/files/1/0653/3470/6391/files/461191.webp?v=1773906271
9122417180887,"( 1 Pack / 1 Set ) Indicator Lights & Thermostat Knob (for SKU: 204002, 204003, 204004, 204006, 204007, 204008, 204010, 204011, 204012)",indicator-lights-thermostat-knob,MechMaxx,accessories,"0zs, Janitorial & Cleaning, Portable Pressure Washers, Pressure Washers, Skid Mounted Pressure Washers, Spare Parts",2026-03-10T19:19:37-07:00,2025-11-30T23:56:09-08:00,2026-07-20T11:17:43-07:00,464028,54.99,74.99,true,91,https://cdn.shopify.com/s/files/1/0653/3470/6391/files/464028_2.webp?v=1773119954
8805637128407,( 1 Pack / 1 Set ) Replacement Clutch Handle & Clutch Cable Kit for Tracked Dumper D50HTFL (SKU: 100900),1-pack-1-pcs-clutch-handle-for-tracked-dumper-d50htfl-sku-100900,MechMaxx,accessories,"00Z, 01BBB, 0zs, 100900, Accessories, active, other spare part, SMS",2025-01-12T17:14:25-08:00,2025-01-09T07:39:34-08:00,2026-07-20T11:17:43-07:00,461005,69.99,,true,181,https://cdn.shopify.com/s/files/1/0653/3470/6391/files/461005-1.webp?v=1752472318
8805639815383,( 1 Pack / 1 Set ) Replacement Throttle Switch & Throttle Cable Kit for Tracked Dumper D50HTFL (SKU: 100900),1-pack-1-pcs-throttle-switch-for-tracked-dumper-d50htfl-sku-100900,MechMaxx,accessories,"00Z, 01BBB, 0zs, 100900, Accessories, active, other spare part, SMS",2025-01-12T17:15:55-08:00,2025-01-09T07:44:54-08:00,2026-07-20T11:17:43-07:00,461007,59.99,,true,227,https://cdn.shopify.com/s/files/1/0653/3470/6391/files/461007-1.webp?v=1752472418
9175264821463,"( 1 Pack / 1 Set ) Shop Press Pin Kit (for SKU: 200060, 200061, 200062)",shop-press-pin-kit,MechMaxx,accessories,"0zs, Automotive Equipments & Tools, Shop Press, Spare Parts",2026-04-20T20:36:04-07:00,2026-02-04T20:37:12-08:00,2026-07-20T11:17:43-07:00,460107,99.99,129.99,true,5488,https://cdn.shopify.com/s/files/1/0653/3470/6391/files/460107_4.webp?v=1776757702
9122425274583,"( 1 Pack / 1 Set ) Water Pump Inlet Filter Screen & O-Ring (for SKU: 204002, 204003, 204004, 204006, 204007, 204008, 204010, 204011, 204012)",water-pump-inlet-filter-screen-o-ring,MechMaxx,accessories,"0zs, Janitorial & Cleaning, Portable Pressure Washers, Pressure Washers, Skid Mounted Pressure Washers, Spare Parts",2026-03-10T19:36:02-07:00,2025-12-01T00:03:28-08:00,2026-07-20T11:17:43-07:00,464032,39.99,59.99,true,91,https://cdn.shopify.com/s/files/1/0653/3470/6391/files/464032_3.webp?v=1773120043
9122417803479,"( 1 Pack / 1 Set ) Water Pump Unloader Valve Assembly (for SKU: 204002, 204003, 204004, 204006, 204007, 204008, 204010, 204011, 204012)",water-pump-unloader-valve-assembly,MechMaxx,accessories,"0zs, Janitorial & Cleaning, Portable Pressure Washers, Pressure Washers, Skid Mounted Pressure Washers, Spare Parts",2026-03-10T19:22:32-07:00,2025-11-30T23:56:41-08:00,2026-07-20T11:17:43-07:00,464029,79.99,99.99,true,2722,https://cdn.shopify.com/s/files/1/0653/3470/6391/files/464029_3.webp?v=1773119980
8649008808151,( 1 Pack / 10 Blades ) SM-22 Sawmill Blades (SKU: 150169; 150169K4; 150320）,1-pack-10-blades-sm-22-sawmill-blades-sku-150169,MechMaxx,accessories,"01BBB, 150169, AAA41, Accessories, sawblade, Sawmill accessories, SMS",2024-07-24T20:20:57-07:00,2024-07-24T20:19:36-07:00,2026-07-20T11:17:43-07:00,410110,169.99,,true,9072,https://cdn.shopify.com/s/files/1/0653/3470/6391/files/410110_saw_blade_22_10PCS.webp?v=1721877603
8336867459287,( 1 Pack / 10 Blades ) SM-26 Sawmill Blade (SKU: 150166; 150166D6; 150166K6）,26sawmill-1pack10blades,MechMaxx,accessories,"01BBB, AAA41, Accessories, sawblade, Sawmill accessories, SMS",2024-03-27T23:55:07-07:00,2024-03-27T23:51:04-07:00,2026-07-20T11:17:43-07:00,410105,189.99,,true,20865,https://cdn.shopify.com/s/files/1/0653/3470/6391/files/2610PCS_82c54a10-e050-4b58-8b74-7ab2a8849c8d.webp?v=1719996452
8454520406231,( 1 Pack / 10 Blades ) SM-32 Sawmill Blades (150167; 150167K4; 150167D6; 150167K6; 150167H6),1-pack-10-blades-sm-32-sawmill-blade-sku-150167,MechMaxx,accessories,"01BBB, 32 inch Sawmill, AAA41, Accessories, sawblade, Sawmill accessories, SMS",2024-04-26T01:26:28-07:00,2024-04-25T19:31:06-07:00,2026-07-20T11:17:43-07:00,410106,229.99,,true,10886,https://cdn.shopify.com/s/files/1/0653/3470/6391/files/3210PCS.webp?v=1719996108
8649007431895,( 1 Pack / 10 Blades ) SM-36 Sawmill Blades (SKU: 150168; 150168H）,1-pack-10-blades-sm-36-sawmill-blades-sku-150168,MechMaxx,accessories,"01BBB, AAA41, Accessories, sawblade, Sawmill accessories, SMS",2024-07-24T20:19:15-07:00,2024-07-24T20:17:19-07:00,2026-07-20T11:17:43-07:00,410111,199.99,,true,11793,https://cdn.shopify.com/s/files/1/0653/3470/6391/files/410111_sawblade_10PCS.webp?v=1732948791
8658451464407,"( 1 Pack / 10 Blades ) SM-36MAX Sawmill Blades , 175in (SKU: 150168MAX; 150168HMAX; 150268）",1-pack-10-blades-sm-36-sawmill-blades-175in-sku-150168,MechMaxx,accessories,"01BBB, 150168HMAX, 150168max, AAA41, Accessories, sawblade, Sawmill accessories, SMS",2024-11-08T18:44:26-08:00,2024-08-01T23:22:11-07:00,2026-07-20T11:17:43-07:00,410113,249.99,,true,11793,https://cdn.shopify.com/s/files/1/0653/3470/6391/files/410113_sawblade_36MAX_10PCS.webp?v=1732948818
9030916309207,"( 1 Pack / 10 Pcs ) 10 pcs Teeth for Arena Harrow Groomer (for SKU: 201033, 201034)",arena-spin-harrow-replacement-teeth-7pcs,MechMaxx,accessories,"01BBB, 0zs, Arena Spin Harrow Groomers part, Landscaping part, SMS, Tractor Implements & Attachments part",2025-11-26T01:29:49-08:00,2025-09-09T23:53:26-07:00,2026-07-20T11:17:43-07:00,461111,79.99,109.99,true,4990,https://cdn.shopify.com/s/files/1/0653/3470/6391/files/Teeth_for_Arena_Harrow_Groomer.webp?v=1764133388
8887453941975,"( 1 Pack / 10 Pcs ) Replacement Tines for Landscape Rake LR72, LR84, LR72W, LR84W (SKU: 201023, 201024, 201026, 201027)",landscape-rake-tines,MechMaxx,accessories,"01BBB, 0zs, 201023, 201024, 201026, 201027, Landscape Rakes, Landscaping, MECHMAXX Brand, SMS, Tractor Implements & Attachments",2025-05-06T18:15:33-07:00,2025-04-15T09:14:04-07:00,2026-07-20T11:17:43-07:00,461100,149.99,199.99,true,9979,https://cdn.shopify.com/s/files/1/0653/3470/6391/files/DSC05490.webp?v=1745770595
9084248064215,"( 1 Pack / 10 Pcs )Grease Fitting for Mini Compact Excavator MEC17,MEC17PRO (SKU: 150533, 150534）",1-pack-10-pcs-grease-fitting-for-mini-compact-excavator-mec17-sku-150533-150534,MechMaxx,accessories,"01BBB, 1.7ton, 150533, 150534, 412065, active, Mini Excavator Spare Parts, SMS",2025-11-06T02:58:03-08:00,2025-10-29T23:43:34-07:00,2026-07-20T11:17:43-07:00,412065,49.99,59.99,true,91,https://cdn.shopify.com/s/files/1/0653/3470/6391/files/412065-1.webp?v=1762393718
9084258484439,"( 1 Pack / 10 Pcs )Slewing Bearing Bolts for Mini Compact Excavator MEC17,MEC17PRO (SKU: 150533, 150534）",1-pack-10-pcs-slewing-bearing-bolts-for-mini-compact-excavator-mec17-sku-150533-150534,MechMaxx,accessories,"01BBB, 1.7ton, 150533, 150534, 412067, active, Mini Excavator Spare Parts, SMS",2025-11-06T03:05:30-08:00,2025-10-29T23:49:32-07:00,2026-07-20T11:17:43-07:00,412067,49.99,59.99,true,590,https://cdn.shopify.com/s/files/1/0653/3470/6391/files/412067.0.webp?v=1762409998
9084593144023,( 1 Pack / 12 Pcs ) Bearing Set for Heavy Duty Conveyor HC2320 (SKU: 150302),1-pack-12-pcs-bearing-set-for-heavy-duty-conveyor-hc2320-sku-150302,MechMaxx,accessories,"01BBB, 150302, other spare part, SMS",2025-11-05T02:45:24-08:00,2025-10-30T01:32:44-07:00,2026-07-20T11:17:43-07:00,412099,129.99,165.99,true,12701,https://cdn.shopify.com/s/files/1/0653/3470/6391/files/412099-_1.webp?v=1762326896
9175278059735,( 1 Pack / 12 Pcs ) Blades for HRT Rotary Tiller (for SKU: 201115; 201117）,blades-for-hrt-rotary-tiller,MechMaxx,accessories,"01BBB, 0zs, 201115, 201117, Blade, Rotary Tillers part, Spare Parts, Tillage part, Tractor Implements & Attachments part",2026-02-12T01:32:32-08:00,2026-02-04T20:53:13-08:00,2026-07-20T11:17:43-07:00,461172,139.99,169.99,true,13608,https://cdn.shopify.com/s/files/1/0653/3470/6391/files/461172_1.webp?v=1770859859
9175277863127,( 1 Pack / 12 Pcs ) Blades for MRT Rotary Tiller  (for SKU: 201110; 201112; 201113）,blades-for-mrt-rotary-tiller,MechMaxx,accessories,"01BBB, 0zs, 201110, 201112, 201113, Blade, Rotary Tillers part, Spare Parts, Tillage part, Tractor Implements & Attachments part",2026-02-12T01:32:32-08:00,2026-02-04T20:52:55-08:00,2026-07-20T11:17:43-07:00,461171,109.99,139.99,true,11022,https://cdn.shopify.com/s/files/1/0653/3470/6391/files/461171_1.webp?v=1770860047
8464254861527,( 1 Pack / 12 Pcs ) Blades for PTO Rotary Tiller (SKU: 150190; 150191; 150192; 150193）,blade-for-pto-rotary-tillersku-150190-150191-150192-150193,MechMaxx,accessories,"01BBB, 150190, 150191, 150192, 150193, AAA41, Accessories, Blade, Cutting Tools, PTO Rotary Tiller Spare Part, Rotary Tillers, SMS, Tillage, Tractor Implements & Attachments",2024-04-26T20:32:28-07:00,2024-04-26T20:23:36-07:00,2026-07-20T11:17:43-07:00,410600,99.99,,true,12927,https://cdn.shopify.com/s/files/1/0653/3470/6391/files/bladeforrotarytiller-_2.webp?v=1714188350
8776011677911,( 1 Pack / 12 Pcs ) Spring Teeth for Hay Tedder HT100 (SKU: 150217）,1-pack-12-pcs-spring-teeth-for-hay-tedder-ht100-sku-150217,MechMaxx,accessories,"01BBB, 150217, AAA40, Accessories, active, hay equipment, Hay Equipment Combo, Hay Tedder, SMS, teeth",2024-12-04T17:45:34-08:00,2024-12-04T17:44:37-08:00,2026-07-20T11:17:43-07:00,410706,132.99,,true,10886,https://cdn.shopify.com/s/files/1/0653/3470/6391/files/410706_part_for_Hay_Tedder.webp?v=1733363100
8464266526935,( 1 Pack / 12 Pcs ) Teeth for Stump Grinder SGR1500; SG380; TSG61  (SKU: 130200; 130300; 130400; 150152）,teeth,MechMaxx,accessories,"01BBB, 130200, 130300, 130400, 150152, AAA40, Accessories, Cutting Tools, Gas Stump Grinder, SMS, Stump Grinder for Tractor, teeth",2024-04-27T19:25:41-07:00,2024-04-26T20:49:18-07:00,2026-07-20T11:17:43-07:00,405802,189.99,189.99,true,1361,https://cdn.shopify.com/s/files/1/0653/3470/6391/files/1Pack12Pcs_TeethforStumpGrinderSGR1500andSG380.webp?v=1720060389
8791752376535,( 1 Pack / 12 Pcs )Blades for Disc Mower(SKU: 150232）,410227,MechMaxx,accessories,"01BBB, 150232, Accessories, active, SMS",2024-12-31T01:22:12-08:00,2024-12-29T22:42:10-08:00,2026-07-20T11:17:43-07:00,410227,75.99,,true,16329,https://cdn.shopify.com/s/files/1/0653/3470/6391/files/410227-_2.webp?v=1735631715
8117245149399,( 1 Pack / 15 Pcs ) Teeth for Mini Trencher TCR650 TCR1500 (SKU: 120100; 120200; 120201）,teeth-for-tcr650,MechMaxx,accessories,"01BBB, 120100, 120200, 120201, AAA40, Accessories, Cutting Tools, Mini Trencher, SMS, teeth",2023-08-25T03:48:31-07:00,2023-08-03T02:18:41-07:00,2026-07-20T11:17:43-07:00,405501,109.99,139.99,true,1361,https://cdn.shopify.com/s/files/1/0653/3470/6391/files/1Pack15Pcs_TeethforMiniTrencherTCR650TCR1500.webp?v=1720060051
8908623937751,"( 1 Pack / 17 Pcs )Bandwheel Bearings for 22"" Portable Sawmill, SM-22 (SKU: 150169; 150169K4; 150320）",1-pack-17-pcs-bandwheel-bearings-for-22-portable-sawmill-sm-22-sku-150169,MechMaxx,accessories,"01BBB, Accessories, sawmill, Sawmill accessories, SM22, SMS, Woodworking Machinery",2025-05-21T17:51:33-07:00,2025-05-09T03:45:02-07:00,2026-07-20T11:17:43-07:00,412022,72.99,,true,1361,https://cdn.shopify.com/s/files/1/0653/3470/6391/files/412022--_2.webp?v=1747797339
8908624003287,"( 1 Pack / 18 Pcs )Bandwheel Bearings for 26"" Portable Sawmill, SM-26 (SKU: 150166; 150166D6; 150166K6）",1-pack-18-pcs-bandwheel-bearings-for-26-portable-sawmill-sm-26-sku-150166-150166d6,MechMaxx,accessories,"01BBB, Accessories, sawmill, Sawmill accessories, SM26, SMS, Woodworking Machinery",2025-05-21T17:51:33-07:00,2025-05-09T03:45:23-07:00,2026-07-20T11:17:43-07:00,412023,72.99,,true,1361,https://cdn.shopify.com/s/files/1/0653/3470/6391/files/412023-_1.webp?v=1747795229
9032034091223,"( 1 Pack / 2 Pcs ) 1127 Kevlar V-belts for Wood Chipper GS1500  (SKU: 110200, 110200K, 110200Y）",1-pack-2-pcs-kevlar-v-belts-for-wood-chipper-gs1500-sku-110200,MechMaxx,accessories,"01BBB, 110200, 5 in Wood Chipper Part, AAA40, Accessories, Belt, Belt 4 Gas Wood chipper, GS1500, SMS",2025-09-28T05:51:56-07:00,2025-09-11T01:32:55-07:00,2026-07-20T11:17:43-07:00,408101N,58.99,,true,907,https://cdn.shopify.com/s/files/1/0653/3470/6391/files/KevlarV-beltsforGS1500.webp?v=1759064998
7804106473687,"( 1 Pack / 2 Pcs ) 8430 Kevlar V-belts for Wood Chipper GS1500 (SKU: 110200, 110200K, 110200Y）",belt-for-gs1500,MechMaxx,accessories,"01BBB, 110200, 5 in Wood Chipper Part, AAA40, Accessories, Belt, Belt 4 Gas Wood chipper, GS1500, SMS",2023-11-21T00:40:56-08:00,2022-09-28T18:29:57-07:00,2026-07-20T11:17:43-07:00,408101,58.99,,true,907,https://cdn.shopify.com/s/files/1/0653/3470/6391/files/KevlarV-beltsforGS1500.webp?v=1759064998
9175169597655,( 1 Pack / 2 Pcs ) Axle for D50HTFL (for SKU: 100900),crawler-guide-roller-for-d50htfl-100900,MechMaxx,accessories,"01BBB, 0zs, 100900, Spare Parts",2026-02-24T00:33:37-08:00,2026-02-04T18:17:32-08:00,2026-07-20T11:17:43-07:00,461016,79.99,99.99,true,272,https://cdn.shopify.com/s/files/1/0653/3470/6391/files/461016-2.webp?v=1770275178
9143777099991,( 1 Pack / 2 Pcs ) Axle-Bearing for 34 Ton Kinetic Log Splitter (SKU: 150243),1-pack-2-pcs-axle-bearing-for-34-ton-kinetic-log-splitter-sku-150243,MechMaxx,accessories,"01BBB, 150243, Log Splitter part, SMS",2026-01-12T22:03:56-08:00,2025-12-30T23:37:01-08:00,2026-07-20T11:17:43-07:00,412160,69.99,89.99,true,2722,https://cdn.shopify.com/s/files/1/0653/3470/6391/files/412160-_4.webp?v=1768282977
9111964909783,( 1 Pack / 2 Pcs ) Axle-Bearing for SG30PRO (SKU: 150181; 180181G）,1-pack-2-pcs-axle-bearing-for-sg30pro-sku-150181-180181g,MechMaxx,accessories,"01BBB, 150181, 150181G, Accessories, PTO Stump Grinder, SMS, Stump Grinder for Tractor",2025-11-21T03:22:53-08:00,2025-11-20T01:29:09-08:00,2026-07-20T11:17:43-07:00,412149,79.99,99.99,true,8391,https://cdn.shopify.com/s/files/1/0653/3470/6391/files/412149-_2.webp?v=1763705987
8865769488599,"( 1 Pack / 2 Pcs ) Backhoe Bucket Linkage Pins (for SKU: 150162, 150163, 150164, 201162, 201163, 201164)",1-pack-2-pcs-backhoe-bucket-linkage-pin-for-sku-150162-150163-150164,MechMaxx,accessories,"00Z, 01BBB, 0ZS, 150162, 150163, 150164, Accessories, All PTO Backhoes, BACKHOE, Backhoe attachment, backhoe for tractor, SMS",2025-03-19T20:48:58-07:00,2025-03-17T07:11:41-07:00,2026-07-20T11:17:43-07:00,461093,59.99,69.99,true,1497,https://cdn.shopify.com/s/files/1/0653/3470/6391/files/461093-1.webp?v=1752476238
8887446470871,"( 1 Pack / 2 Pcs ) Backhoe Thumb Bushings (for SKU: 150163, 150164, 201162)",1-pack-2-pcs-backhoe-thumb-bushings-for-sku-150162-150163-150164,MechMaxx,accessories,"0zs, 150162, PTO Backhoes part, SMS, Tractor Implements & Attachments part",2026-02-04T23:47:16-08:00,2025-04-15T08:37:30-07:00,2026-07-20T11:17:43-07:00,461102,39.99,49.99,true,272,https://cdn.shopify.com/s/files/1/0653/3470/6391/files/BackhoeThumbBushings.jpg?v=1763708591
8230679871703,"( 1 Pack / 2 Pcs ) Belt for 18"" Portable Sawmill, SM-18 (SKU: 150165）",belt-for-18-portable-sawmill-sm-18-sku-150165,MechMaxx,accessories,"01BBB, 150165, AAA41, Accessories, Belt, Belt 7 Sawmill, Sawmill accessories, SMS",2024-03-27T01:33:22-07:00,2024-01-04T19:54:00-08:00,2026-07-20T11:17:43-07:00,410001,48.99,49.99,true,998,https://cdn.shopify.com/s/files/1/0653/3470/6391/files/SKU410001_43ec47b9-9ac4-4dea-b75a-e14f030cdbbc.webp?v=1720055975
8657977639127,"( 1 Pack / 2 Pcs ) Belt for 22"" Portable Sawmill, SM-22 (SKU: 150169; 150169K4; 150320）",1-pack-2-pcs-belt-for-22-portable-sawmill-sm-22-sku-150169,MechMaxx,accessories,"01BBB, 150169, AAA41, Accessories, Belt, Belt 7 Sawmill, Sawmill accessories, SMS",2024-08-10T00:15:03-07:00,2024-08-01T00:00:07-07:00,2026-07-20T11:17:43-07:00,410005,52.99,,true,998,https://cdn.shopify.com/s/files/1/0653/3470/6391/files/410005-SM22_sawmill_belt.webp?v=1722584686
8230680101079,"( 1 Pack / 2 Pcs ) Belt for 26"" Portable Sawmill, SM-26 (SKU: 150166; 150166D6; 150166K6）",belt-for-26-portable-sawmill-sm-26-sku-150166,MechMaxx,accessories,"01BBB, AAA41, Accessories, Belt, Belt 7 Sawmill, Sawmill accessories, SMS",2024-01-19T21:41:23-08:00,2024-01-04T19:55:09-08:00,2026-07-20T11:17:43-07:00,410002,52.99,,true,998,https://cdn.shopify.com/s/files/1/0653/3470/6391/files/Beltfor26PortableSawmillSKU410002.webp?v=1720056070
8151836885207,"( 1 Pack / 2 Pcs ) Belt for Finishing Mower FM120, 17*1448Li (SKU: 150146）",belt-for-finishing-mower-fm120,MechMaxx,accessories,"01BBB, 150146, AAA40, Accessories, Belt, Belt 2 PTO Finishing mower, SMS",2023-11-01T18:42:59-07:00,2023-10-10T20:25:07-07:00,2026-07-20T11:17:43-07:00,406501,59.99,,true,1361,https://cdn.shopify.com/s/files/1/0653/3470/6391/files/beltforfm120-1SKU406501_fdff7424-0434-45a1-b211-dd481166f23f.webp?v=1757492643
8151899668695,"( 1 Pack / 2 Pcs ) Belt for Finishing Mower FM150, 17*1626Li (SKU: 150147）",belt-for-finishing-mower-fm150,MechMaxx,accessories,"01BBB, 150147, AAA40, Accessories, Belt, Belt 2 PTO Finishing mower, SMS",2023-11-01T20:25:03-07:00,2023-10-10T23:12:31-07:00,2026-07-20T11:17:43-07:00,406502,59.99,69.99,true,1361,https://cdn.shopify.com/s/files/1/0653/3470/6391/files/BeltforFinishingMowerFM150.webp?v=1757492751
8151901176023,"( 1 Pack / 2 Pcs ) Belt for Finishing Mower FM180, 17*1778Li (SKU: 150148）",belt-for-finishing-mower-fm180,MechMaxx,accessories,"01BBB, 150148, AAA40, Accessories, Belt, Belt 2 PTO Finishing mower, SMS",2023-11-01T19:01:21-07:00,2023-10-10T23:18:25-07:00,2026-07-20T11:17:43-07:00,406503,59.99,69.99,true,1361,https://cdn.shopify.com/s/files/1/0653/3470/6391/files/BeltforFinishingMowerFM180-1.webp?v=1757491729
8760741429463,( 1 Pack / 2 Pcs ) Belt for HW20 Hay Wrapper (SKU: 150216）,1-pack-2-pcs-belt-for-hw20-hay-wrapper-sku-150216,MechMaxx,accessories,"01BBB, 150216, AAA40, Accessories, active, Belt, hay equipment, Hay Equipment Combo, hay wrapper, SMS",2024-11-12T03:33:15-08:00,2024-11-12T01:49:32-08:00,2026-07-20T11:17:43-07:00,401304,59.99,79.99,true,907,https://cdn.shopify.com/s/files/1/0653/3470/6391/files/401304beltforhaywrapper_466971c4-618d-4de8-83dc-462c2d8d2bfd.webp?v=1731468382
8230680199383,"( 1 Pack / 2 Pcs ) Belt for Portable Sawmill, SM-32; SM-36MAX (SKU: 150167; 150167K4; 150167D6; 150167K6; 150167H6; 150168MAX; 150168HMAX; 150268)",belt-for-32-portable-sawmill-sm-32-sku-150167,MechMaxx,accessories,"01BBB, 32 inch Sawmill, AAA41, Accessories, Belt, Belt 7 Sawmill, Sawmill accessories, SMS",2024-03-27T01:38:55-07:00,2024-01-04T19:56:11-08:00,2026-07-20T11:17:43-07:00,410003,54.99,,true,998,https://cdn.shopify.com/s/files/1/0653/3470/6391/files/Beltfor32PortableSawmillSKU410003.webp?v=1720056183
8151930929367,"( 1 Pack / 2 Pcs ) Belt for Stump Grinder, 17*1346 (SKU: 130200; 130300; 130400）",belt-for-stump-grinder-17-1346,MechMaxx,accessories,"01BBB, 130200, 130300, 130400, AAA40, Accessories, Belt, Belt 6 Gas Grinder, Gas Stump Grinder, SMS",2023-11-01T19:17:12-07:00,2023-10-11T00:52:59-07:00,2026-07-20T11:17:43-07:00,406901,59.99,59.99,true,907,https://cdn.shopify.com/s/files/1/0653/3470/6391/files/BeltforStumpGrinder.webp?v=1720073761
8117241020631,"( 1 Pack / 2 Pcs ) Belt for Trencher TCR1500, 17*991 (SKU: 120200; 120201）",belt-for-tcr1500,MechMaxx,accessories,"01BBB, 120200, 120201, AAA40, Accessories, Belt, Belt 5 Gas trencher, Mini Trencher, SMS",2023-08-25T03:47:04-07:00,2023-08-03T01:58:26-07:00,2026-07-20T11:17:43-07:00,404001,59.99,59.99,true,907,https://cdn.shopify.com/s/files/1/0653/3470/6391/files/BeltforTrencherTCR1500.webp?v=1720073029
8117240791255,"( 1 Pack / 2 Pcs ) Belt for Trencher TCR650, 17*965 (SKU: 120100）",belt-for-tcr650,MechMaxx,accessories,"01BBB, 120100, AAA40, Accessories, Belt, Belt 5 Gas trencher, Mini Trencher, SMS",2025-09-08T22:50:56-07:00,2023-08-03T01:56:05-07:00,2026-07-20T11:17:43-07:00,403901,59.99,59.99,true,907,https://cdn.shopify.com/s/files/1/0653/3470/6391/files/BeltforTrencherTCR650.webp?v=1720072729
8151928602839,"( 1 Pack / 2 Pcs ) Belt for Wood Chipper PGS1500, 17*1829 (SKU: 110400）",belt-for-wood-chipper-pgs1500-17-1829,MechMaxx,accessories,"01BBB, 110400, 5 in Wood Chipper Part, AAA40, Accessories, Belt, Belt 4 Gas Wood chipper, PGS1500, SMS",2023-11-01T19:12:55-07:00,2023-10-11T00:22:33-07:00,2026-07-20T11:17:43-07:00,406701,49.99,59.99,true,907,https://cdn.shopify.com/s/files/1/0653/3470/6391/files/BeltforWoodChipperPGS1500.webp?v=1720074636
9030916145367,"( 1 Pack / 2 Pcs ) Blade & Comb for 72"" Skid Steer Land Plane (for SKU: 201030)",ssl72-blade-ssl72-tooth-plate,MechMaxx,accessories,"01BBB, 0zs, 201030, Skid Steer Land Planes part, SMS",2025-11-26T01:39:02-08:00,2025-09-09T23:52:01-07:00,2026-07-20T11:17:43-07:00,461109,299.99,329.99,true,41005,https://cdn.shopify.com/s/files/1/0653/3470/6391/files/72_blade_and_plate_1.webp?v=1764722457
9030916243671,"( 1 Pack / 2 Pcs ) Blade & Comb for 84"" Skid Steer Land Plane (for SKU: 201031)",ssl84-blade-ssl84-tooth-plate,MechMaxx,accessories,"01BBB, 0zs, 201031, Skid Steer Land Planes part, SMS",2025-11-26T01:34:08-08:00,2025-09-09T23:52:56-07:00,2026-07-20T11:17:43-07:00,461110,339.99,369.99,true,47990,https://cdn.shopify.com/s/files/1/0653/3470/6391/files/84_Skid_Steer_Land_Plane_2.webp?v=1764722471
8117124235479,( 1 Pack / 2 Pcs ) Blade for BX62S (SKU: 150179）,blade-for-bx62s,MechMaxx,accessories,SMS,2025-09-10T00:24:22-07:00,2023-08-02T19:22:26-07:00,2026-07-20T11:17:43-07:00,402004,69.99,169.99,false,4536,https://cdn.shopify.com/s/files/1/0653/3470/6391/files/BladeforBX62RD.webp?v=1720076548
8815260500183,( 1 Pack / 2 Pcs ) Blade for Wood Chipper B200 (SKU: 110810;110811),1-pack-2-pcs-blade-for-wood-chipper-b200-sku-110810,MechMaxx,accessories,"01BBB, 110810, 8 in Wood Chipper Part, AAA40, Accessories, active, B200, blade1 gas wood chipper, Chipper Blade, Cutting Tools, SMS",2025-01-18T02:24:13-08:00,2025-01-18T02:11:15-08:00,2026-07-20T11:17:43-07:00,404801A,92.99,,true,3175,https://cdn.shopify.com/s/files/1/0653/3470/6391/files/BladeforWoodChipperGS1500_PGS1500_P4206andB150.webp?v=1720076186
8116834140375,( 1 Pack / 2 Pcs ) Blade for Wood Chipper BX42H (SKU: 150170）,blade-for-bx42h,MechMaxx,accessories,"01BBB, 150170, AAA40, Accessories, Cutting Tools, SMS",2025-09-10T00:24:22-07:00,2023-08-02T03:06:41-07:00,2026-07-20T11:17:43-07:00,402003,69.99,139.99,false,1814,https://cdn.shopify.com/s/files/1/0653/3470/6391/files/PTO_SKU_402004.webp?v=1719563137
8626823823575,( 1 Pack / 2 Pcs ) Blade for Wood Chipper DCH7 (SKU: 110700; 110700H）,blade-for-wood-chipper-dch7-sku-110700,MechMaxx,accessories,"01BBB, 110700, 7 in Wood Chipper Part, AAA40, Accessories, blade1 gas wood chipper, Chipper Blade, DCH7, SMS",2024-07-11T20:50:59-07:00,2024-07-08T18:59:46-07:00,2026-07-20T11:17:43-07:00,409101A,128.99,,true,3629,https://cdn.shopify.com/s/files/1/0653/3470/6391/files/409101A_DCH7_blade.webp?v=1720694415
8117241413847,"( 1 Pack / 2 Pcs ) Blade for Wood Chipper GS1500, PGS1500, P4206, B150 (SKU: 110200; 110400;  110800;  110801; 110802;  110803;  110804;  110805）",blade-for-pgs1500,MechMaxx,accessories,"01BBB, 110200, 110400, 110801, 110802, 110803, 5 in Wood Chipper Part, 6 in Wood Chipper Part, AAA40, Accessories, B150, blade1 gas wood chipper, Chipper Blade, Cutting Tools, GS1500, P4206, PGS1500, SMS",2023-08-25T03:47:45-07:00,2023-08-03T02:02:53-07:00,2026-07-20T11:17:43-07:00,404801,72.99,89.99,true,3175,https://cdn.shopify.com/s/files/1/0653/3470/6391/files/BladeforWoodChipperGS1500_PGS1500_P4206andB150.webp?v=1720076186
7804105261271,( 1 Pack / 2 Pcs ) Blade for Wood Chipper GS650 (SKU: 110100; 110101）,blade-for-wood-chipper-gs650,MechMaxx,accessories,"01BBB, 110100, 110101, 4 in Wood Chipper Part, AAA40, Accessories, blade1 gas wood chipper, Chipper Blade, Cutting Tools, SMS",2023-11-21T00:01:05-08:00,2022-09-28T18:27:46-07:00,2026-07-20T11:17:43-07:00,407901,62.99,,true,3175,https://cdn.shopify.com/s/files/1/0653/3470/6391/files/BladeforGS650.webp?v=1720076315
8117243936983,( 1 Pack / 2 Pcs ) Blade for Wood Chipper P4205 (SKU: 110601; 110602; 110602Y）,blade-for-p4205,MechMaxx,accessories,"01BBB, 110601, 110602, 5 in Wood Chipper Part, AAA40, Accessories, blade1 gas wood chipper, Chipper Blade, Cutting Tools, P4205, SMS",2024-04-27T19:19:58-07:00,2023-08-03T02:05:57-07:00,2026-07-20T11:17:43-07:00,405001,72.99,,true,1814,https://cdn.shopify.com/s/files/1/0653/3470/6391/files/BladeforWoodChipperP4205.webp?v=1720076085
9030936527063,"( 1 Pack / 2 Pcs ) Buffer Block Set (for SKU: 150162, 150163, 150164, 201162, 201163, 201164)",buffer-block-set,MechMaxx,accessories,"0zs, 150162, PTO Backhoes part, SMS, Tractor Implements & Attachments part",2026-02-04T23:48:16-08:00,2025-09-10T00:27:37-07:00,2026-07-20T11:17:43-07:00,461137,39.99,59.99,true,318,https://cdn.shopify.com/s/files/1/0653/3470/6391/files/461137_1.webp?v=1768984342
9084271198423,"( 1 Pack / 2 Pcs ) Counterweight Bolts for Mini Compact Excavator MEC17,MEC17PRO (SKU: 150533, 150534）",1-pack-2-pcs-counterweight-bolts-for-mini-compact-excavator-mec17-sku-150533-150535,MechMaxx,accessories,"01BBB, 1.7ton, 150533, 150534, 412069, active, Mini Excavator Spare Parts, SMS",2025-11-06T02:57:29-08:00,2025-10-29T23:52:07-07:00,2026-07-20T11:17:43-07:00,412069,49.99,59.99,true,590,https://cdn.shopify.com/s/files/1/0653/3470/6391/files/412069.2.webp?v=1762409953
9175210754263,( 1 Pack / 2 Pcs ) Drive Wheels for Walk Behind Flail Mower SFM27T (for SKU: 201029),drive-wheel-for-walk-behind-flail-mower-sfm27w,MechMaxx,accessories,"0zs, 201028, Spare Parts",2026-03-19T23:59:45-07:00,2026-02-04T19:03:20-08:00,2026-07-20T11:17:43-07:00,461190,119.99,139.99,true,3538,https://cdn.shopify.com/s/files/1/0653/3470/6391/files/461190-2.webp?v=1773906009
9136463249623,( 1 Pack / 2 Pcs ) Fixed Handle Assembly for Sawmill,1-pack-2-pcs-fixed-handle-assembly-for-sawmill,MechMaxx,,"01BBB, other spare part, Sawmill accessories, Sawmill part, SM18, SM22, SM26, SM32, SM36, SMS, Woodworking Machinery part",2026-01-09T03:01:54-08:00,2025-12-17T01:21:29-08:00,2026-07-20T11:17:43-07:00,412190,79.99,,true,1361,https://cdn.shopify.com/s/files/1/0653/3470/6391/files/412190-_1.webp?v=1767859272
9105564369111,( 1 Pack / 2 Pcs ) Friction Plates of PTO Drive Shaft Clutch (SKU:410320),1-pack-2-pcs-friction-plates-of-pto-drive-shaft-clutch,MechMaxx,accessories,"01BBB, 150151, 150151G, SMS, Tractor Implements & Attachments part",2025-11-14T01:39:14-08:00,2025-11-13T23:49:15-08:00,2026-07-20T11:17:43-07:00,412170,49.99,65.99,true,998,https://cdn.shopify.com/s/files/1/0653/3470/6391/files/DSC09585.webp?v=1763106915
9175208100055,"( 1 Pack / 2 Pcs ) Front Wheels for Walk Behind Flail Mower (for SKU: 201028,201029)",front-wheel-for-walk-behind-flail-mower,MechMaxx,accessories,"0zs, 201028, 201029, Spare Parts",2026-03-19T23:53:06-07:00,2026-02-04T18:57:48-08:00,2026-07-20T11:17:43-07:00,461187,59.99,79.99,true,2585,https://cdn.shopify.com/s/files/1/0653/3470/6391/files/461187-3.webp?v=1773906009
9101484753111,( 1 Pack / 2 Pcs ) Handle for Hay Baler HB3120  (SKU: 150215）,1-pack-2-pcs-handle-for-hay-baler-hb3120-sku-150215,MechMaxx,accessories,"01BBB, 150215, SMS",2025-11-12T23:10:03-08:00,2025-11-07T22:48:29-08:00,2026-07-20T11:17:43-07:00,412153,59.99,79.99,true,499,https://cdn.shopify.com/s/files/1/0653/3470/6391/files/412153-_1.webp?v=1762587451
8761193529559,( 1 Pack / 2 Pcs ) Jute Twine for Hay Baler HB3120  (SKU: 150215）,2-roll-rope-for-hay-baler,MechMaxx,accessories,"01BBB, 150215, AAA40, Accessories, active, hay baler, hay equipment, Hay Equipment Combo, other spare part, SMS",2024-11-19T01:46:43-08:00,2024-11-12T23:33:43-08:00,2026-07-20T11:17:43-07:00,410708,86.99,,true,4082,https://cdn.shopify.com/s/files/1/0653/3470/6391/files/JuteTwinefor2.webp?v=1732007601
7804104409303,"( 1 Pack / 2 Pcs ) Kevlar V-belts for Wood Chipper GS650, 13x860Li (SKU: 110100; 110101）",belt-for-gs650,MechMaxx,accessories,"01BBB, 110100, 110101, 4 in Wood Chipper Part, AAA40, ACCESSORIES, Belt, Belt 4 Gas Wood chipper, SMS",2023-11-21T00:37:03-08:00,2022-09-28T18:26:35-07:00,2026-07-20T11:17:43-07:00,408001,48.99,,true,907,https://cdn.shopify.com/s/files/1/0653/3470/6391/files/KevlarV-beltsforGS650.webp?v=1720073955
9037741654231,"( 1 Pack / 2 Pcs ) Kevlar V-belts for Wood Chipper GS650, 13x935La (SKU: 110100; 110101）",1-pack-2-pcs-kevlar-v-belts-for-wood-chipper-gs650-13-935la-sku-110100-110101,MechMaxx,accessories,"01BBB, 110100, 110101, 4 in Wood Chipper Part, AAA40, ACCESSORIES, Belt, Belt 4 Gas Wood chipper, SMS",2026-01-12T18:43:25-08:00,2025-09-17T00:24:38-07:00,2026-07-20T11:17:43-07:00,408001N,48.99,,true,907,https://cdn.shopify.com/s/files/1/0653/3470/6391/files/408001N.webp?v=1760000252
8117237842135,"( 1 Pack / 2 Pcs ) Kevlar V-Belts for Wood Chipper P4205, 17*900Li  (SKU: 110601; 110602）",belt-for-p4205,MechMaxx,accessories,"01BBB, 110601, 110602, 5 in Wood Chipper Part, AAA40, Accessories, Belt, Belt 4 Gas Wood chipper, P4205, SMS",2023-08-25T03:45:58-07:00,2023-08-03T01:43:12-07:00,2026-07-20T11:17:43-07:00,403401,60.99,,true,907,https://cdn.shopify.com/s/files/1/0653/3470/6391/files/KevlarV-BeltsforP4205.webp?v=1720074414
9072252518615,( 1 Pack / 2 Pcs ) Leg spring for 34 Ton Kinetic Log Splitter (SKU: 150243),1-pack-2-pcs-leg-spring-for-34-ton-kinetic-log-splitter-sku-150243,MechMaxx,accessories,"01BBB, 150243, Log Splitter part, SMS",2025-10-22T02:59:01-07:00,2025-10-20T19:57:11-07:00,2026-07-20T11:17:43-07:00,412134,49.99,65.99,true,0,https://cdn.shopify.com/s/files/1/0653/3470/6391/files/412134.webp?v=1761015524
9072258121943,( 1 Pack / 2 Pcs ) Nylon Pad for 34 Ton Kinetic Log Splitter (SKU: 150243),1-pack-2-pcs-nylon-pad-for-34-ton-kinetic-log-splitter-sku-150243,MechMaxx,accessories,"01BBB, 150243, Log Splitter part, SMS",2025-10-22T02:15:39-07:00,2025-10-20T20:18:00-07:00,2026-07-20T11:17:43-07:00,412138,59.99,79.99,true,454,https://cdn.shopify.com/s/files/1/0653/3470/6391/files/412138-2.webp?v=1761016696
9084251635927,"( 1 Pack / 2 Pcs ) Pin for Mini Compact Excavator MEC17, MEC17PRO (SKU: 150533, 150534）",1-pack-2-pcs-pin-for-mini-compact-excavator-mec17-sku-150533-150534,MechMaxx,accessories,"01BBB, 1.7ton, 150533, 150534, 412066, active, Mini Excavator Spare Parts, SMS",2025-11-05T02:43:25-08:00,2025-10-29T23:45:51-07:00,2026-07-20T11:17:43-07:00,412066,69.99,89.99,true,2722,https://cdn.shopify.com/s/files/1/0653/3470/6391/files/412066.webp?v=1762326257
9175272358103,( 1 Pack / 2 Pcs ) Press Plates for 20T Shop Press (for SKU: 200060),press-plates-for-20t-shop-press,MechMaxx,accessories,"0zs, Automotive Equipments & Tools, Shop Press, Spare Parts",2026-04-20T19:29:38-07:00,2026-02-04T20:45:51-08:00,2026-07-20T11:17:43-07:00,460118,99.99,139.99,true,7484,https://cdn.shopify.com/s/files/1/0653/3470/6391/files/460118_2.webp?v=1776394789
9175274094807,( 1 Pack / 2 Pcs ) Press Plates for 30T Shop Press (for SKU: 200061),press-plates-for-30t-shop-press,MechMaxx,accessories,"0zs, Automotive Equipments & Tools, Shop Press, Spare Parts",2026-04-20T19:28:09-07:00,2026-02-04T20:46:24-08:00,2026-07-20T11:17:43-07:00,460119,159.99,209.99,true,15513,https://cdn.shopify.com/s/files/1/0653/3470/6391/files/460119_3.webp?v=1776395033
9175275077847,( 1 Pack / 2 Pcs ) Press Plates for 50T Shop Press (for SKU: 200062),press-plates-for-50t-shop-press,MechMaxx,accessories,"0zs, Automotive Equipments & Tools, Shop Press, Spare Parts",2026-04-20T19:19:31-07:00,2026-02-04T20:47:47-08:00,2026-07-20T11:17:43-07:00,460120,269.99,369.99,true,22997,https://cdn.shopify.com/s/files/1/0653/3470/6391/files/460120_5.webp?v=1776398931
9175276257495,"( 1 Pack / 2 Pcs ) Press Plates for 75T Shop Press (for SKU: 200063, 200064)",press-plates-for-75t-shop-press,MechMaxx,accessories,"0zs, Automotive Equipments & Tools, Shop Press, Spare Parts",2026-04-20T19:17:59-07:00,2026-02-04T20:49:45-08:00,2026-07-20T11:17:43-07:00,460121,359.99,509.99,true,36015,https://cdn.shopify.com/s/files/1/0653/3470/6391/files/460121_5.webp?v=1776398928
8969817391319,"( 1 Pack / 2 Pcs ) Pressure Washer LED Lights with Line (for SKU: 204003, 204004, 204007, 204008, 204011, 204012)",led-lights-with-line-2pcs-per-set,MechMaxx,accessories,"01BBB, 0ZS, Janitorial & Cleaning, other spare part, Pressure Washers, Skid Mounted Pressure Washers, SMS",2025-08-14T03:42:28-07:00,2025-07-10T23:17:11-07:00,2026-07-20T11:17:43-07:00,464011,129.99,169.99,true,2722,https://cdn.shopify.com/s/files/1/0653/3470/6391/files/hot_water_pressure_washer_accessories_1.webp?v=1755141029
9072252747991,( 1 Pack / 2 Pcs ) Push Rod Tension Spring for 34 Ton Kinetic Log Splitter (SKU: 150243),1-pack-2-pcs-push-rod-tension-spring-for-34-ton-kinetic-log-splitter-sku-150243,MechMaxx,accessories,"01BBB, 150243, Log Splitter part, SMS",2025-10-22T02:15:38-07:00,2025-10-20T19:59:36-07:00,2026-07-20T11:17:43-07:00,412135,49.99,65.99,true,680,https://cdn.shopify.com/s/files/1/0653/3470/6391/files/412135-1.webp?v=1761015600
8530626838743,"( 1 Pack / 2 Pcs ) Replacement Shanks for Land Leveler and Box Blade LP72, LP84, LP96, BB60, BB72, BB84, BB96, SSLP72, SSLP84 (SKU: 201004, 201005, 201044, 201019, 201020, 201021, 201045, 201030, 201031)",1-pack-2-pcs-replacement-shanks-for-land-leveler-lp72-and-lp84-sku-201004-201005,MechMaxx,accessories,"00Z, 01BBB, 0zs, 201004, 201005, AAA20, Accessories, Box Blades, Land Leveler Spare Part, Land Planes, Landscaping, SMS, Tractor, Tractor Implements & Attachments",2024-05-31T02:49:19-07:00,2024-05-26T23:23:46-07:00,2026-07-20T11:17:43-07:00,201011,79.99,99.99,true,8618,https://cdn.shopify.com/s/files/1/0653/3470/6391/files/DSC00072.webp?v=1747063913
8929048461527,( 1 Pack / 2 Pcs ) Rubber Tracks for Tracked Dumper D50HTFL (SKU: 100900),1-pack-2-pcs-rubber-track-for-tracked-dumper-d50htfl-sku-100900,MechMaxx,accessories,"01BBB, 0zs, 100900, Lawn & Garden, Mini Dumpers, Rubber Tracks, SMS, Tracked Mini Dumpers",2025-08-15T01:59:34-07:00,2025-06-09T19:26:10-07:00,2026-07-20T11:17:43-07:00,461103,349.99,459.99,true,38102,https://cdn.shopify.com/s/files/1/0653/3470/6391/files/461103-1.webp?v=1752255870
9175209246935,( 1 Pack / 2 Pcs ) Rubber Tracks for Walk Behind Flail Mower SFM27T (for SKU: 201029),rubber-track-for-walk-behind-flail-mower-sfm27t,MechMaxx,accessories,"0zs, 201029, Spare Parts",2026-03-19T23:58:23-07:00,2026-02-04T19:01:29-08:00,2026-07-20T11:17:43-07:00,461189,199.99,239.99,true,18,https://cdn.shopify.com/s/files/1/0653/3470/6391/files/461189-3.webp?v=1773906009
9115325726935,"( 1 Pack / 2 Pcs ) Spring Tooth Fastening Device for Hay Rake Tedder, HT100 (SKU: 150217)",1-pack-2-pcs-spring-tooth-fastening-device-for-hay-rake-tedder-ht100-sku-150217,MechMaxx,accessories,"01BBB, 150217, other spare part, SMS",2025-11-22T02:29:59-08:00,2025-11-21T22:50:38-08:00,2026-07-20T11:17:43-07:00,412057,59.99,79.99,true,907,https://cdn.shopify.com/s/files/1/0653/3470/6391/files/412057-_1.webp?v=1763794379
9076477952215,( 1 Pack / 2 Pcs )Oil Pipe of Rotary Cylinder for VAM Mowers (SKU: 150143; 150143G; 150144;150144G; 150145）,1-pack-2-pcs-oil-pipe-of-swing-cylinder-for-vam-mowers-sku-150143-150144-150145-copy,MechMaxx,accessories,"01BBB, 150143, 150144, 150145, Accessories, SMS",2025-10-25T02:58:23-07:00,2025-10-25T01:51:08-07:00,2026-07-20T11:17:43-07:00,412130,89.99,,true,0,https://cdn.shopify.com/s/files/1/0653/3470/6391/files/412130.webp?v=1772179812
9076477427927,( 1 Pack / 2 Pcs )Oil Pipe of Swing Cylinder for VAM Mowers (SKU: 150143; 150143G; 150144;150144G; 150145）,swing-cylinder-for-vam-mowers-sku-150143-150144-150145-copy,MechMaxx,accessories,"01BBB, 150143, 150144, 150145, Accessories, SMS",2025-10-25T02:58:23-07:00,2025-10-25T01:45:06-07:00,2026-07-20T11:17:43-07:00,412129,79.99,,true,0,https://cdn.shopify.com/s/files/1/0653/3470/6391/files/412129.webp?v=1772179848
9314832908503,"( 1 Pack / 2 Sets ) Backhoe Lower Link Pin Set (for SKU: 150162, 150163, 150164, 201162, 201163, 201164)",461220-backhoe-lower-link-pin-set,MechMaxx,accessories,"0zs, 150162, 150163, 150164, 201162, 201163, 201164, PTO Backhoes part, Tractor Implements & Attachments part",2026-07-11T03:21:06-07:00,2026-07-01T20:23:01-07:00,2026-07-20T11:17:43-07:00,461220,69.99,79.99,true,1497,https://cdn.shopify.com/s/files/1/0653/3470/6391/files/461220.webp?v=1783056704
8929059045591,( 1 Pack / 2 Sets ) CAT 1 & 2 Lower Link Pin Set,1-pack-2-pcs-cat-ii-lower-link-pin,MechMaxx,accessories,"0zs, 150162, 150163, PTO Backhoes part, SMS, Tractor Implements & Attachments part",2026-02-04T23:47:16-08:00,2025-06-09T20:00:01-07:00,2026-07-20T11:17:43-07:00,461108,69.99,89.99,true,2313,https://cdn.shopify.com/s/files/1/0653/3470/6391/files/CAT.IILowerLinkPin_3.webp?v=1755322419
9314831433943,"( 1 Pack / 2 Sets ) Landscape Rake Wheel Kit (for SKU: 201023, 201024)",461219-landscape-rake-wheel-kit,MechMaxx,accessories,"0zs, 201023, 201024, Landscape Rakes part, Landscaping part, Tractor Implements & Attachments part",2026-07-05T19:37:31-07:00,2026-07-01T20:14:40-07:00,2026-07-20T11:17:43-07:00,461219,299.99,359.99,true,28985,https://cdn.shopify.com/s/files/1/0653/3470/6391/files/461219-1.webp?v=1783056667
8805638537431,( 1 Pack / 2 Sets ) Replacement Steering Handle & Steering Cable Kit for Tracked Dumper D50HTFL (SKU: 100900),1-pack-1-pcs-steering-handle-for-tracked-dumper-d50htfl-sku-100900,MechMaxx,accessories,"00Z, 01BBB, 0zs, 100900, Accessories, active, other spare part, SMS",2025-01-12T17:15:24-08:00,2025-01-09T07:42:27-08:00,2026-07-20T11:17:43-07:00,461006,89.99,,true,1134,https://cdn.shopify.com/s/files/1/0653/3470/6391/files/461006-2.webp?v=1752472401
8336869785815,( 1 Pack / 20 Blades ) SM-26 Sawmill Blade (SKU: 150166; 150166D6; 150166K6）,26sawmill-1pack20blades,MechMaxx,accessories,"01BBB, AAA41, Accessories, sawblade, Sawmill accessories, SMS",2025-06-29T18:56:54-07:00,2024-03-27T23:56:29-07:00,2026-07-20T11:17:43-07:00,410108,339.99,,true,25855,https://cdn.shopify.com/s/files/1/0653/3470/6391/files/2620PCS.webp?v=1719998709
8434895782103,( 1 Pack / 20 Blades ) SM-32 Sawmill Blades (150167; 150167K4; 150167D6; 150167K6; 150167H6),1-pack-20-blades-sm-32-sawmill-blade-sku-150167,MechMaxx,accessories,"01BBB, 32 inch Sawmill, AAA41, sawblade, Sawmill accessories, SMS",2024-04-25T22:35:53-07:00,2024-04-23T23:54:54-07:00,2026-07-20T11:17:43-07:00,410109,359.99,,true,26943,https://cdn.shopify.com/s/files/1/0653/3470/6391/files/3220PCS.webp?v=1719997436
9052207481047,"( 1 Pack / 20 Pcs ) 1"" x 5"" Spoon Coring Plugs for 3 Point Drum Plug Aerator, DLA50; DLA60 (SKU: 150270; 150271)",spoon-coring-plugs-for-3-point-drum-plug-aerator,MechMaxx,accessories,"01BBB, 150270, 150271",2025-09-30T02:56:46-07:00,2025-09-30T02:28:05-07:00,2026-07-20T11:17:43-07:00,412084,169.99,229.99,true,2722,https://cdn.shopify.com/s/files/1/0653/3470/6391/files/412084.webp?v=1759226114
9016219402455,( 1 Pack / 20 Pcs ) 20 pcs Shelf Clips for Dry Cabinet,20-pcs-shelf-clips,MechMaxx,accessories,"01BBB, 0zs, 463003, Dry Cabinets part, Laboratory Equipment & Supplies part, SMS",2025-11-26T23:41:39-08:00,2025-08-21T09:11:52-07:00,2026-07-20T11:17:43-07:00,463003,39.99,59.99,true,1361,https://cdn.shopify.com/s/files/1/0653/3470/6391/files/Clips_1.webp?v=1764811338
9217433174231,( 1 Pack / 21 Pcs ) Teeth for Mini Skid Steer Drum Forestry Brush Mulcher Attachment,410125,MechMaxx,accessories,"150601, Mini Skid Steer Attachments, Mini Track Loader Attachments, Spare Parts",2026-04-01T19:47:06-07:00,2026-03-18T18:34:04-07:00,2026-07-20T11:17:43-07:00,410125,339.99,379.99,true,11340,https://cdn.shopify.com/s/files/1/0653/3470/6391/files/410125_1.webp?v=1773884066
8908624036055,"( 1 Pack / 21 Pcs )Bandwheel Bearings for Portable Sawmill, SM-32; SM-36MAX; SM-36HMAX (SKU: 150167; 150167K4; 150167D6; 150167K6; 150167H6; 150168MAX; 150168HMAX; 150268)",1-pack-21-pcs-bandwheel-bearings-for-32-portable-sawmill-sm-32-sku-150167-150167k4-150167d6-150167k6-150167h6,MechMaxx,accessories,"01BBB, 150167, 150168HMAX, 150168max, Accessories, sawmill, Sawmill accessories, SM32, SMS, Woodworking Machinery",2025-05-21T17:51:33-07:00,2025-05-09T03:45:43-07:00,2026-07-20T11:17:43-07:00,412024,82.99,,true,1361,https://cdn.shopify.com/s/files/1/0653/3470/6391/files/412024-_2.webp?v=1747797968
8761192972503,( 1 Pack / 24 Pcs ) Spring Teeth for Hay Baler HB3120  (SKU: 150215）,24-pcsteech-for-hay-baler,MechMaxx,accessories,"01BBB, 150215, AAA40, Accessories, active, hay baler, hay equipment, Hay Equipment Combo, SMS, teeth",2024-11-19T01:45:59-08:00,2024-11-12T23:32:40-08:00,2026-07-20T11:17:43-07:00,410705,68.99,,true,10886,https://cdn.shopify.com/s/files/1/0653/3470/6391/files/springteeth_3a98d5ce-4dd0-4ea8-81b6-5ce4f8d7dd6f.webp?v=1732000090
9175278944471,( 1 Pack / 3 Pcs ) Belts for FMS60 Orchard Finsh Mower (for SKU: 201123),belts-for-fms60-orchard-finsh-mower,MechMaxx,accessories,"01BBB, 0zs, 201123, Belt, Spare Parts, Tractor Implements & Attachments part",2026-02-24T00:03:42-08:00,2026-02-04T20:54:57-08:00,2026-07-20T11:17:43-07:00,461175,69.99,89.99,true,1588,https://cdn.shopify.com/s/files/1/0653/3470/6391/files/461175_3.webp?v=1770860089
9175279141079,( 1 Pack / 3 Pcs ) Belts for FMS72 Orchard Finsh Mower (for SKU: 201124),belts-for-fms72-orchard-finsh-mower,MechMaxx,accessories,"01BBB, 0zs, 201124, Belt, Spare Parts, Tractor Implements & Attachments part",2026-02-24T00:03:42-08:00,2026-02-04T20:55:19-08:00,2026-07-20T11:17:43-07:00,461176,69.99,89.99,true,1588,https://cdn.shopify.com/s/files/1/0653/3470/6391/files/461176_2.webp?v=1770860114
8134903365847,( 1 Pack / 3 Pcs ) Blade for FM120 (SKU: 150146）,blade-for-fm120,MechMaxx,accessories,"01BBB, 150146, AAA40, Accessories, Cutting Tools, Mower Blade, PTO Finishing Mower Blade, SMS",2023-11-01T20:28:16-07:00,2023-08-25T02:38:25-07:00,2026-07-20T11:17:43-07:00,406601,69.99,69.99,true,3175,https://cdn.shopify.com/s/files/1/0653/3470/6391/files/SKU406601BladeForFM120.webp?v=1716868116
8134904185047,( 1 Pack / 3 Pcs ) Blade for FM150 (SKU: 150147）,blade-for-fm150,MechMaxx,accessories,"01BBB, 150147, AAA40, Accessories, Cutting Tools, Mower Blade, PTO Finishing Mower Blade, SMS",2023-11-01T20:28:51-07:00,2023-08-25T02:46:28-07:00,2026-07-20T11:17:43-07:00,406602,72.99,79.99,true,3629,https://cdn.shopify.com/s/files/1/0653/3470/6391/files/SKU406602BladeForFM150.webp?v=1716976740
8134904676567,( 1 Pack / 3 Pcs ) Blade for FM180 (SKU: 150148）,1-pack-3-pcs-blade-for-fm180-sku-150148,MechMaxx,accessories,"01BBB, 150148, AAA40, Accessories, Cutting Tools, Mower Blade, PTO Finishing Mower Blade, SMS",2023-11-01T19:10:14-07:00,2023-08-25T02:50:07-07:00,2026-07-20T11:17:43-07:00,406603,79.99,89.99,true,4082,https://cdn.shopify.com/s/files/1/0653/3470/6391/files/SKU406603BladeforFM180.webp?v=1717031787
9084491038935,"( 1 Pack / 3 Pcs ) Bucket Tooth for Mini Compact Excavator MEC17,MEC17PRO (SKU: 150533, 150534）",1-pack-1-pcs-cooling-fan-assembly-for-mini-compact-excavator-mec17-sku-150533-150534,MechMaxx,accessories,"01BBB, 1.7ton, 150533, 150534, 412073, active, Mini Excavator Spare Parts, SMS",2025-11-05T02:43:25-08:00,2025-10-30T00:30:55-07:00,2026-07-20T11:17:43-07:00,412073,79.99,105.99,true,4536,https://cdn.shopify.com/s/files/1/0653/3470/6391/files/412073.webp?v=1762326315
9175168057559,"( 1 Pack / 3 Pcs ) Ductile Iron Wheels for Cultipacker (for SKU: 201131, 201132, 201133)",roller-for-cultipacker,MechMaxx,accessories,"0zs, Cultipackers, Spare Parts, Tillage, Tractor Implements & Attachments",2026-03-25T19:54:55-07:00,2026-02-04T18:11:14-08:00,2026-07-20T11:17:43-07:00,461159,149.99,179.99,true,12519,https://cdn.shopify.com/s/files/1/0653/3470/6391/files/461159_1.webp?v=1774422883
9175169827031,( 1 Pack / 3 Pcs ) Lever Sets for D50HTFL (for SKU: 100900),lever-sets-for-d50htfl,MechMaxx,accessories,"00Z, 01BBB, 0zs, 100900",2026-02-24T00:34:16-08:00,2026-02-04T18:18:42-08:00,2026-07-20T11:17:43-07:00,461028,49.99,69.99,true,363,https://cdn.shopify.com/s/files/1/0653/3470/6391/files/461028-1.webp?v=1770275178
8530961465559,( 1 Pack / 3 Pcs ) Replacement Tines for for 3 Shank Subsoiler SS3S (SKU: 201008),1-pack-3-pcs-replacement-tines-for-for-3-shank-subsoiler-ss3s-sku-201008,MechMaxx,accessories,"00Z, 01BBB, 0zs, 201008, AAA20, Accessories, Plow, SMS, Subsoiler, Tillage, Tractor, Tractor Implements & Attachments",2024-05-31T02:51:33-07:00,2024-05-27T01:05:16-07:00,2026-07-20T11:17:43-07:00,201014,99.99,119.00,true,7711,https://cdn.shopify.com/s/files/1/0653/3470/6391/files/201014-_1.webp?v=1716797549
8530628673751,( 1 Pack / 3 Pcs ) Replacement Wear Strips for 3 Shank Subsoiler SS3S (SKU: 201008),1-pack-3-pcs-replacement-wear-strips-for-3-shank-subsoiler-ss3s-sku-201008,MechMaxx,accessories,"01BBB, 0zs, 201008, AAA20, Accessories, SMS, Subsoiler, Tillage, Tractor, Tractor Implements & Attachments",2024-07-13T02:00:15-07:00,2024-05-26T23:27:24-07:00,2026-07-20T11:17:43-07:00,201013,69.99,249.00,true,5897,https://cdn.shopify.com/s/files/1/0653/3470/6391/files/201013wearstrip.webp?v=1721732061
9120477675735,( 1 Pack / 3 Pcs ) Tooth Kit for Heavy Duty Stump Bucket (for SKU: 201048),1-pack-3-pcs-tooth-kit-for-heavy-duty-stump-bucket-for-sku-201048,MechMaxx,accessories,"01BBB, 0zs, 201048, Skid Steer Attachments Part, Skid Steer Stump Buckets Part",2025-12-23T20:03:57-08:00,2025-11-28T01:38:07-08:00,2026-07-20T11:17:43-07:00,461155,89.99,109.99,true,5987,https://cdn.shopify.com/s/files/1/0653/3470/6391/files/Tooth_Kit.webp?v=1765348232
8117205991639,"( 1 Pack / 3 Pcs ) V Belt For ATV Mower, 17*1016 (SKU 150149）",v-belt-17-1016,MechMaxx,accessories,"01BBB, 150149, AAA40, Accessories, Belt, SMS",2023-08-25T03:41:43-07:00,2023-08-02T23:15:47-07:00,2026-07-20T11:17:43-07:00,401501,59.99,79.99,true,907,https://cdn.shopify.com/s/files/1/0653/3470/6391/files/1Pack3Pcs_VBeltForATVMowerSKU401051.webp?v=1720072438
8117134590167,"( 1 Pack / 3 Pcs ) V Belt for EFS Mower, 13*1041 (SKU: 150134; 150134G;150135;150135G;150136）",v-belt-13-1041,MechMaxx,accessories,"01BBB, 150134, 150135, 150136, AAA40, Accessories, All Flail Mowers, Belt, Belt 1 PTO Flial mower, SMS",2023-08-25T03:40:41-07:00,2023-08-02T20:01:29-07:00,2026-07-20T11:17:43-07:00,401201,59.99,79.99,true,907,https://cdn.shopify.com/s/files/1/0653/3470/6391/files/VBeltforEFSMower.webp?v=1720074955
8762848018647,"( 1 Pack / 3 Pcs ) V Belt for Mower VAM48; VAM60, 17*991 (SKU: 150143;150143G; 150144;150144G)",1-pack-3-pcs-v-belt-for-vam-mower-17-991-sku-150143-150144-150145,MechMaxx,accessories,"01BBB, 150143, 150144, AAA40, Accessories, active, Belt, SMS",2024-11-14T16:57:47-08:00,2024-11-14T16:54:28-08:00,2026-07-20T11:17:43-07:00,401301-3,59.99,79.99,true,907,https://cdn.shopify.com/s/files/1/0653/3470/6391/files/1Pack3Pcs_VBeltForMowerSKU4010511_webp.png?v=1731632584
8865767850199,"( 1 Pack / 4 Pcs ) Backhoe Bucket Teeth (for SKU: 150162, 150163, 150164, 201162, 201163, 201164)",1-pack-4-pcs-backhoe-bucket-teeth-for-sku-150162-150163-150164,MechMaxx,accessories,"00Z, 01BBB, 0ZS, 150162, 150163, 150164, Accessories, All PTO Backhoes, BACKHOE, Backhoe attachment, backhoe for tractor, SMS, teeth",2025-06-09T20:19:51-07:00,2025-03-17T07:06:42-07:00,2026-07-20T11:17:43-07:00,461091,99.99,,true,5443,https://cdn.shopify.com/s/files/1/0653/3470/6391/files/Backhoe_Bucket_Teeth-1.webp?v=1749520847
8760737956055,( 1 Pack / 4 Pcs ) Belt for AGF; VBM Flail Mower (SKU: 150202; 150203; 150204; 150290）,1-pack-4-pcs-belt-for-agf-vbm-flail-mower-sku-150202-150203-150204,MechMaxx,accessories,"01BBB, 150202, AAA40, Accessories, active, All Flail Mowers, Belt, Belt 1 PTO Flial mower, Heavy Duty Ditch Bank Flail Mowers, SMS",2024-11-12T03:33:14-08:00,2024-11-12T01:40:50-08:00,2026-07-20T11:17:43-07:00,401303,59.99,169.99,true,1361,https://cdn.shopify.com/s/files/1/0653/3470/6391/files/401302belt.webp?v=1731403012
8791752736983,( 1 Pack / 4 Pcs ) Belt for Disc Mower(SKU: 150231; 150232）,1-pack-4-pcs-belt-for-disc-mower,MechMaxx,accessories,"01BBB, 150231, 150232, Accessories, active, Belt, SMS",2025-02-20T01:48:52-08:00,2024-12-29T22:43:25-08:00,2026-07-20T11:17:43-07:00,410222,78.99,,true,2268,https://cdn.shopify.com/s/files/1/0653/3470/6391/files/disc_mower_belt_410222.webp?v=1740052294
8151833051351,"( 1 Pack / 4 Pcs ) Belt for PTO Mower BEMZ180, 17*1143Li (SKU: 150160）",belt-for-pto-mower-bemz180,MechMaxx,accessories,"01BBB, 150160, AAA40, Accessories, Belt, Belt 1 PTO Flial mower, SMS",2025-09-10T00:27:19-07:00,2023-10-10T20:13:31-07:00,2026-07-20T11:17:43-07:00,406401,59.99,89.99,true,1361,https://cdn.shopify.com/s/files/1/0653/3470/6391/files/BeltforPTOMowerBEMZ180.webp?v=1720075348
8760725110999,( 1 Pack / 4 Pcs ) Belt for VAM72 Flail Mower (SKU: 150201）,1-pack-4-pcs-belt-for-flail-mower-vam72-sku-401302,MechMaxx,accessories,"01BBB, 150201, AAA40, Accessories, active, All Flail Mowers, Belt, Belt 1 PTO Flial mower, Heavy Duty Ditch Bank Flail Mowers, SMS",2024-11-12T03:33:13-08:00,2024-11-12T01:04:24-08:00,2026-07-20T11:17:43-07:00,401302,59.99,169.99,true,1361,https://cdn.shopify.com/s/files/1/0653/3470/6391/files/401302belt.webp?v=1731403012
8626824577239,( 1 Pack / 4 Pcs ) Belt for Wood Chipper DCH7 (SKU: 110700; 110700Y; 110700H）,belt-for-wood-chipper-dch7-sku-110700,MechMaxx,accessories,"01BBB, 110700, 7 in Wood Chipper Part, AAA40, Accessories, Belt, Belt 4 Gas Wood chipper, DCH7, SMS",2024-07-11T20:51:00-07:00,2024-07-08T19:01:34-07:00,2026-07-20T11:17:43-07:00,409101B,102.99,,true,907,https://cdn.shopify.com/s/files/1/0653/3470/6391/files/409101BDCH7KevlarV-belts_3000x_c811c4b6-27fa-44fe-90b7-b37a1c3ab117.webp?v=1721207249
9159092830423,"( 1 Pack / 4 Pcs ) Belt for ZONSEN Wood Chipper B200, A1367Li  (SKU: 110810）",belts-for-wood-chipper-b200-sku-110810-110811,MechMaxx,accessories,"110810, B200, Belt, Spare Parts",2026-01-19T23:11:02-08:00,2026-01-19T00:35:02-08:00,2026-07-20T11:17:43-07:00,412196,82.99,109.99,true,907,https://cdn.shopify.com/s/files/1/0653/3470/6391/files/412196_1.webp?v=1768892368
8117217591511,( 1 Pack / 4 Pcs ) Blade for AGFK Mowers (SKU: 150158; 150159）,blade-for-agfk-mowers,MechMaxx,accessories,"01BBB, Accessories, Cutting Tools, Hammer, PTO Hammer, SMS",2025-09-10T00:27:19-07:00,2023-08-02T23:48:09-07:00,2026-07-20T11:17:43-07:00,402102,69.99,129.99,false,5443,https://cdn.shopify.com/s/files/1/0653/3470/6391/files/402102.webp?v=1757499445
8386965209303,( 1 Pack / 4 Pcs ) Blade for Wood Chipper BX42S; BX42H (SKU: 150170;150178）,1-pack-4-pcs-blade-for-wood-chipper-bx42s-bx42h-sku-150170-150178,MechMaxx,accessories,"01BBB, 150170, 150178, AAA40, Accessories, Blade, blade 2 PTO Wood Chipper, Cutting Tools, SMS",2024-04-27T19:20:57-07:00,2024-04-13T00:14:09-07:00,2026-07-20T11:17:43-07:00,402005,79.99,,true,1814,https://cdn.shopify.com/s/files/1/0653/3470/6391/files/BladeforPTOWoodChipperBX42S.webp?v=1720076728
8229652529367,( 1 Pack / 4 Pcs ) Blade for Wood Chipper GC75 (SKU: 110900）,blade-for-wood-chipper-gc75sku-110900,MechMaxx,accessories,"01BBB, 110900, AAA40, Accessories, Blade1 gas wood chipper, Chipper Blade, Cutting Tools, SMS",2024-01-03T01:08:10-08:00,2024-01-02T18:49:14-08:00,2026-07-20T11:17:43-07:00,409201,69.99,69.99,true,1361,https://cdn.shopify.com/s/files/1/0653/3470/6391/files/BladeforWoodChipperGC75.webp?v=1720076404
9116134867159,( 1 Pack / 4 Pcs ) Blade for Wood Chipper WC68H (SKU: 150180）,1-pack-1-pcs-blade-for-wood-chipper-wc68h-sku-150180,MechMaxx,accessories,"01BBB, 150180, SMS",2025-12-03T04:11:24-08:00,2025-11-23T22:40:39-08:00,2026-07-20T11:17:43-07:00,412163,89.99,,true,2495,https://cdn.shopify.com/s/files/1/0653/3470/6391/files/412163-_1.webp?v=1764764337
9175278780631,( 1 Pack / 4 Pcs ) Blades for FMS Orchard Finsh Mower (for SKU: 201123; 201124）,blades-for-fms-orchard-finsh-mower,MechMaxx,accessories,"01BBB, 0zs, 201123, 201124, Blade, Spare Parts, Tractor Implements & Attachments part",2026-02-24T00:03:42-08:00,2026-02-04T20:54:36-08:00,2026-07-20T11:17:43-07:00,461174,69.99,89.99,true,2903,https://cdn.shopify.com/s/files/1/0653/3470/6391/files/461174_2.webp?v=1770860020
9104255189207,( 1 Pack / 4 Pcs ) Buffer Rubber Gasket for Sawmill,1-pack-4-pcs-buffer-rubber-gasket-for-sawmill,MechMaxx,accessories,"01BBB, sawmill_part_tongyong, SMS",2025-11-12T23:10:03-08:00,2025-11-12T18:53:55-08:00,2026-07-20T11:17:43-07:00,412132,49.99,65.99,true,136,https://cdn.shopify.com/s/files/1/0653/3470/6391/files/412132-_2.webp?v=1763606830
9023231557847,( 1 Pack / 4 Pcs ) Folding Clasp for Wood Chipper GS1500;  PGS1500; P4206; P4205; B150; B200,1-pack-4-pcs-folding-clasp-for-wood-chipper-gs1500-pgs1500-p4206-p4205-b150-b200,MechMaxx,accessories,"01BBB, 110200, 110400, 110601, 110801, 110802, 110803, 110804, 110805, 110810, 5 in Wood Chipper Part, 6 in Wood Chipper Part, 8 in Wood Chipper Part, ACCESSORIES, SMS",2025-08-29T20:54:08-07:00,2025-08-29T18:01:14-07:00,2026-07-20T11:17:43-07:00,410789,49.99,,true,907,https://cdn.shopify.com/s/files/1/0653/3470/6391/files/410789-_1.webp?v=1756518813
9023249023191,( 1 Pack / 4 Pcs ) Folding Clasp for Wood Chipper GS650 ( SKU: 110100; 110101 ),1-pack-4-pcs-folding-clasp-for-wood-chipper-gs650-sku-110100-110101,MechMaxx,accessories,"01BBB, 110100, 110101, 4 in Wood Chipper Part, ACCESSORIES, SMS",2025-08-29T20:54:22-07:00,2025-08-29T20:19:54-07:00,2026-07-20T11:17:43-07:00,410790,49.99,,true,454,https://cdn.shopify.com/s/files/1/0653/3470/6391/files/410790-_1_c098e99e-5214-41c5-b4e5-3095567dc6ee.webp?v=1758103137
9111844618455,( 1 Pack / 4 Pcs ) G1/2 to G3/8 Reducing Fitting for Tractor Attachment,1-pack-4-pcs-g1-2-to-g3-8-reducing-fitting-for-tractor-attachment,MechMaxx,accessories,"01BBB, SMS",2025-11-21T21:54:58-08:00,2025-11-20T00:00:45-08:00,2026-07-20T11:17:43-07:00,412100,69.99,89.99,true,0,https://cdn.shopify.com/s/files/1/0653/3470/6391/files/412100-_3.webp?v=1763630165
8751817326807,"( 1 Pack / 4 Pcs ) Kevlar V-belts for Honda Wood Chipper B200, (SKU: 110811）",kevlar-v-belts-for-b200-sku-110810,MechMaxx,accessories,"01BBB, 110801, 110802, 110803, 6 in Wood Chipper Part, 8 in Wood Chipper Part, Accessories, active, B200, Belt, Belt 4 Gas Wood chipper, SMS",2024-10-30T01:01:21-07:00,2024-10-30T00:44:41-07:00,2026-07-20T11:17:43-07:00,410218,82.99,,true,907,https://cdn.shopify.com/s/files/1/0653/3470/6391/files/410218_belt_fot_B200.webp?v=1731659890
8996024221911,( 1 Pack / 4 Pcs ) Protective Strip for Hay Baler HB3120  (SKU: 150215）,1-pack-4-pcs-protective-strip-for-hay-baler-hb3120-sku-150215,MechMaxx,accessories,"01BBB, 150215, other spare part, SMS",2025-08-30T02:59:11-07:00,2025-07-29T00:02:28-07:00,2026-07-20T11:17:43-07:00,410793,69.99,,true,2722,https://cdn.shopify.com/s/files/1/0653/3470/6391/files/410793-4.webp?v=1756544029
8530627592407,"( 1 Pack / 4 Pcs ) Replacement Dics for Disc Harrow DH60 and DH72 (SKU: 201006, 201007)",1-pack-4-pcs-replacement-dics-for-disc-harrow-dh60-and-dh72-sku-201006-201007,MechMaxx,accessories,"00Z, 01BBB, 0zs, 201006, 201007, AAA20, Accessories, Disc Harrows, Plow, SMS, Tillage, Tractor, Tractor Implements & Attachments",2024-05-31T02:51:47-07:00,2024-05-26T23:25:36-07:00,2026-07-20T11:17:43-07:00,201012,99.99,119.00,true,12701,https://cdn.shopify.com/s/files/1/0653/3470/6391/files/DSC00055.webp?v=1735628792
9030935216343,"( 1 Pack / 4 Pcs ) Rubber Foot Pad Set (for SKU: 150162, 150163, 150164, 201162, 201163, 201164)",rubber-foot-pad-set,MechMaxx,accessories,"0zs, 150162, PTO Backhoes part, SMS, Tractor Implements & Attachments part",2026-02-04T23:48:16-08:00,2025-09-10T00:27:15-07:00,2026-07-20T11:17:43-07:00,461136,119.99,149.99,true,3493,https://cdn.shopify.com/s/files/1/0653/3470/6391/files/461136.webp?v=1768984342
8893323903191,"( 1 Pack / 4 Pcs ) Teeth for Stump Grinder SG24; SG61,  (SKU: 409300)",1-pack-4-pcs-teeth-and-nut-for-stump-grinder-sg24-sg61-1-pack-4-teeth-sku-150151-150151g-150501,MechMaxx,accessories,,2025-04-23T03:04:10-07:00,2025-04-23T02:56:54-07:00,2026-07-20T11:17:43-07:00,409300,79.99,,false,3629,https://cdn.shopify.com/s/files/1/0653/3470/6391/files/409300_9f8f71d7-6b37-4dc7-a40d-f81c87d36c7c.webp?v=1750672371
8117247541463,( 1 Pack / 4 Pcs ) Teeth for Stump Grinder SGR1500 and SG380  (SKU: 130200; 130300; 130400）,teeth-for-sgr1500,MechMaxx,accessories,"01BBB, 130200, 130300, 130400, AAA40, Accessories, SMS, teeth",2024-05-08T06:21:51-07:00,2023-08-03T02:23:17-07:00,2026-07-20T11:17:43-07:00,405801,129.99,139.99,true,4536,https://cdn.shopify.com/s/files/1/0653/3470/6391/files/1Pack4PcsTeethforStumpGrinderSGR1500andSG380.webp?v=1720071487
8117144158423,"( 1 Pack / 4 Pcs ) V Belt for NAM, NAMH, VAM65 Mower, 17*991 (SKU: 150137; 150138; 150139; 150140; 150141; 150142; 150145）",v-belt-17-991,MechMaxx,accessories,"01BBB, 150137, 150138, 150139, 150140, 150141, 150142, 150143, 150144, 150145, AAA40, Accessories, All Flail Mowers, Belt, Belt 1 PTO Flial mower, SMS, Standard Ditch Bank Flail Mowers",2023-08-25T03:41:10-07:00,2023-08-02T20:43:19-07:00,2026-07-20T11:17:43-07:00,401301,59.99,79.99,true,998,https://cdn.shopify.com/s/files/1/0653/3470/6391/files/VBeltforNAM_NAMH_VAMMower.webp?v=1720075089
9015488512215,( 1 Pack / 4 Pcs ) Wheel for Finishing Mower (SKU: 150146; 150147; 150148）,1-pack-4-pcs-wheel-for-finishing-mower-sku-150146-150147-150148,MechMaxx,accessories,"01BBB, 150146, 150147, 150148, other spare part, SMS",2025-08-30T01:35:49-07:00,2025-08-19T19:28:27-07:00,2026-07-20T11:17:43-07:00,410785,99.99,109.99,true,11793,https://cdn.shopify.com/s/files/1/0653/3470/6391/files/fmmowerwheel-_1.webp?v=1755656979
9120468173015,( 1 Pack / 4 Set ) Clamping Jaw & Sliding Cover Set (for SKU: 200001),clamping-jaw-sliding-cover-set-2,MechMaxx,accessories,"0zs, Automotive Equipments & Tools, Spare Parts, Tire Changer Accessories & Parts, Tire Changers",2026-03-07T00:01:35-08:00,2025-11-28T01:01:05-08:00,2026-07-20T11:17:43-07:00,460065,69.99,89.99,true,2223,https://cdn.shopify.com/s/files/1/0653/3470/6391/files/460065_2.webp?v=1770365356
9120468304087,( 1 Pack / 4 Set ) Clamping Jaw & Sliding Cover Set (for SKU: 200002 200027 200005),clamping-jaw-sliding-cover-set-1,MechMaxx,accessories,"0zs, Automotive Equipments & Tools, Spare Parts, Tire Changer Accessories & Parts, Tire Changers",2026-03-07T00:03:39-08:00,2025-11-28T01:02:13-08:00,2026-07-20T11:17:43-07:00,460066,79.99,99.99,true,2812,https://cdn.shopify.com/s/files/1/0653/3470/6391/files/460066_5.webp?v=1770365383
9120468435159,( 1 Pack / 4 Set ) Clamping Jaw & Sliding Cover Set (for SKU: 200006 200028),clamping-jaw-sliding-cover-set,MechMaxx,accessories,"0zs, Automotive Equipments & Tools, Spare Parts, Tire Changer Accessories & Parts, Tire Changers",2026-03-07T00:05:50-08:00,2025-11-28T01:03:01-08:00,2026-07-20T11:17:43-07:00,460067,79.99,99.99,true,2812,https://cdn.shopify.com/s/files/1/0653/3470/6391/files/460067_1.webp?v=1770365453
8230768148695,( 1 Pack / 5 Blades ) SM-18 Sawmill Blade (SKU: 150165）,saw-blade-for-18-portable-sawmill-sm-18-sku-150165,MechMaxx,accessories,"01BBB, 150165, AAA41, Accessories, sawblade, Sawmill accessories, SMS",2024-01-14T19:16:00-08:00,2024-01-04T23:51:29-08:00,2026-07-20T11:17:43-07:00,410101,99.99,109.99,true,4990,https://cdn.shopify.com/s/files/1/0653/3470/6391/files/185PCS_5697315f-e3c7-44f9-af4e-db6ef4de5d2d.webp?v=1719995532
9028859363543,( 1 Pack / 5 Blades ) SM-26 Hardwood Sawmill Blades (SKU: 150166; 150166D6; 150166K6),1-pack-5-blades-sm-26-hardwood-sawmill-blades-sku-150166-150166d6,MechMaxx,accessories,"01BBB, 150166, 26 inch sawmill, AAA41, sawblade, Sawmill accessories, SMS",2025-09-07T18:59:59-07:00,2025-09-07T18:45:49-07:00,2026-07-20T11:17:43-07:00,410722,189.99,,true,7711,https://cdn.shopify.com/s/files/1/0653/3470/6391/files/410102.webp?v=1757296792
8760702238935,( 1 Pack / 5 Blades ) SM-26 Sawmill Blade (SKU: 150166; 150166D6; 150166K6）,1-pack-5-blades-sm-26-sawmill-blade-sku-150166,MechMaxx,accessories,"01BBB, AAA41, Accessories, sawblade, Sawmill accessories, SMS",2025-08-25T02:58:22-07:00,2024-11-11T23:56:46-08:00,2026-07-20T11:17:43-07:00,410102,119.99,,true,10886,https://cdn.shopify.com/s/files/1/0653/3470/6391/files/410102.webp?v=1757296792
8768441974999,( 1 Pack / 5 Blades ) SM-32 Hardwood Sawmill Blades (SKU: 150167; 150167K4; 150167D6; 150167K6; 150167H6),1-pack-5-blades-sm-32-sawmill-hardwood-blades-sku-150167,MechMaxx,accessories,"01BBB, 32 inch Sawmill, AAA41, sawblade, Sawmill accessories, SMS",2025-03-19T02:12:29-07:00,2024-11-22T00:05:18-08:00,2026-07-20T11:17:43-07:00,410717,249.99,209.99,true,7711,https://cdn.shopify.com/s/files/1/0653/3470/6391/files/325PCS.webp?v=1714110783
8230665453783,( 1 Pack / 5 Blades ) SM-32 Sawmill Blade (150167; 150167K4; 150167D6; 150167K6; 150167H6),410103-sawmill-blade,MechMaxx,accessories,"01BBB, 32 inch Sawmill, AAA41, sawblade, Sawmill accessories, SMS",2025-06-20T23:48:53-07:00,2024-01-04T18:13:16-08:00,2026-07-20T11:17:43-07:00,410103,169.99,,true,6804,https://cdn.shopify.com/s/files/1/0653/3470/6391/files/325PCS.webp?v=1714110783
8768440828119,( 1 Pack / 5 Blades ) SM-36MAX Hardwood Sawmill Blades (SKU: 150168MAX; 150168HMAX; 150268）,1-pack-5-blades-sm-36max-hardwood-sawmill-blades-sku-150168max-150168hmax,MechMaxx,accessories,"01BBB, 150168HMAX, 150168MAX, AAA41, Accessories, Cutting Tools, sawblade, Sawmill accessories, SMS",2025-07-22T22:54:21-07:00,2024-11-22T00:03:58-08:00,2026-07-20T11:17:43-07:00,410718,269.99,,true,9072,https://cdn.shopify.com/s/files/1/0653/3470/6391/files/36MAX5PCS.webp?v=1742377319
9120468074711,( 1 Pack / 5 Pcs ) Air Muffler (for SKU: 200001 200002 200027 200005 200006 200028),air-muffler-1,MechMaxx,accessories,"0zs, Automotive Equipments & Tools, Spare Parts, Tire Changer Accessories & Parts, Tire Changers",2026-03-06T23:58:31-08:00,2025-11-28T00:59:42-08:00,2026-07-20T11:17:43-07:00,460064,39.99,59.99,true,91,https://cdn.shopify.com/s/files/1/0653/3470/6391/files/460064_2.webp?v=1770365321
8672496550103,( 1 Pack / 5 Pcs ) Blade for Single Blade Edger ( SKU: 150230 ),1-pack-1-pcs-blade-for-single-blade-edger-sku-150230,MechMaxx,accessories,"01BBB, 150230, AAA41, Accessories, Blade for Single Blade Edger, single blade edger, SMS",2024-08-16T02:47:57-07:00,2024-08-15T19:24:44-07:00,2026-07-20T11:17:43-07:00,410120,89.99,,true,3856,https://cdn.shopify.com/s/files/1/0653/3470/6391/files/410120singlebladeedgerblade.webp?v=1723775105
9175168024791,"( 1 Pack / 5 Pcs ) Tines for Soil Pulverizer (for SKU: 201125, 201126, 201127, 201128, 201129, 201130)",tines-for-soil-pulverizer,MechMaxx,accessories,"0zs, Soil Pulverizers, Spare Parts, Tillage, Tractor Implements & Attachments",2026-03-25T19:52:28-07:00,2026-02-04T18:11:00-08:00,2026-07-20T11:17:43-07:00,461158,99.99,119.99,true,6985,https://cdn.shopify.com/s/files/1/0653/3470/6391/files/461158_1.webp?v=1774422862
9046668607703,"( 1 Pack / 5 Pcs ) V Belt for Mower KDK63H;KDK72H;KDK78H;KDK87H, AV17x1245Li (SKU: 150205;150206;150207;150208)",1-pack-5-pcs-v-belt-for-mower-kdk63h-kdk72h-kdk78h-kdk87h-av17x1245li-sku-150205-150206-150207-150208,MechMaxx,accessories,"01BBB, 150205, 150206, 150207, 150208, Accessories, active, Belt, SMS",2025-09-26T06:53:18-07:00,2025-09-26T05:33:10-07:00,2026-07-20T11:17:43-07:00,412076,69.99,89.99,true,1814,https://cdn.shopify.com/s/files/1/0653/3470/6391/files/412076Belt_96ba827b-0fbc-4e30-aa55-a2bee33e6110.webp?v=1758894794
9120482984151,"( 1 Pack / 6 Pcs ) 6 pcs Rubber Mounting Clamps (for SKU: 204002, 204003, 204004, 204006, 204007, 204008, 204010, 204011, 204012)",rubber-mounting-clamps,MechMaxx,accessories,"0zs, Janitorial & Cleaning, Portable Pressure Washers, Pressure Washers, Skid Mounted Pressure Washers, Spare Parts",2026-03-10T18:22:41-07:00,2025-11-28T01:44:03-08:00,2026-07-20T11:17:43-07:00,464017,59.99,79.99,true,1315,https://cdn.shopify.com/s/files/1/0653/3470/6391/files/464017_4.webp?v=1773119615
8661918908631,"( 1 Pack / 6 Pcs ) Chain Mount Assembly for Mini Trencher TCR1500 (SKU: 120200, 120201)",1-pack-6-pcs-chain-mount-assembly-for-mini-trencher-tcr1500-sku-120200-120201,MechMaxx,accessories,"01BBB, 120200, AAA40, Accessories, Mini Trencher, other spare part, SMS",2024-08-30T03:30:59-07:00,2024-08-06T02:15:58-07:00,2026-07-20T11:17:43-07:00,404002,69.99,,true,1950,https://cdn.shopify.com/s/files/1/0653/3470/6391/files/404002-_2.webp?v=1725005668
8661919924439,"( 1 Pack / 6 Pcs ) Double Teeth Mount Assembly for Mini Trencher TCR1500 (SKU: 120200, 120201)",1-pack-6-pcs-double-teeth-mount-assembly-for-mini-trencher-tcr1500-sku-120200-120201,MechMaxx,accessories,"01BBB, 120200, AAA40, Accessories, Mini Trencher, other spare part, SMS",2024-08-30T03:30:59-07:00,2024-08-06T02:16:59-07:00,2026-07-20T11:17:43-07:00,404004,89.99,,true,2313,https://cdn.shopify.com/s/files/1/0653/3470/6391/files/404004-_3.webp?v=1725005803
9035884658903,"( 1 Pack / 6 Pcs ) Filter Element Set for Mini Compact Excavator MEC17,MEC17PRO (SKU: 150533, 150534）",1-pack-6-pcs-filter-element-set-for-mini-compact-excavator-mec17-sku-150533-150534,MechMaxx,accessories,"01BBB, 1.7ton, 150533, 150534, 412059, active, Mini Excavator Spare Parts, SMS",2025-11-06T02:52:42-08:00,2025-09-16T00:56:44-07:00,2026-07-20T11:17:43-07:00,412059,209.99,269.99,true,2268,https://cdn.shopify.com/s/files/1/0653/3470/6391/files/412059-1.webp?v=1762419614
8805650202839,( 1 Pack / 6 Pcs ) Replacement Rubber Mats for Tracked Dumper D50HTFL (SKU: 100900),1-pack-6-pcs-rubber-mats-for-tracked-dumper-d50htfl-sku-100900,MechMaxx,accessories,"00Z, 01BBB, 0zs, 100900, Accessories, active, other spare part, SMS",2025-01-12T17:18:20-08:00,2025-01-09T08:02:47-08:00,2026-07-20T11:17:43-07:00,461018,36.99,,true,408,https://cdn.shopify.com/s/files/1/0653/3470/6391/files/461018-1.webp?v=1736912019
9314834022615,"( 1 Pack / 6 Pcs ) Screws for Electrical Control Box (for SKU: 204002, 204003, 204004, 204006, 204007, 204008, 204010, 204011, 204012)",464042-screws-for-electrical-control-box,MechMaxx,accessories,"0zs, 204002, 204003, 204004, 204006, 204007, 204008, 204010, 204011, 204012, Janitorial & Cleaning Part, Portable Pressure Washer Part, Pressure Washer Part, Skid Mounted Pressure Washer Part",2026-07-11T02:53:39-07:00,2026-07-01T20:36:23-07:00,2026-07-20T11:17:43-07:00,464042,39.99,49.99,true,91,https://cdn.shopify.com/s/files/1/0653/3470/6391/files/16_f1547311-95be-4cec-a267-5846a4f86846.webp?v=1783650136
8661919432919,"( 1 Pack / 6 Pcs ) Single Teeth Mount Assembly for Mini Trencher TCR1500 (SKU: 120200, 120201)",1-pack-6-pcs-single-teeth-mount-assembly-for-mini-trencher-tcr1500-sku-120200-120201,MechMaxx,accessories,"01BBB, 120200, AAA40, Accessories, Mini Trencher, other spare part, SMS",2024-08-30T03:30:59-07:00,2024-08-06T02:16:32-07:00,2026-07-20T11:17:43-07:00,404003,79.99,,true,1678,https://cdn.shopify.com/s/files/1/0653/3470/6391/files/404003-_2.webp?v=1725005758
8591028748503,( 1 Pack / 8 Pcs ) Blade for BEMZ Mowers (SKU: 150160）,1-pack-8-pcs-blade-for-bemz-mowers-sku-150160,MechMaxx,accessories,"01BBB, 150160, AAA40, Accessories, All Flail Mowers, Cutting Tools, Hammer, Heavy Duty Ditch Bank Flail Mowers, PTO Hammer, SMS",2024-06-19T19:29:57-07:00,2024-06-19T19:20:36-07:00,2026-07-20T11:17:43-07:00,402101-8,82.99,169.99,true,13154,https://cdn.shopify.com/s/files/1/0653/3470/6391/files/402101-8_hammer.webp?v=1723606951
9311808553175,( 1 Pack / 8 Pcs ) Blade for Drum Mower DM53 (SKU: 150235）,1-pack-2-pcs-blade-for-drum-mower-dm53-sku-150235,MechMaxx,accessories,"Drum Mower, hay equipment, Spare Parts",2026-06-30T20:33:18-07:00,2026-06-30T00:33:41-07:00,2026-07-20T11:17:43-07:00,410013,59.99,,true,907,https://cdn.shopify.com/s/files/1/0653/3470/6391/files/410013-_1.webp?v=1782876774
9175277568215,( 1 Pack / 8 Pcs ) Blades for LRT Rotary Tiller (for SKU: 201103; 201104; 201105; 201106）,blades-for-lrt-rotary-tiller,MechMaxx,accessories,"01BBB, 0zs, 201103, 201104, 201105, 201106, Blade, Rotary Tillers part, Spare Parts, Tillage part, Tractor Implements & Attachments part",2026-02-12T01:32:33-08:00,2026-02-04T20:52:20-08:00,2026-07-20T11:17:43-07:00,461170,69.99,89.99,true,5488,https://cdn.shopify.com/s/files/1/0653/3470/6391/files/461170_2.webp?v=1770859733
9175278223575,( 1 Pack / 8 Pcs ) Blades for RSB Stone Burier (for SKU: 201119; 201121）,blades-for-rsb-stone-burier,MechMaxx,accessories,"01BBB, 0zs, 201119, 201121, Blade, Rotary Tillers part, Spare Parts, Tillage part, Tractor Implements & Attachments part",2026-02-24T00:03:42-08:00,2026-02-04T20:53:32-08:00,2026-07-20T11:17:43-07:00,461173,79.99,69.99,true,7121,https://cdn.shopify.com/s/files/1/0653/3470/6391/files/461173_1.webp?v=1770859952
8591042511063,( 1 Pack / 8 Pcs ) Hammer for AGF; VBM; KDK Flail Mower (SKU: 150202; 150203; 150204; 150205; 150206; 150207; 150208; 150205; 150206; 150207; 150208; 150290）,1-pack-8-pcs-blade-for-agfk-mowers-sku-150158-150159,MechMaxx,accessories,"01BBB, 150158, 150159, 150202, 150203, 150204, 150205, 150206, 150207, 150208, AAA40, Accessories, All Flail Mowers, Cutting Tools, Hammer, Heavy Duty Ditch Bank Flail Mowers, PTO Hammer, SMS",2024-06-19T19:32:27-07:00,2024-06-19T19:30:29-07:00,2026-07-20T11:17:43-07:00,402102-8,79.99,129.99,true,9525,https://cdn.shopify.com/s/files/1/0653/3470/6391/files/402102-8.webp?v=1745834476
9101586038999,( 1 Pack / 8 Pcs ) Hammers for ATV Flail Mower ATV120; ATV140 (SKU: 150133; 150149; 150291),1-pack-8-pcs-hammers-for-atv-flail-mower-atv120-sku-150149,MechMaxx,accessories,"01BBB, 150149, Accessories, Cutting Tools, Hammer, SMS",2025-11-08T02:18:04-08:00,2025-11-08T02:13:42-08:00,2026-07-20T11:17:43-07:00,412056,69.99,89.99,true,3629,https://cdn.shopify.com/s/files/1/0653/3470/6391/files/400701-8-_2.webp?v=1758013072
8590885978327,( 1 Pack / 8 Pcs ) Hammers for Mowers SSFM-70; ERM80 and EFS Series (SKU: 150134;150134G;150135;150135G;150136; 150149; 150150; 150209),1-pack-8-pcs-hammers-for-atv-mowers-ssfm-70-and-efs-mowers-sku-150134-150135-150136-150149-150150,MechMaxx,accessories,"01BBB, 150134, 150135, 150136, 150150, 150209, AAA40, Accessories, Cutting Tools, Hammer, SMS",2024-06-19T18:03:09-07:00,2024-06-19T17:37:48-07:00,2026-07-20T11:17:43-07:00,400701-8,69.99,89.99,true,2585,https://cdn.shopify.com/s/files/1/0653/3470/6391/files/400701-8-_2.webp?v=1758013072
8590887518423,( 1 Pack / 8 Pcs ) Hammers for NAM; NAM-H; VAM72 Mowers (SKU: 150137; 150138; 150139; 150140; 150141; 150142; 150201）,1-pack-8-pcs-hammers-for-nam-nam-h-mowers-sku-150137-150138-150139-150140-150141-150142,MechMaxx,accessories,"01BBB, 150137, 150138, 150139, 150140, 150141, 150142, 150201, AAA40, Accessories, All Flail Mowers, Cutting Tools, Hammer, Heavy Duty Ditch Bank Flail Mowers, PTO Hammer, SMS",2024-06-19T18:02:20-07:00,2024-06-19T17:38:55-07:00,2026-07-20T11:17:43-07:00,400801-8,69.99,119.99,true,7257,https://cdn.shopify.com/s/files/1/0653/3470/6391/files/400801-8_7838e736-5019-4ab8-a61c-f056235ff331.webp?v=1745834298
8590888206551,( 1 Pack / 8 Pcs ) Hammers for VAM Mowers (SKU: 150143; 150143G; 150144; 150144G; 150145）,1-pack-8-pcs-hammers-for-vam-mowers-sku-150143-150144-150145,MechMaxx,accessories,"01BBB, 150143, 150144, 150145, AAA40, Accessories, All Flail Mowers, Cutting Tools, Hammer, PTO Hammer, SMS, Standard Ditch Bank Flail Mowers",2024-06-19T18:05:46-07:00,2024-06-19T17:39:21-07:00,2026-07-20T11:17:43-07:00,400901-8,69.99,79.99,true,3402,https://cdn.shopify.com/s/files/1/0653/3470/6391/files/400901-8_5686cae2-ead0-4017-b8bd-54c0077f4c5e.webp?v=1745834444
8761193365719,( 1 Pack / 8 Pcs ) Jute Twine for Hay Baler HB3120  (SKU: 150215）,8-roll-rope-for-hay-baler,MechMaxx,accessories,"01BBB, 150215, AAA40, Accessories, active, hay baler, hay equipment, Hay Equipment Combo, other spare part, SMS",2024-11-19T01:47:09-08:00,2024-11-12T23:33:25-08:00,2026-07-20T11:17:43-07:00,410707,262.99,,true,33112,https://cdn.shopify.com/s/files/1/0653/3470/6391/files/JuteTwinefor8.webp?v=1732009403
9175270621399,( 1 Pack / 8 Pcs ) Pin Clips for 20T Shop Press (for SKU: 200060),pin-clips-for-20t-shop-press,MechMaxx,accessories,"0zs, Automotive Equipments & Tools, Shop Press, Spare Parts",2026-04-20T19:52:40-07:00,2026-02-04T20:43:54-08:00,2026-07-20T11:17:43-07:00,460116,39.99,59.99,true,136,https://cdn.shopify.com/s/files/1/0653/3470/6391/files/460116_1.webp?v=1776394713
9175271964887,"( 1 Pack / 8 Pcs ) Pin Clips for 30/50/75T Shop Press (for SKU: 200061, 200062, 200063, 200064)",pin-clips-for-30-50-75t-shop-press,MechMaxx,accessories,"0zs, Automotive Equipments & Tools, Shop Press, Spare Parts",2026-04-20T19:48:12-07:00,2026-02-04T20:45:02-08:00,2026-07-20T11:17:43-07:00,460117,39.99,59.99,true,136,https://cdn.shopify.com/s/files/1/0653/3470/6391/files/460117_2.webp?v=1776395007
8887454597335,"( 1 Pack / 8 Pcs ) Replacement Blades for Walk Behind Flail Mowers (SKU: 201028, 201029）",blades-for-walk-behind-flail-mower,MechMaxx,accessories,"01BBB, 0ZS, 201028, 201029, Accessories, Blade, SMS",2025-04-25T23:35:50-07:00,2025-04-15T09:17:49-07:00,2026-07-20T11:17:43-07:00,461101,59.99,79.99,true,998,https://cdn.shopify.com/s/files/1/0653/3470/6391/files/0ab119c0015d041bd2ed1872a05f2ff.webp?v=1745596477
8117218148567,( 1 Pack / 8 Pcs ) Teeth for Skid Steer Loader Trencher (SKU: 150101; 150102; 150103; 150104; 150105）,teeth-for-skid-steer-loader-trencher,MechMaxx,accessories,"01BBB, 150101, 150102, 150103, 150104, 150105, AAA40, Accessories, Cutting Tools, SMS, teeth",2023-08-25T03:42:09-07:00,2023-08-02T23:53:10-07:00,2026-07-20T11:17:43-07:00,401701,149.99,260.99,false,5443,https://cdn.shopify.com/s/files/1/0653/3470/6391/files/401701-01.webp?v=1700470654
8791752310999,( 1 Pack / 8 Pcs )Blades for Disc Mower(SKU: 150231）,410226,MechMaxx,accessories,"01BBB, 150231, Accessories, active, SMS",2024-12-31T01:20:27-08:00,2024-12-29T22:41:56-08:00,2026-07-20T11:17:43-07:00,410226,68.99,,true,2722,https://cdn.shopify.com/s/files/1/0653/3470/6391/files/410226-_1.webp?v=1735629694
9020145959127,"( 1 Pack / 8 Pcs )Saw Seat Bearings for 18"" Portable Sawmill, SM-18 (SKU: 150165）",412042,MechMaxx,accessories,"01BBB, Accessories, other spare part, sawmill, Sawmill accessories, SMS, Woodworking Machinery",2025-08-26T00:12:17-07:00,2025-08-25T23:39:43-07:00,2026-07-20T11:17:43-07:00,412042,58.99,59.99,true,1361,https://cdn.shopify.com/s/files/1/0653/3470/6391/files/412042-_1.webp?v=1756191573
8865766605015,(1 Pack / 1 Pair) Left & Right Arm Booms for Tracked Dumper D50HTFL (for SKU: 100900),arm-assembly-for-tracked-dumper-d50htfl-sku-100900,MechMaxx,accessories,"00Z, 01BBB, 0zs, 100900",2025-09-24T18:18:33-07:00,2025-03-17T07:02:31-07:00,2026-07-20T11:17:43-07:00,461027,249.99,,true,18144,https://cdn.shopify.com/s/files/1/0653/3470/6391/files/461027-1.webp?v=1752256372
8687702245591,(1 Pack / 1 Pcs) KOHLER Engine Throttle Choke Cable Controls Replace for TCR1500; SG380 (SKU: 120201;130400;130400Y),throttle-choke-cable-controls-replacement-for-mini-trencher,MechMaxx,accessories,"01BBB, 120201, 130400, AAA40, Accessories, Gas Stump Grinder, Mini Trencher, SMS",2024-08-30T03:31:00-07:00,2024-08-30T01:20:25-07:00,2026-07-20T11:17:43-07:00,404008,52.99,,true,1361,https://cdn.shopify.com/s/files/1/0653/3470/6391/files/404007-_2_2ebd675b-ee7f-4ba4-bc7d-fa61f9898c1d.webp?v=1725006072
8226334343383,"(1 Pack / 12 Pcs) Teeth and Nuts for Stump Grinder SG24; SG24PRO; SG28; SG30PRO; SG61, (SKU: 150151;150151G;150181;150181G;150182;150182G;150183;150183G;150501; 150602)",teeth-and-nut-for-pto-stump-grinder-sg24-1-12teech,MechMaxx,accessories,"01BBB, 150151, 150151G, 150181, 150181G, 150182, 150183, 150183G, 150501, 150602, AAA40, Accessories, Cutting Tools, PTO Stump Grinder, SMS, Stump Grinder for Tractor, teeth",2023-12-26T04:42:01-08:00,2023-12-24T23:13:34-08:00,2026-07-20T11:17:43-07:00,409401,169.99,,true,3175,https://cdn.shopify.com/s/files/1/0653/3470/6391/files/1Pack12Pcs_TeethandNutforPTOStumpGrinderSG24.webp?v=1720059251
8226343059671,"(1 Pack / 18 Pcs) Teeth and Nuts for Stump Grinder SG24; SG24PRO; SG28; SG30PRO; SG61, (SKU: 150151; 150151G; 150181; 150181G; 150182; 150182G; 150183; 150183G; 150501; 150602)",teeth-and-nut-for-pto-stump-grinder-sg24-1-18teech,MechMaxx,accessories,"01BBB, 150151, 150151G, 150181, 150181G, 150182, 150183, 150183G, 150501, 150602, AAA40, Accessories, Cutting Tools, PTO Stump Grinder, SMS, Stump Grinder for Tractor, teeth",2023-12-26T04:44:15-08:00,2023-12-24T23:25:05-08:00,2026-07-20T11:17:43-07:00,409501,239.99,,true,4763,https://cdn.shopify.com/s/files/1/0653/3470/6391/files/1Pack18Pcs_TeethandNutforStumpGrinder.webp?v=1783730793
9175276519639,"(1 Pack / 2 Pcs ) Press Plates for 100T Shop Press (for SKU: 200065, 200066)",press-plates-for-100t-shop-press,MechMaxx,accessories,"0zs, Automotive Equipments & Tools, Shop Press, Spare Parts",2026-04-20T19:17:09-07:00,2026-02-04T20:50:13-08:00,2026-07-20T11:17:43-07:00,460122,489.99,689.99,true,53977,https://cdn.shopify.com/s/files/1/0653/3470/6391/files/460122_4.webp?v=1776398924
8969962881239,"(1 Pack / 2 Pcs) Snow Blower Skid Shoe Weldment Kit with Mounting Hardware (for SKU: 201042, 201042T, 201015, 201015T, 201016, 201016T, 201043, 201043T)",snow-blower-skid-shoes,MechMaxx,accessories,"00Z, 01BBB, 0ZS, 201015, 201016, 201042, 201043, active, other spare part, SMS, Snow Blower, Tractor Implements & Attachments part",2025-11-13T23:23:06-08:00,2025-07-11T02:39:23-07:00,2026-07-20T11:17:43-07:00,461125,99.99,119.99,true,5488,https://cdn.shopify.com/s/files/1/0653/3470/6391/files/Snow_blower_skid_shoe_1.webp?v=1763110289
8135162659031,"(1 Pack / 34 Pcs) Teeth and Nuts for Stump Grinder SG24; SG24PRO; SG28; SG30PRO; SG61, (SKU: 150151;150151G;150181;150181G;150182;150182G;150183;150183G;150501; 150602)",pto-grinder-teeth,MechMaxx,accessories,"01BBB, 150151, 150151G, 150181, 150181G, 150182, 150183, 150183G, 150501, 150602, AAA40, Accessories, Cutting Tools, SMS, Stump Grinder for Tractor, teeth",2023-11-01T20:02:18-07:00,2023-08-25T20:47:33-07:00,2026-07-20T11:17:43-07:00,406201,469.99,469.99,true,8618,https://cdn.shopify.com/s/files/1/0653/3470/6391/files/1Pack34Pcs_TeethforPTOStumpGrinderSG24.webp?v=1720059371
9102219673815,(1 Pack / 4 Pcs) Teeth for Stump Grinder SG24; SG61;  (SKU: 409302),1-pack-4-pcs-teeth-for-stump-grinder-sg24-sg61-1-pack-4-teeth-sku-150151-150151g-150501,MechMaxx,accessories,,2025-11-09T17:05:01-08:00,2025-11-09T17:05:01-08:00,2026-07-20T11:17:43-07:00,409302,79.99,,false,3629,https://cdn.shopify.com/s/files/1/0653/3470/6391/files/409300_9f8f71d7-6b37-4dc7-a40d-f81c87d36c7c.webp?v=1750672371
9032032813271,"(1 Pack /1 Pcs) Taper Lock Pulley and Key for Wood Chipper GS1500 (SKU:110200, 110200K, 110200Y)",1-pack-1-pcs-pulley-and-key-for-wood-chipper-gs1500-sku-110200-110200k,MechMaxx,accessories,"01BBB, 110200, 5 in Wood Chipper Part, AAA40, Accessories, GS1500, pulley, SMS",2025-10-09T03:58:42-07:00,2025-09-11T01:28:00-07:00,2026-07-20T11:17:43-07:00,407601N,69.99,,true,1814,https://cdn.shopify.com/s/files/1/0653/3470/6391/files/407601N-1_1.webp?v=1758093753
9103630860503,"(1 Pack/15 Pcs Width11.81""Height1.89"")Extra Drawer Shot Dividers For Modular Tool Cabinet",1-pack-15-pcs-width11-81height1-89extra-drawer-shot-dividers-for-modular-tool-cabinet,MechMaxx,accessories,"01BBB, 301005, 301006, Dividers For Modular Tool Cabinet",2025-12-02T23:04:19-08:00,2025-11-11T22:24:18-08:00,2026-07-20T11:17:43-07:00,480108,84.99,,true,0,https://cdn.shopify.com/s/files/1/0653/3470/6391/files/480108.webp?v=1764048214
9103630303447,"(1 Pack/15 Pcs Width11.81""Height2.56"")Extra Drawer Shot Dividers For Modular Tool Cabinet",1-pack-15-pcs-width11-81height2-56extra-drawer-shot-dividers-for-modular-tool-cabinet,MechMaxx,accessories,"01BBB, 301004, 301005, 301006, Dividers For Modular Tool Cabinet",2025-12-02T23:04:19-08:00,2025-11-11T22:20:22-08:00,2026-07-20T11:17:43-07:00,480105,89.99,,true,0,https://cdn.shopify.com/s/files/1/0653/3470/6391/files/480105.webp?v=1764047745
9103630598359,"(1 Pack/15 Pcs Width11.81""Height4.53"")Extra Drawer Shot Dividers For Modular Tool Cabinet",1-pack-15-pcs-width11-81height4-53extra-drawer-shot-dividers-for-modular-tool-cabinet,MechMaxx,accessories,"01BBB, 301004, 301005, 301006, Dividers For Modular Tool Cabinet",2025-12-02T23:04:19-08:00,2025-11-11T22:22:55-08:00,2026-07-20T11:17:43-07:00,480106,109.99,,true,0,https://cdn.shopify.com/s/files/1/0653/3470/6391/files/480106.webp?v=1764047803
9103630762199,"(1 Pack/15 Pcs Width11.81""Height5.71"")Extra Drawer Shot Dividers For Modular Tool Cabinet",1-pack-15-pcs-width11-81height5-71extra-drawer-shot-dividers-for-modular-tool-cabinet,MechMaxx,accessories,"01BBB, 301004, 301005, 301006, Dividers For Modular Tool Cabinet",2025-12-02T23:04:19-08:00,2025-11-11T22:23:42-08:00,2026-07-20T11:17:43-07:00,480107,119.99,,true,0,https://cdn.shopify.com/s/files/1/0653/3470/6391/files/480107.webp?v=1764048003
9103630205143,"(1 Pack/25 Pcs Width7.83""Height1.89"")Extra Drawer Shot Dividers For Modular Tool Cabinet",1-pack-25-pcs-width7-83height1-89extra-drawer-shot-dividers-for-modular-tool-cabinet,MechMaxx,accessories,"01BBB, 301002, 301003, Dividers For Modular Tool Cabinet",2025-12-02T23:04:20-08:00,2025-11-11T22:19:42-08:00,2026-07-20T11:17:43-07:00,480104,89.99,,true,2495,https://cdn.shopify.com/s/files/1/0653/3470/6391/files/480104_4.webp?v=1762941028
9103629123799,"(1 Pack/25 Pcs Width7.83""Height2.56"")Extra Drawer Shot Dividers For Modular Tool Cabinet",1-pack-25-pcs-width7-83height2-56extra-drawer-shot-dividers-for-modular-tool-cabinet,MechMaxx,accessories,"01BBB, 301001, 301002, 301003, Dividers For Modular Tool Cabinet",2025-12-02T23:04:20-08:00,2025-11-11T22:10:38-08:00,2026-07-20T11:17:43-07:00,480101,99.99,,true,3039,https://cdn.shopify.com/s/files/1/0653/3470/6391/files/480101_2.webp?v=1762935145
9103629877463,"(1 Pack/25 Pcs Width7.83""Height4.53"")Extra Drawer Shot Dividers For Modular Tool Cabinet",1-pack-25-pcs-width7-83height4-53extra-drawer-shot-dividers-for-modular-tool-cabinet,MechMaxx,accessories,"01BBB, 301001, 301002, 301003, Dividers For Modular Tool Cabinet",2025-12-02T23:04:20-08:00,2025-11-11T22:18:16-08:00,2026-07-20T11:17:43-07:00,480102,129.99,,true,5035,https://cdn.shopify.com/s/files/1/0653/3470/6391/files/480102.webp?v=1762940539
9103630172375,"(1 Pack/25 Pcs Width7.83""Height5.71"")Extra Drawer Shot Dividers For Modular Tool Cabinet",1-pack-25-pcs-width7-83height5-71extra-drawer-shot-dividers-for-modular-tool-cabinet,MechMaxx,accessories,"01BBB, 301001, 301002, 301003, Dividers For Modular Tool Cabinet",2025-12-02T23:04:20-08:00,2025-11-11T22:19:11-08:00,2026-07-20T11:17:43-07:00,480103,139.99,,true,6350,https://cdn.shopify.com/s/files/1/0653/3470/6391/files/480103.webp?v=1762940635
9103631614167,"(1 Pack/6 Pcs Depth18.05""Height1.89"")Extra Drawer Long Dividers For Modular Tool Cabinet",1-pack-6-pcs-depth18-05height1-89extra-drawer-long-dividers-for-modular-tool-cabinet,MechMaxx,accessories,"01BBB, 301005, 301006, Dividers For Modular Tool Cabinet",2025-12-02T23:04:17-08:00,2025-11-11T22:28:21-08:00,2026-07-20T11:17:43-07:00,480116,89.99,,true,2994,https://cdn.shopify.com/s/files/1/0653/3470/6391/files/480116.webp?v=1764045833
9103631384791,"(1 Pack/6 Pcs Depth18.05""Height2.56"")Extra Drawer Long Dividers For Modular Tool Cabinet",1-pack-6-pcs-depth18-05height2-56extra-drawer-long-dividers-for-modular-tool-cabinet,MechMaxx,accessories,"01BBB, 301004, 301005, 301006, Dividers For Modular Tool Cabinet",2025-12-02T23:04:17-08:00,2025-11-11T22:27:04-08:00,2026-07-20T11:17:43-07:00,480113,99.99,,true,3583,https://cdn.shopify.com/s/files/1/0653/3470/6391/files/480113.webp?v=1764047456
9103631450327,"(1 Pack/6 Pcs Depth18.05""Height4.53"")Extra Drawer Long Dividers For Modular Tool Cabinet",1-pack-6-pcs-depth18-05height4-53extra-drawer-long-dividers-for-modular-tool-cabinet,MechMaxx,accessories,"01BBB, 301004, 301005, 301006, Dividers For Modular Tool Cabinet",2025-12-02T23:04:17-08:00,2025-11-11T22:27:36-08:00,2026-07-20T11:17:43-07:00,480114,109.99,,true,0,https://cdn.shopify.com/s/files/1/0653/3470/6391/files/480114.webp?v=1764047557
9103631548631,"(1 Pack/6 Pcs Depth18.05""Height5.71"")Extra Drawer Long Dividers For Modular Tool Cabinet",1-pack-6-pcs-depth18-05height5-71extra-drawer-long-dividers-for-modular-tool-cabinet,MechMaxx,accessories,"01BBB, 301004, 301005, 301006, Dividers For Modular Tool Cabinet",2025-12-02T23:04:17-08:00,2025-11-11T22:27:55-08:00,2026-07-20T11:17:43-07:00,480115,114.99,,true,4899,https://cdn.shopify.com/s/files/1/0653/3470/6391/files/480115.webp?v=1764047629
9103631352023,"(1 Pack/6 Pcs Depth24.07""Height1.89"")Extra Drawer Long Dividers For Modular Tool Cabinet",1-pack-6-pcs-depth24-07height1-89extra-drawer-long-dividers-for-modular-tool-cabinet,MechMaxx,accessories,"01BBB, 301002, 301003, Dividers For Modular Tool Cabinet",2025-12-02T23:04:18-08:00,2025-11-11T22:26:42-08:00,2026-07-20T11:17:43-07:00,480112,84.99,,true,3856,https://cdn.shopify.com/s/files/1/0653/3470/6391/files/480112.webp?v=1764047347
9103630926039,"(1 Pack/6 Pcs Depth24.07""Height2.56"")Extra Drawer Long Dividers For Modular Tool Cabinet",1-pack-6-pcs-depth24-07height2-56extra-drawer-long-dividers-for-modular-tool-cabinet,MechMaxx,accessories,"01BBB, 301001, 301002, 301003, Dividers For Modular Tool Cabinet",2025-12-02T23:04:18-08:00,2025-11-11T22:24:48-08:00,2026-07-20T11:17:43-07:00,480109,89.99,,true,4264,https://cdn.shopify.com/s/files/1/0653/3470/6391/files/480109.webp?v=1764046274
9103631089879,"(1 Pack/6 Pcs Depth24.07""Height4.53"")Extra Drawer Long Dividers For Modular Tool Cabinet",1-pack-6-pcs-depth24-07height4-53extra-drawer-long-dividers-for-modular-tool-cabinet,MechMaxx,accessories,"01BBB, 301001, 301002, 301003, Dividers For Modular Tool Cabinet",2025-12-02T23:04:18-08:00,2025-11-11T22:25:51-08:00,2026-07-20T11:17:43-07:00,480110,99.99,,true,6078,https://cdn.shopify.com/s/files/1/0653/3470/6391/files/480110.webp?v=1764046363
9103631319255,"(1 Pack/6 Pcs Depth24.07""Height5.71"")Extra Drawer Long Dividers For Modular Tool Cabinet",1-pack-6-pcs-depth24-07height5-71extra-drawer-long-dividers-for-modular-tool-cabinet,MechMaxx,accessories,"01BBB, 301001, 301002, 301003, Dividers For Modular Tool Cabinet",2025-12-02T23:04:18-08:00,2025-11-11T22:26:15-08:00,2026-07-20T11:17:43-07:00,480111,109.99,,true,7031,https://cdn.shopify.com/s/files/1/0653/3470/6391/files/480111.webp?v=1764047255
8761193627863,(1 roll)  Silage Wrap for HW20 Hay Wrapper (SKU: 150216）,1-rollfilm-for-hay-wrapper,MechMaxx,accessories,"01BBB, 150216, AAA40, Accessories, hay equipment, Hay Equipment Combo, hay wrapper, other spare part, SMS",2024-11-19T05:31:41-08:00,2024-11-12T23:34:02-08:00,2026-07-20T11:17:43-07:00,410709,92.99,,true,9979,https://cdn.shopify.com/s/files/1/0653/3470/6391/files/410709.webp?v=1732022470
8761193758935,(2 roll) Silage Wrap for HW20 Hay Wrapper (SKU: 150216）,2-rollfilm-for-hay-wrapper,MechMaxx,accessories,"01BBB, 150216, AAA40, Accessories, hay equipment, Hay Equipment Combo, hay wrapper, other spare part, SMS",2024-11-19T05:31:57-08:00,2024-11-12T23:34:18-08:00,2026-07-20T11:17:43-07:00,410710,152.99,,true,19958,https://cdn.shopify.com/s/files/1/0653/3470/6391/files/410710.webp?v=1732022477
9193045786839,(Discounted) Peace of Mind Protection Plan: SCHEDULED DELIVERY & FULL TRANSIT DAMAGE COVERAGE,discounted-peace-of-mind-protection-plan-scheduled-delivery-full-transit-damage-coverage,MechMaxx,accessories,SMS,2026-02-25T01:26:16-08:00,2026-02-25T01:17:31-08:00,2026-07-20T11:17:43-07:00,40000,9.98,,true,0,https://cdn.shopify.com/s/files/1/0653/3470/6391/files/default3.png?v=1750494461
8774749651159,(Maintenance Part) Air Filter For 10HP&15HP Air Compressor,air-filte-for-air-compressor-m10ac230-ml10-m15ac230-ml15,MechMaxx,accessories,"00C, 01BBB, 300002, 300003, 300004, 300010, 300011, AAA48, active, Air Compressor, Air Compressor Accessories, filter, Filter for Maintenance, Pneumatic Equipment, Pneumatic Equipment & Accessories, SMS",2024-12-03T17:29:57-08:00,2024-12-02T23:06:00-08:00,2026-07-20T11:17:43-07:00,480012,69.99,,true,454,https://cdn.shopify.com/s/files/1/0653/3470/6391/files/AircompressorAirfilter.webp?v=1733209592
8774761251031,(Maintenance Part) Air Filter For 20HP Air Compressor,air-filter-for-air-compressor-for-m20ac230-m20ac460-ml20,MechMaxx,accessories,"00C, 01BBB, 300001, 300002, 300009, 300010, AAA48, active, Air Compressor, Air Compressor Accessories, filter, Filter for Maintenance, Pneumatic Equipment, Pneumatic Equipment & Accessories, SMS",2024-12-03T17:29:58-08:00,2024-12-02T23:20:35-08:00,2026-07-20T11:17:43-07:00,480015,69.99,,true,454,https://cdn.shopify.com/s/files/1/0653/3470/6391/files/AircompressorAirfilter_f6af1292-e496-4bdd-80f0-72ba5a64a4eb.webp?v=1733210379
8774763020503,(Maintenance Part) Air Filter For 30HP Air Compressor,air-filter-for-air-compressor-m30ac230-m30ac460,MechMaxx,accessories,"00C, 01BBB, 300005, 300006, AAA48, active, Air Compressor, Air Compressor Accessories, filter, Filter for Maintenance, Pneumatic Equipment, Pneumatic Equipment & Accessories, SMS",2024-12-03T17:29:59-08:00,2024-12-02T23:22:52-08:00,2026-07-20T11:17:43-07:00,480016,75.99,,true,454,https://cdn.shopify.com/s/files/1/0653/3470/6391/files/AircompressorAirfilter_ebb38f53-235b-48b6-85a2-d95476b9b1e3.webp?v=1733210526
8774768132311,(Maintenance Part) Air Filter For 50HP Air Compressor,air-filter-for-air-compressor-m50ac230-m50ac460,MechMaxx,accessories,"00C, 01BBB, 300007, 300008, AAA48, active, Air Compressor, Air Compressor Accessories, filter, Filter for Maintenance, Pneumatic Equipment, Pneumatic Equipment & Accessories, SMS",2024-12-03T17:30:01-08:00,2024-12-02T23:30:25-08:00,2026-07-20T11:17:43-07:00,480019,89.99,,true,454,https://cdn.shopify.com/s/files/1/0653/3470/6391/files/AircompressorAirfilter_ebb38f53-235b-48b6-85a2-d95476b9b1e3.webp?v=1733210526
8753231200471,(Maintenance Part) Oil Filter  For 10HP Air Compressor,air-compressor-oil-fiter,MechMaxx,accessories,"00C, 01BBB, 300001, 300009, AAA48, active, Air Compressor, Air Compressor Accessories, filter, Filter for Maintenance, Pneumatic Equipment, Pneumatic Equipment & Accessories, SMS",2024-12-03T17:29:55-08:00,2024-10-31T23:48:46-07:00,2026-07-20T11:17:43-07:00,480010,65.99,,true,499,https://cdn.shopify.com/s/files/1/0653/3470/6391/files/Aircompressoroilfilter.webp?v=1730443352
8774751486167,(Maintenance Part) Oil Filter For 15HP&20HP Air Compressor,oil-filter-for-air-compressor-m15ac230-ml15-m20ac230-m20ac460-ml20,MechMaxx,accessories,"00C, 01BBB, 300003, 300004, 300011, AAA48, active, Air Compressor, Air Compressor Accessories, filter, Filter for Maintenance, Pneumatic Equipment, Pneumatic Equipment & Accessories, SMS",2024-12-03T17:29:57-08:00,2024-12-02T23:09:20-08:00,2026-07-20T11:17:43-07:00,480013,75.99,,true,798,https://cdn.shopify.com/s/files/1/0653/3470/6391/files/Air_compressor_oil_filter.webp?v=1733294695
8774765871319,(Maintenance Part) Oil Filter For 30HP&50HP Air Compressor,oil-filter-for-air-compressor-m30ac230-m30ac460-m50ac230-m50ac460,MechMaxx,accessories,"00C, 01BBB, 300005, 300006, AAA48, active, Air Compressor, Air Compressor Accessories, filter, Filter for Maintenance, Pneumatic Equipment, Pneumatic Equipment & Accessories, SMS",2024-12-03T17:30:00-08:00,2024-12-02T23:27:43-08:00,2026-07-20T11:17:43-07:00,480018,99.99,,true,1048,https://cdn.shopify.com/s/files/1/0653/3470/6391/files/Air_compressor_oil_filter.webp?v=1733294695
8774746341591,(Maintenance Part) Oil-air Separator Filter For 10HP Air Compressor,oil-air-separator-filter-for-air-compressor-m10ac230-ml10,MechMaxx,accessories,"00C, 01BBB, 300002, 300003, 300004, 300010, 300011, AAA48, active, Air Compressor, Air Compressor Accessories, filter, Filter for Maintenance, Pneumatic Equipment, Pneumatic Equipment & Accessories, SMS",2024-12-03T17:29:56-08:00,2024-12-02T23:00:52-08:00,2026-07-20T11:17:43-07:00,480011,109.99,,true,748,https://cdn.shopify.com/s/files/1/0653/3470/6391/files/Aircompressoroil-air3.webp?v=1733208870
8774757056727,(Maintenance Part) Oil-air Separator Filter For 15HP&20HP Air Compressor,oil-air-separator-filter-for-air-compressor-m15ac230-ml15-m20ac230-m20ac460-ml20,MechMaxx,accessories,"00C, 01BBB, 300001, 300009, AAA48, active, Air Compressor, Air Compressor Accessories, filter, Filter for Maintenance, Pneumatic Equipment, Pneumatic Equipment & Accessories, SMS",2024-12-03T17:29:58-08:00,2024-12-02T23:16:01-08:00,2026-07-20T11:17:43-07:00,480014,135.99,,true,1497,https://cdn.shopify.com/s/files/1/0653/3470/6391/files/Aircompressoroil-air3_10f17041-3c18-4d58-9ee6-c2c8d190f7db.webp?v=1733210121
8774764462295,(Maintenance Part) Oil-air Separator Filter For 30HP Air Compressor,oil-air-separator-filter-for-air-compressor-m30ac230-m30ac460,MechMaxx,accessories,"00C, 01BBB, 300005, 300006, 300007, 300008, AAA48, active, Air Compressor, Air Compressor Accessories, filter, Filter for Maintenance, Pneumatic Equipment, Pneumatic Equipment & Accessories, SMS",2024-12-03T17:29:59-08:00,2024-12-02T23:25:43-08:00,2026-07-20T11:17:43-07:00,480017,165.99,,true,1647,https://cdn.shopify.com/s/files/1/0653/3470/6391/files/Aircompressoroil-air3_10f17041-3c18-4d58-9ee6-c2c8d190f7db.webp?v=1733210121
8774770360535,(Maintenance Part) Oil-air Separator Filter For 50HP Air Compressor,oil-air-separator-filter-for-air-compressor-m50ac230-m50ac460,MechMaxx,accessories,"00C, 01BBB, 300007, 300008, AAA48, active, Air Compressor, Air Compressor Accessories, filter, Filter for Maintenance, Pneumatic Equipment, Pneumatic Equipment & Accessories, SMS",2024-12-03T17:30:04-08:00,2024-12-02T23:33:34-08:00,2026-07-20T11:17:43-07:00,480020,219.99,,true,2345,https://cdn.shopify.com/s/files/1/0653/3470/6391/files/Aircompressoroil-air3_10f17041-3c18-4d58-9ee6-c2c8d190f7db.webp?v=1733210121
8968806531287,"1 HP 16''x16'' Multi-Function Metal Lathe Milling Machine Head for Metalworking Combo Lathe, Drilling, and Milling Operations with Powerful Motor, Perfect for DIY, Workshops, and Professional Combination Metalworking Projects without Stand CLM1620",1-hp-multi-function-lathe-milling-machine-head-for-metalworking-lathe-drilling-and-milling-operations-with-powerful-motor-perfect-for-diy-workshops-and-professional-metalworking-projects,MechMaxx,machine,"00precision, 01AAA, _ClogA05, BalckFriday, bfsales2-1127, Centre Lathes, coupon, Lathes & Mill Drill Combination, MECHMAXX Brand, Metalworking Machines, New Products, on-sale, SMS",2025-07-09T19:22:14-07:00,2025-07-09T19:22:12-07:00,2026-07-20T11:17:43-07:00,500103,2299.00,2799.00,true,210013,https://cdn.shopify.com/s/files/1/0653/3470/6391/files/CLM1620.webp?v=1755071362
8968825143511,"1 HP 16''x32'' Multi-Function Metal Lathe Milling Machine Head for Metalworking – Lathe, Drilling, and Milling Operations with Powerful Motor, Perfect for DIY, Workshops, and Professional Metalworking Projects without Stand CLM1632",1-hp-16x20-multi-function-lathe-milling-machine-head-for-metalworking-lathe-drilling-and-milling-operations-with-powerful-motor-perfect-for-diy-workshops-and-professional-metalworking-projects-without-stand,MechMaxx,machine,"00precision, 01AAA, _ClogA05, BalckFriday, Centre Lathes, coupon, Lathes & Mill Drill Combination, MECHMAXX Brand, Metalworking Machines, New Products, sales, SMS",2025-07-09T20:01:08-07:00,2025-07-09T20:01:07-07:00,2026-07-20T11:17:43-07:00,500105,2699.00,3099.00,false,296196,https://cdn.shopify.com/s/files/1/0653/3470/6391/files/CLM1632.webp?v=1755071607
9175207477463,"1 Pcs Direction Change Handle & 1 Pcs Direction Change Cable for Walk Behind Flail Mower (for SKU: 201028,201029)",direction-change-handle-direction-change-cable-for-walk-behind-flail-mower,MechMaxx,accessories,"0zs, 201028, 201029, Spare Parts",2026-03-19T23:47:37-07:00,2026-02-04T18:52:07-08:00,2026-07-20T11:17:43-07:00,461184,69.99,89.99,true,363,https://cdn.shopify.com/s/files/1/0653/3470/6391/files/461184.webp?v=1773906143
9175172546775,"1 Pcs Throttle Switch & 1 Pcs Throttle Cable for Walk Behind Flail Mower (for SKU: 201028,201029)",throttle-switch-throttle-cable-for-walk-behind-flail-mower,MechMaxx,accessories,"0zs, 201028, 201029, Spare Parts",2026-03-19T23:42:23-07:00,2026-02-04T18:21:04-08:00,2026-07-20T11:17:43-07:00,461182,59.99,79.99,true,136,https://cdn.shopify.com/s/files/1/0653/3470/6391/files/461182.webp?v=1773906003
8794804388055,"1-10% RH Electronic Dry Cabinet 1430L ESD Desiccator Cabinet Ultra-Low Humidity Storage,  EDC1430C-6",1430-l-electric-dry-cabinet-1-10-rh-desiccator-cabinet-low-humidity,MechMaxx,machine,"00renew, 00Z, 01AAA, 02J-series, 0ZS, 1-10% Dry Cabinets, _ClogA10, aaa-lab, AAA20, active, bfsales0, bfsales1, bfsales1-1127, blackfriday, coupon, Dry Cabinets, Laboratory Equipment & Supplies, MECHMAXX Brand, SMS",2025-01-14T01:09:39-08:00,2025-01-04T00:22:02-08:00,2026-07-20T11:17:43-07:00,203008,3699.00,4799.00,true,223167,https://cdn.shopify.com/s/files/1/0653/3470/6391/files/DSC06170.webp?v=1736844297
9016217731287,"1-10% RH Electronic Dry Cabinet 1430L ESD Desiccator Cabinet Ultra-Low Humidity Storage,  White,  EDC1430CW-6",1-10-rh-electronic-dry-cabinet-1430l-esd-desiccator-cabinet-ultra-low-humidity-storage-white-edc1430cw-6,MechMaxx,machine,"00renew, 00Z, 01AAA, 02J-series, 0ZS, 1-10% Dry Cabinets, _ClogA10, aaa-lab, AAA20, active, blackfriday, coupon, Dry Cabinets, Laboratory Equipment & Supplies, MECHMAXX Brand, sales, SMS",2025-10-31T00:15:09-07:00,2025-08-21T09:06:37-07:00,2026-07-20T11:17:43-07:00,203008W,3699.00,4799.00,true,223167,https://cdn.shopify.com/s/files/1/0653/3470/6391/files/Dry_Cabinet_1430cw.webp?v=1764567164
9016213274839,"1-10% RH Electronic Dry Cabinet 210L ESD Desiccator Cabinet Ultra-Low Humidity Storage,  EDC210C",1-10-rh-electronic-dry-cabinet-210l-esd-desiccator-cabinet-ultra-low-humidity-storage-edc210c,MechMaxx,machine,"00renew, 00Z, 01AAA, 02J-series, 0ZS, 1-10% Dry Cabinets, _ClogA10, aaa-lab, AAA20, active, coupon, Dry Cabinets, Laboratory Equipment & Supplies, MECHMAXX Brand, sales, SMS",2025-10-29T22:54:57-07:00,2025-08-21T08:56:07-07:00,2026-07-20T11:17:43-07:00,203013,1599.00,2299.00,true,66224,https://cdn.shopify.com/s/files/1/0653/3470/6391/files/ElectronicDryCabinet210_70355d60-a5bb-456e-9a17-d04996e1a9e3.webp?v=1761740738
9016216060119,"1-10% RH Electronic Dry Cabinet 210L ESD Desiccator Cabinet Ultra-Low Humidity Storage,  White,  EDC210CW",1-10-rh-electronic-dry-cabinet-210l-esd-desiccator-cabinet-ultra-low-humidity-storage-white-edc210cw,MechMaxx,machine,"00renew, 00Z, 01AAA, 02J-series, 0zs, 1-10% Dry Cabinets, _ClogA10, aaa-lab, AAA20, active, blackfriday, coupon, Dry Cabinets, Laboratory Equipment & Supplies, MECHMAXX Brand, sales, SMS",2025-10-31T00:15:01-07:00,2025-08-21T09:03:26-07:00,2026-07-20T11:17:43-07:00,203013W,1599.00,2299.00,false,66224,https://cdn.shopify.com/s/files/1/0653/3470/6391/files/Dry_Cabinet_210_0d947ab4-ad3f-4de1-9690-121528456dda.webp?v=1764566867
8794803503319,"1-10% RH Electronic Dry Cabinet 320L ESD Desiccator Cabinet Ultra-Low Humidity Storage,  EDC320C",320-l-electric-dry-cabinet-1-10-rh-desiccator-cabinet-low-humidity,MechMaxx,machine,"00renew, 00Z, 01AAA, 02J-series, 0ZS, 1-10% Dry Cabinets, _ClogA10, aaa-lab, AAA20, active, bfsales0, bfsales1, bfsales1-1127, blackfriday, coupon, Dry Cabinets, Laboratory Equipment & Supplies, MECHMAXX Brand, sales, SMS",2025-01-14T01:09:13-08:00,2025-01-04T00:20:08-08:00,2026-07-20T11:17:43-07:00,203005,2099.00,2899.00,true,94801,https://cdn.shopify.com/s/files/1/0653/3470/6391/files/Electronic_Dry_Cabinet_EDC320A_1.webp?v=1754116941
9016216518871,"1-10% RH Electronic Dry Cabinet 320L ESD Desiccator Cabinet Ultra-Low Humidity Storage,  White,  EDC320CW",1-10-rh-electronic-dry-cabinet-320l-esd-desiccator-cabinet-ultra-low-humidity-storage-white-edc320cw,MechMaxx,machine,"00renew, 00Z, 01AAA, 02J-series, 0ZS, 1-10% Dry Cabinets, _ClogA10, aaa-lab, AAA20, active, blackfriday, coupon, Dry Cabinets, Laboratory Equipment & Supplies, MECHMAXX Brand, sales, SMS",2025-10-31T00:15:05-07:00,2025-08-21T09:04:02-07:00,2026-07-20T11:17:43-07:00,203005W,2099.00,2899.00,true,94801,https://cdn.shopify.com/s/files/1/0653/3470/6391/files/Dry_Cabinet_320cw.webp?v=1764566952
8794803994839,"1-10% RH Electronic Dry Cabinet 540L ESD Desiccator Cabinet Ultra-Low Humidity Storage,  EDC540C",540-l-electric-dry-cabinet-1-10-rh-desiccator-cabinet-low-humidity,MechMaxx,machine,"00renew, 00Z, 01AAA, 02J-series, 0ZS, 1-10% Dry Cabinets, _ClogA10, aaa-lab, AAA20, active, bfsales0, bfsales1, bfsales1-1127, blackfriday, coupon, Dry Cabinets, Laboratory Equipment & Supplies, MECHMAXX Brand, New Products, sales, SMS",2025-01-14T01:09:19-08:00,2025-01-04T00:20:56-08:00,2026-07-20T11:17:43-07:00,203006,2599.00,3399.00,true,112945,https://cdn.shopify.com/s/files/1/0653/3470/6391/files/DSC06378_7da198d2-a80d-4c47-acd8-077c2084b9f7.webp?v=1736844162
9016217206999,"1-10% RH Electronic Dry Cabinet 540L ESD Desiccator Cabinet Ultra-Low Humidity Storage,  White,  EDC540CW",1-10-rh-electronic-dry-cabinet-540l-esd-desiccator-cabinet-ultra-low-humidity-storage-white-edc540cw,MechMaxx,machine,"00renew, 00Z, 01AAA, 02J-series, 0ZS, 1-10% Dry Cabinets, _ClogA10, aaa-lab, AAA20, active, blackfriday, coupon, Dry Cabinets, Laboratory Equipment & Supplies, MECHMAXX Brand, sales, SMS",2025-10-29T22:54:47-07:00,2025-08-21T09:04:42-07:00,2026-07-20T11:17:43-07:00,203006W,2599.00,3399.00,true,112945,https://cdn.shopify.com/s/files/1/0653/3470/6391/files/Dry_Cabinet_540cw.webp?v=1764567012
9016213504215,"1-10% RH Electronic Dry Cabinet 730L ESD Desiccator Cabinet Ultra-Low Humidity Storage,  EDC730C",1-10-rh-electronic-dry-cabinet-730l-esd-desiccator-cabinet-ultra-low-humidity-storage-edc730c,MechMaxx,machine,"00renew, 00Z, 01AAA, 02J-series, 0ZS, 1-10% Dry Cabinets, _ClogA10, aaa-lab, AAA20, active, bfsales0, bfsales1, bfsales1-1127, blackfriday, coupon, Dry Cabinets, Laboratory Equipment & Supplies, MECHMAXX Brand, sales, SMS",2025-10-31T00:14:48-07:00,2025-08-21T08:56:50-07:00,2026-07-20T11:17:43-07:00,203011,2899.00,3799.00,true,138799,https://cdn.shopify.com/s/files/1/0653/3470/6391/files/ElectronicDryCabinet730c.webp?v=1761891409
9016217403607,"1-10% RH Electronic Dry Cabinet 730L ESD Desiccator Cabinet Ultra-Low Humidity Storage,  White,  EDC730CW",1-10-rh-electronic-dry-cabinet-730l-esd-desiccator-cabinet-ultra-low-humidity-storage-white-edc730cw,MechMaxx,machine,"00renew, 00Z, 01AAA, 02J-series, 0ZS, 1-10% Dry Cabinets, _ClogA10, aaa-lab, AAA20, active, blackfriday, coupon, Dry Cabinets, Laboratory Equipment & Supplies, MECHMAXX Brand, sales, SMS",2025-10-29T22:54:44-07:00,2025-08-21T09:05:22-07:00,2026-07-20T11:17:43-07:00,203011W,2899.00,3799.00,true,138799,https://cdn.shopify.com/s/files/1/0653/3470/6391/files/Dry_Cabinet_730_4c64cd82-bb64-4ece-bfc0-851fdf7b9a6c.webp?v=1764567052
8794804158679,"1-10% RH Electronic Dry Cabinet 880L ESD Desiccator Cabinet Ultra-Low Humidity Storage,  EDC880C",880-l-electric-dry-cabinet-1-10-rh-desiccator-cabinet-low-humidity,MechMaxx,machine,"00renew, 00Z, 01AAA, 02J-series, 0ZS, 1-10% Dry Cabinets, _ClogA10, aaa-lab, AAA20, active, bfsales0, bfsales1, bfsales1-1127, blackfriday, coupon, Dry Cabinets, Laboratory Equipment & Supplies, MECHMAXX Brand, SMS",2025-01-14T01:09:31-08:00,2025-01-04T00:21:31-08:00,2026-07-20T11:17:43-07:00,203007,3099.00,4099.00,true,172365,https://cdn.shopify.com/s/files/1/0653/3470/6391/files/DSC06294.webp?v=1736844216
9016217632983,"1-10% RH Electronic Dry Cabinet 880L ESD Desiccator Cabinet Ultra-Low Humidity Storage,  White,  EDC880CW",1-10-rh-electronic-dry-cabinet-880l-esd-desiccator-cabinet-ultra-low-humidity-storage-white-edc880cw,MechMaxx,machine,"00renew, 00Z, 01AAA, 02J-series, 0ZS, 1-10% Dry Cabinets, _ClogA10, aaa-lab, AAA20, active, blackfriday, coupon, Dry Cabinets, Laboratory Equipment & Supplies, MECHMAXX Brand, sales, SMS",2025-10-29T22:54:41-07:00,2025-08-21T09:05:58-07:00,2026-07-20T11:17:43-07:00,203007W,3099.00,4099.00,true,172365,https://cdn.shopify.com/s/files/1/0653/3470/6391/files/Dry_Cabinet_880_9d23bece-f25c-404d-a359-7d706507d18c.webp?v=1764567106
9016219271383,"1-60% RH Nitrogen Dry Cabinet 1430L Desiccator Cabinet Low Humidity Storage, 304 Stainless Steel, NC1430BSS-6",1-60-rh-nitrogen-dry-cabinet-1430l-desiccator-cabinet-low-humidity-storage-stainless-steel-nc1430bss-6,MechMaxx,machine,"00renew, 01AAA, 0ZS, 1-60% Nitrogen Cabinets, _ClogA10, coupon, Dry Cabinets, Laboratory Equipment & Supplies, MECHMAXX Brand, Nitrogen Cabinets, SMS",2025-10-31T00:15:12-07:00,2025-08-21T09:11:15-07:00,2026-07-20T11:17:43-07:00,203009SS,4999.00,6999.00,false,240404,https://cdn.shopify.com/s/files/1/0653/3470/6391/files/Nitrogen_Dry_Cabinet_1430_ss.webp?v=1763706890
8794805043415,"1-60% RH Nitrogen Dry Cabinet 1430L ESD Desiccator Cabinet Low Humidity Storage,  NC1430B-6",1430-l-nitrogen-dry-cabinet-1-60-rh-desiccator-cabinet-low-humidity,MechMaxx,machine,"00renew, 01AAA, 0ZS, 1-60% Nitrogen Cabinets, _ClogA10, coupon, Dry Cabinets, Laboratory Equipment & Supplies, MECHMAXX Brand, Nitrogen Cabinets, SMS",2025-04-27T23:40:18-07:00,2025-01-04T00:24:05-08:00,2026-07-20T11:17:43-07:00,203009,3899.00,5099.00,true,220446,https://cdn.shopify.com/s/files/1/0653/3470/6391/files/DSC08950-01.webp?v=1745803607
9016217960663,"1-60% RH Nitrogen Dry Cabinet 1430L ESD Desiccator Cabinet Low Humidity Storage,  White,  NC1430BW-6",1-60-rh-nitrogen-dry-cabinet-1430l-esd-desiccator-cabinet-low-humidity-storage-white-nc1430bw-6,MechMaxx,machine,"00renew, 01AAA, 0ZS, 1-60% Nitrogen Cabinets, _ClogA10, coupon, Dry Cabinets, Laboratory Equipment & Supplies, MECHMAXX Brand, Nitrogen Cabinets, SMS",2025-10-29T22:54:38-07:00,2025-08-21T09:07:13-07:00,2026-07-20T11:17:43-07:00,203009W,3899.00,5099.00,false,220446,https://cdn.shopify.com/s/files/1/0653/3470/6391/files/Nitrogen_Dry_Cabinet_1430_d512f837-77f9-4e11-aa41-1c01d04d8dd7.webp?v=1764567195
8964455858391,"1.5 HP 10'' x 30'' Combination Lathe Milling Drilling Machine, 1.5'' Spindle Bore, 0-2000 RPM Variable Speed, High Precision Benchtop Lathe for Metalworking – Without Stand 1030VC",1-5-hp-10-x-30-combination-lathe-milling-drilling-machine-1-5-spindle-bore-0-2000-rpm-variable-speed-high-precision-benchtop-lathe-for-metalworking-without-stand,MechMaxx,machine,"00precision, 01AAA, _ClogA05, BalckFriday, Centre Lathes, coupon, Lathes & Mill Drill Combination, MECHMAXX Brand, Metalworking Machines, New Products, sales, SMS",2025-07-07T00:06:19-07:00,2025-07-07T00:06:17-07:00,2026-07-20T11:17:43-07:00,500101,4199.00,4399.00,true,234507,https://cdn.shopify.com/s/files/1/0653/3470/6391/files/1030VC-ZTX.webp?v=1755076951
8616551088343,"1.5 HP Swing Arm Tire Changer Wheel Balancer Bundle,  TC964,  WB855",1-5-hp-swing-arm-tire-changer-wheel-changer-24-rim-capacity-copy,MechMaxx,machine,"00Z, 01AAA, 02G-series, 0ZS, _ClogA07, AAA-auto, AAA20, Automotive Equipment & Tools, bfsales0, Combo Sales, coupon, MECHMAXX Brand, sales, SMS, TC & WB Combo, Vehicle Equipment & Tools",2024-07-02T03:00:44-07:00,2024-07-02T00:22:42-07:00,2026-07-20T11:17:43-07:00,200029,2299.00,2898.00,true,301639,https://cdn.shopify.com/s/files/1/0653/3470/6391/files/wb855_tc964.webp?v=1746895369
8560427794647,"1.5 HP Swing Arm Tire Changer Wheel Changer 24"" Rim Capacity,  TC964",1-5-hp-swing-arm-tire-changer-wheel-changer-24-rim-capacity,MechMaxx,machine,"00renew, 00Z, 01AAA, 02G-series, 0ZS, _ClogA07, AAA-auto, AAA20, Automotive Equipment & Tools, bfsales0, coupon, MECHMAXX Brand, sales, SMS, Tire Changer, Vehicle Equipment & Tools",2024-06-24T00:22:48-07:00,2024-06-04T18:39:00-07:00,2026-07-20T11:17:43-07:00,200001,1399.00,1599.00,true,196859,https://cdn.shopify.com/s/files/1/0653/3470/6391/files/TC964-1.webp?v=1749023523
8962998436055,"1.5HP 7‘’x 27-1/2‘’ Benchtop Mini Mill Drill Machine, Variable Speed, R8 Spindle, Brushless Motor, 110V, Compact Milling Drilling Tool for Garage Shop, DIY Metalworking without Stand VM25LD",7-x-27-1-2-benchtop-mini-mill-drill-machine-variable-speed-r8-spindle-1-5-hp-110v-compact-milling-drilling-tool-for-garage-shop-diy-metalworking-without-stand,MechMaxx,machine,"00precision, 01AAA, _ClogA05, BalckFriday, coupon, Drills & Mills, MECHMAXX Brand, Metalworking Machines, Mill/Drill Machine, Milling Machines, sales, SMS",2025-07-05T00:45:50-07:00,2025-07-05T00:45:49-07:00,2026-07-20T11:17:43-07:00,500203,2599.00,2799.00,true,117934,https://cdn.shopify.com/s/files/1/0653/3470/6391/files/VM25LD500203_9.webp?v=1751704941
9153812988119,1.5‘’ Spindle Bore Metal Lathe Machine 10'' x 30'' High Precision Brushless Motor Benchtop 0-2000 RPM  Variable Speed Metal Working Machine,1-5-spindle-bore-metal-lathe-machine-10-x-30-high-precision-brushless-motor-benchtop-0-2000-rpm-variable-speed-metal-working-machine,MechMaxx,machine,00precision,2026-01-13T00:32:01-08:00,2026-01-13T00:32:01-08:00,2026-07-20T11:17:43-07:00,500005-1,2799.00,2999.00,false,188241,https://cdn.shopify.com/s/files/1/0653/3470/6391/files/1030-z.webp?v=1754640299
8962168586455,1.5‘’ Spindle Bore Metal Lathe Machine 10'' x 30'' High Precision Brushless Motor Benchtop 0-2000 RPM  Variable Speed Metal Working Machine 1.5HP Small Lathe without Stand 1030V,1-5-spindle-bore-metal-lathe-machine-10-x-30-high-precision-benchtop-0-2000-rpm-variable-speed-metal-working-machine-1-5hp-small-lathe-without-stand,MechMaxx,machine,"00precision, 01AAA, 8''-11''Swing Lathes, _ClogA05, BalckFriday, Centre Lathes, coupon, MECHMAXX Brand, Metalworking Machines, sales, SMS",2025-07-06T18:48:03-07:00,2025-07-04T02:01:30-07:00,2026-07-20T11:17:43-07:00,500005,2799.00,2999.00,true,188241,https://cdn.shopify.com/s/files/1/0653/3470/6391/files/1030-z.webp?v=1754640299
9275499512023,1.5‘’ Spindle Bore Metal Lathe Machine 8'' x 16''  0-2500 RPM Variable Speed Metal Working Machine Small Lathe without Stand 0831V (3.0),1-5-spindle-bore-metal-lathe-machine-8-x-16-0-2500-rpm-variable-speed-metal-working-machine-small-lathe-without-stand-0831v-3-0,MechMaxx,machine,"00precision, 01AAA, 8''-11''Swing Lathes, _ClogA05, bfsales2-1127, Centre Lathes, coupon, MECHMAXX Brand, Metalworking Machines, New Products, on-sale, sales, SMS",2026-05-24T21:04:27-07:00,2026-05-24T21:03:22-07:00,2026-07-20T11:17:43-07:00,500003-3.0,1699.00,1899.00,false,74843,https://cdn.shopify.com/s/files/1/0653/3470/6391/files/0831V-z.webp?v=1754639646
9153812463831,1.5‘’ Spindle Bore Metal Lathe Machine 8'' x 16'' High Precision Brushless Motor Mini 1.5HP Benchtop 0-2500 RPM Variable Speed Metal Working Machine,1-5-spindle-bore-metal-lathe-machine-8-x-16-high-precision-brushless-motor-mini-1-5hp-benchtop-0-2500-rpm-variable-speed-metal-working-machine,MechMaxx,machine,01AAA,2026-01-13T00:30:19-08:00,2026-01-13T00:30:19-08:00,2026-07-20T11:17:43-07:00,500003-1,1499.00,1899.00,false,74843,https://cdn.shopify.com/s/files/1/0653/3470/6391/files/0831V-z.webp?v=1754639646
8946811404503,1.5‘’ Spindle Bore Metal Lathe Machine 8'' x 16'' High Precision Brushless Motor Mini 1.5HP Benchtop 0-2500 RPM Variable Speed Metal Working Machine 1.5‘’ Spindle Bore Small Lathe without Stand 0831V,metal-lathe-machine-8-x-31-high-precision-benchtop-variable-speed-machine-1-5hp,MechMaxx,machine,"00precision, 01AAA, 8''-11''Swing Lathes, _ClogA05, bfsales2-1127, Centre Lathes, coupon, MECHMAXX Brand, Metalworking Machines, New Products, on-sale, sales, SMS",2025-06-24T01:29:43-07:00,2025-06-21T00:03:35-07:00,2026-07-20T11:17:43-07:00,500003,1499.00,1899.00,false,74843,https://cdn.shopify.com/s/files/1/0653/3470/6391/files/0831V-z.webp?v=1754639646
8962096005335,1.5‘’ Spindle Bore Metal Lathe Machine with DRO 10'' x 30'' High Precision Benchtop 0-2000 RPM  Variable Speed Metal Working Machine 1.5HP Small Lathe without Stand 1030VD,metal-lathe-machine-10-x-30-high-precision-benchtop-0-2000-rpm-variable-speed-metal-working-machine-1-5hp-small-lathe,MechMaxx,machine,"00precision, 01AAA, 8''-11''Swing Lathes, _ClogA05, BalckFriday, Centre Lathes, coupon, MECHMAXX Brand, Metalworking Machines, sales, SMS",2025-07-06T18:47:27-07:00,2025-07-03T23:03:21-07:00,2026-07-20T11:17:43-07:00,500006,3199.00,3399.00,false,185973,https://cdn.shopify.com/s/files/1/0653/3470/6391/files/1030VD-z.webp?v=1754641531
8950220751063,1.5‘’ Spindle Bore Metal Lathe Machine with DRO 8'' x 16'' High Precision Brushless Motor Mini 1.5HP Benchtop 0-2500 RPM Variable Speed Metal Working Machine 1.5‘’ Spindle Bore Small Lathe without Stand 0831VD,metal-lathe-machine-8-x-16-high-precision-mini-benchtop-0-2500-rpm-variable-speed-metal-working-machine-1-5hp-small-lathe-with-dro,MechMaxx,machine,"00precision, 01AAA, 8''-11''Swing Lathes, _ClogA05, BalckFriday, Centre Lathes, coupon, MECHMAXX Brand, Metalworking Machines, SMS",2025-07-10T20:55:33-07:00,2025-06-24T18:27:17-07:00,2026-07-20T11:17:43-07:00,500004,1999.00,2199.00,false,76657,https://cdn.shopify.com/s/files/1/0653/3470/6391/files/0831VD-z.webp?v=1754639920
8662770745559,"10"" Blade 12'' Max Cutting Width Gasoline Engine Powered Single Blade Edger,  SBE50",single-blade-edger-sbe50,MechMaxx,machine,"00renew, 01AAA, _ClogA03, AAA15, BalckFriday, bfsales0, coupon, MECHMAXX Brand, sales, single blade edger, SMS",2024-08-14T02:21:29-07:00,2024-08-06T18:28:24-07:00,2026-07-20T11:17:43-07:00,150230,1499.00,1799.00,true,179623,https://cdn.shopify.com/s/files/1/0653/3470/6391/files/Singlesidesaw-_16.webp?v=1722996328
9023279169751,10'' x 22'' Industrial Metal Lathe Machine High Precision Benchtop 1.5HP Brushless Motor 0-2000 RPM Variable Speed Metal Working Machine Small Lathe without Stand 1022V,10-x-22-industrial-metal-lathe-machine-high-precision-benchtop-1-5hp-0-2000-rpm-variable-speed-metal-working-machine,MechMaxx,machine,"00precision, 01AAA, 8''-11''Swing Lathes, _ClogA05, Centre Lathes, coupon, MECHMAXX Brand, Metalworking Machines, SMS",2025-11-20T07:27:42-08:00,2025-08-29T22:19:49-07:00,2026-07-20T11:17:43-07:00,500014,2599.00,3057.00,true,0,https://cdn.shopify.com/s/files/1/0653/3470/6391/files/500014_1022V-14.webp?v=1762848445
9103579775191,10'' x 22'' Industrial Metal Lathe Machine with DRO High Precision Benchtop 1.5HP Brushless Motor 0-2000 RPM Variable Speed Metal Working Machine Small Lathe without Stand 1022VD,10-x-22-industrial-metal-lathe-machine-0-2000-rpm-variable-speed-metal-working-machine,MechMaxx,machine,"00precision, 01AAA, 8''-11''Swing Lathes, _ClogA05, Centre Lathes, coupon, MECHMAXX Brand, Metalworking Machines, SMS",2025-11-20T07:30:04-08:00,2025-11-11T18:24:43-08:00,2026-07-20T11:17:43-07:00,500015,2899.00,3410.00,false,0,https://cdn.shopify.com/s/files/1/0653/3470/6391/files/500015_1022VD-2.webp?v=1762916449
8564482801879,"10-24"" Rim Wheel Balancer Car Tire Balancing Machine 40 mm Shaft with Foot Pedal Brake,  Laser Guided and LED Illuminator,  WB857",10-24-rim-wheel-balancer-car-tire-balancing-machine-40-mm-shaft-with-foot-pedal-brake-laser-guided-and-led-illuminator,MechMaxx,machine,"00renew, 00Z, 01AAA, 02G-series, 0ZS, _ClogA07, AAA-auto, AAA20, Automotive Equipment & Tools, bfsales0, coupon, MECHMAXX Brand, SMS, Vehicle Equipment & Tools, Wheel balancer",2024-06-24T00:30:42-07:00,2024-06-06T02:34:32-07:00,2026-07-20T11:17:43-07:00,200010,1599.00,1799.00,true,122016,https://cdn.shopify.com/s/files/1/0653/3470/6391/files/DSC08276_7001ebf5-d635-414c-b661-8b4940459617.webp?v=1757388205
8564461174999,"10-24"" Rim Wheel Balancer Car Tire Balancing Machine 40 mm Shaft,  WB855",10-24-rim-wheel-balancer-car-tire-balancing-machine-40-mm-shaft,MechMaxx,machine,"00renew, 00Z, 01AAA, 02G-series, 0ZS, _ClogA07, AAA-auto, AAA20, Automotive Equipment & Tools, bfsales0, coupon, MECHMAXX Brand, sales, SMS, Vehicle Equipment & Tools, Wheel balancer",2024-06-24T01:02:55-07:00,2024-06-06T02:29:40-07:00,2026-07-20T11:17:43-07:00,200009,1099.00,1299.00,true,104780,https://cdn.shopify.com/s/files/1/0653/3470/6391/files/DSC08236_1b7b6603-841c-49cd-ace7-d88d771cc0cd.webp?v=1757424274
9122455683287,"100 Ton H-Frame Air/Hydraulic Shop Press with Hand Winch,  Fully Welded Steel Frame,  Safety Guard,  Foot Pedal Control,  HSP100",100-ton-h-frame-air-hydraulic-shop-press-with-hand-winch-fully-welded-steel-frame-safety-guard-foot-pedal-control-hsp100,MechMaxx,machine,"00renew, 01AAA, 0zs, _ClogA07, Automotive Equipment & Tools, New Products, Shop Press",2026-02-12T21:50:28-08:00,2025-12-01T00:21:03-08:00,2026-07-20T11:17:43-07:00,200065,4899.00,5699.00,false,605002,https://cdn.shopify.com/s/files/1/0653/3470/6391/files/100_Ton_Hydraulic_Shop_Press.webp?v=1770889120
9122456010967,"100 Ton H-Frame Electric Hydraulic Shop Press with Hand Winch, 110V Motor, Fully Welded Steel Frame, Safety Guard, HSP100E",100-ton-h-frame-electric-hydraulic-shop-press-with-hand-winch-110v-motor-fully-welded-steel-frame-safety-guard-foot-pedal-control-hsp100e,MechMaxx,machine,"00renew, 01AAA, 0zs, _ClogA07, Automotive Equipment & Tools, Shop Press",2026-02-12T21:50:28-08:00,2025-12-01T00:21:20-08:00,2026-07-20T11:17:43-07:00,200066,5899.00,6899.00,false,630992,https://cdn.shopify.com/s/files/1/0653/3470/6391/files/100_Ton_Electric_Hydraulic_Shop_Press.webp?v=1770889130
9261647069399,"100"" Heavy Duty 3 Point Offset Ditch Bank Verge Flail Mower Italy CMR Gearbox, 80-120HP, PTO Driven, VBM100",100-heavy-duty-3-point-offset-ditch-bank-verge-flail-mower-italy-cmr-gearbox-80-120hp-pto-driven-vbm100,MechMaxx,forbidliftgate,"00growth, 01AAA, 02B-series, _ClogA02, active, All Flail Mowers, coupon, Flail Mower, Heavy Duty Ditch Bank Flail Mowers, MECHMAXX Brand, Mower, PTO Flail Mower, sales, SMS, Tractor",2026-05-25T21:53:36-07:00,2026-05-11T01:47:48-07:00,2026-07-20T11:17:43-07:00,150290,6999.00,7699.00,true,1063221,https://cdn.shopify.com/s/files/1/0653/3470/6391/files/MowerVBM250D-_6.webp?v=1778489366
8736627130583,"100"" Mechmaxx 3-Point Hitch 6 Rotary Pull-Type Hay Rake Tedder ,  15-50Hp ,  HT100",hay-tedder-100-inch-width,MechMaxx,machine,"00growth, 01AAA, 02B-series, 02F-series, _ClogA02, _ClogA06, active, BalckFriday, bfsales0, coupon, hay equipment, Hay Tedder, MECHMAXX Brand, New Products, on-sale, sales, SMS, Tractor",2024-11-11T01:21:50-08:00,2024-10-16T00:44:15-07:00,2026-07-20T11:17:43-07:00,150217,2399.00,2799.00,true,183705,https://cdn.shopify.com/s/files/1/0653/3470/6391/files/HayTedderHT100-_28.webp?v=1731480023
9006538031319,"100-inch Manual Sheet Metal Brake - 12 Gauge Bending Capacity, Adjustable Fingers, 8 Ft. Heavy-Duty Steel Construction, Precision Bending for Box and Pan PB10012",pb10012,MechMaxx,forbidliftgate,"00precision, 01AAA, _ClogA05, BalckFriday, coupon, Manual Bending Brake, Metalworking Machines, New Products, Sheet Metal & Fabrication, SMS",2025-08-18T19:45:48-07:00,2025-08-10T19:21:41-07:00,2026-07-20T11:17:43-07:00,500304,9999.00,12000.00,true,1244204,https://cdn.shopify.com/s/files/1/0653/3470/6391/files/PB10012-BD_4_f38acbd3-dba9-48ec-b2bb-0c2437b8f6d0.webp?v=1755571864
8751754707159,100CFM Refrigerated Air Dryer 1Phase 115V For Air Compressor,100cfm-refrigerated-air-dryer-1phase-115v-for-air-compressor,MechMaxx,machine,"00C, 00renew, 01AAA, 02I-series, _ClogA09, AAA-pneu, AAA30, active, Air Dryer, bfsales0, coupon, MECHMAXX Brand, Pneumatic Equipment, Pneumatic Equipment & Accessories, SMS",2024-11-03T23:42:49-08:00,2024-10-29T20:30:51-07:00,2026-07-20T11:17:43-07:00,300013,1599.00,1599.00,true,99790,https://cdn.shopify.com/s/files/1/0653/3470/6391/files/300013_Air_Dryer_M100AD115V-1.webp?v=1758795200
8753192665303,"10HP Combined Rotary Screw Air Compressor with Dryer & 66-Gal ASME Tank | 32 CFM,  116 PSI,  230V 3-Phase - Industrial Grade",32cfm-industrial-rotary-screw-air-compressor-10hp-116psi-230v3p-with-62gal-tank-dryer,MechMaxx,machine,"00C, 00renew, 01AAA, 02I-series, _ClogA09, AAA-pneu, AAA30, active, Air Compressor With Tank & Dryer, coupon, MECHMAXX Brand, Pneumatic Equipment, Pneumatic Equipment & Accessories, sales, SMS",2024-11-06T17:11:34-08:00,2024-10-31T21:54:23-07:00,2026-07-20T11:17:43-07:00,300009,6599.00,6299.00,true,444067,https://cdn.shopify.com/s/files/1/0653/3470/6391/files/ML1023_300009-1.webp?v=1770773990
9173836366039,"10HP Combined Rotary Screw Air Compressor with Dryer & 66-Gal ASME Tank | 32 CFM,  116 PSI,  460V 3-Phase - Industrial Grade",10hp-combined-rotary-screw-air-compressor-with-dryer-66-gal-asme-tank-32-cfm-116-psi-460v-3-phase-industrial-grade,MechMaxx,,"00C, 00renew, 01AAA, 02I-series, _ClogA09, AAA-pneu, AAA30, active, Air Compressor With Tank & Dryer, coupon, MECHMAXX Brand, on-sale, Pneumatic Equipment, Pneumatic Equipment & Accessories, sales, SMS",2026-02-10T23:34:37-08:00,2026-02-01T23:32:18-08:00,2026-07-20T11:17:43-07:00,300019,6599.00,,true,444067,https://cdn.shopify.com/s/files/1/0653/3470/6391/files/300019ML1046_6.webp?v=1770775206
8751733113047,"10HP Rotary Screw Air Compressor - 32 CFM,  116 PSI,  230V 3-Phase | Industrial-Grade",32cfm-industrial-rotary-screw-air-compressor-10hp-116psi-230v3phase,MechMaxx,machine,"00C, 00renew, 01AAA, 02I-series, _ClogA09, AAA-pneu, AAA30, active, Air Compressor, bfsales0, coupon, MECHMAXX Brand, New Products, Pneumatic Equipment, Pneumatic Equipment & Accessories, sales, SMS",2024-11-03T23:38:49-08:00,2024-10-29T19:23:15-07:00,2026-07-20T11:17:43-07:00,300001,2999.00,3499.00,true,214549,https://cdn.shopify.com/s/files/1/0653/3470/6391/files/300001_Air_Compressor_M10AC230-2.webp?v=1758787810
9173837381847,"10HP Rotary Screw Air Compressor - 32 CFM,  116 PSI,  460V 3-Phase | Industrial-Grade",10hp-rotary-screw-air-compressor-32-cfm-116-psi-460v-3-phase-industrial-grade,MechMaxx,,"00C, 00renew, 01AAA, 02I-series, _ClogA09, AAA-pneu, AAA30, active, Air Compressor, coupon, MECHMAXX Brand, Pneumatic Equipment, Pneumatic Equipment & Accessories, sales, SMS",2026-02-10T23:33:56-08:00,2026-02-01T23:38:07-08:00,2026-07-20T11:17:43-07:00,300023,2999.00,2799.00,true,214549,https://cdn.shopify.com/s/files/1/0653/3470/6391/files/300023-M10AC460_4ca15298-3e54-44e8-bb45-7089f58bb726.webp?v=1770781782
9261584023767,"11"" Double Column Horizontal Metal Cutting Band Saw, 3-Speed, Hydraulic Feed, 2.8kW Industrial Saw GH4228",11-double-column-horizontal-metal-cutting-band-saw-3-speed-hydraulic-feed-2-8kw-industrial-saw-gh4228,MechMaxx,machine,"00precision, 01AAA, _ClogA05, BalckFriday, coupon, Double Column Horizontal Band Saws, MECHMAXX Brand, Metalworking Machines, New Products, SMS",2026-05-19T23:43:43-07:00,2026-05-10T21:16:06-07:00,2026-07-20T11:17:43-07:00,500422,9599.00,12999.00,true,749788,https://cdn.shopify.com/s/files/1/0653/3470/6391/files/500422_GH4228_2.webp?v=1778477316
9147775844567,"1100lb 420cc E-start Gas Engine Stand-ON Hydraulic Track Dumper Hydraulic Tipping and Lifting with Self-Loading,  T80HL",1100lb-420cc-e-start-gas-engine-stand-on-hydraulic-track-dumper-hydraulic-tipping-and-lifting-with-self-loading-t80hl,MechMaxx,machine,"00renew, 01AAA, 02A-series, _ClogA01, AAA10, coupon, CROBA Brand, MECHMAXX Brand, Mini Dumper, on-sale, sales, SMS, Tracked mini dumper",2026-01-05T01:56:34-08:00,2026-01-04T00:42:53-08:00,2026-07-20T11:17:43-07:00,101301,7299.00,9499.00,true,0,https://cdn.shopify.com/s/files/1/0653/3470/6391/files/TrackDumperT80HL-_4.webp?v=1767660965
8423095468247,"1100lb Loading 1000W DC Motor 48V Battery Powered Hydraulic Tipping Dump Cart,  EH50",1100-lb-1000w-dc-motor-48v-battery-powered-hydraulic-tipping-dump-cart-model-eh50,MechMaxx,machine,"00renew, 01AAA, 02A-series, _ClogA01, AAA10, bfsales1, bfsales1-1127, blackfriday, coupon, Dealsinpage, HOME&GARDEN, MECHMAXX Brand, Mini Dumper, sales, SMS",2024-04-19T09:39:51-07:00,2024-04-19T05:40:12-07:00,2026-07-20T11:17:43-07:00,101201,2799.00,2999.00,true,243579,https://cdn.shopify.com/s/files/1/0653/3470/6391/files/dsc2553.webp?v=1721380582
8598806593751,"1100lb Loading 1000W DC Motor 48V Battery Powered Hydraulic Tipping Dump Cart,  EH50",1100-lb-1000w-dc-motor-48v-battery-powered-hydraulic-tipping-dump-cart-eh50,MechMaxx,machine,"00renew, 01AAA, 02A-series, _ClogA01, AAA10, coupon, MECHMAXX Brand, Mini Dumper, New Arrivals, sales, SMS",2024-07-05T02:30:20-07:00,2024-06-23T23:00:38-07:00,2026-07-20T11:17:43-07:00,101201R,2799.00,2999.00,true,243579,https://cdn.shopify.com/s/files/1/0653/3470/6391/files/DSC04165_87ef9fdb-1390-44bd-8b02-c91fd09157f8.webp?v=1721380669
7792765042903,"1100lbs Capacity E-Start 10HP 302cc Gas Engine Tracked Dumper Hydraulic Tipping and Lifting with Front Shovel ,  D50HTFL",500kg-loading-tracked-mini-dumper-transporter-with-high-lift,MechMaxx,machine,"00renew, 00Z, 01AAA, 02A-series, 0zs, _ClogA01, AAA10, bfsales1, bfsales1-1127, blackfriday, coupon, MECHMAXX Brand, Mini Dumper, sales, SMS, Tracked mini dumper",2023-05-07T18:48:16-07:00,2022-09-22T02:51:51-07:00,2026-07-20T11:17:43-07:00,100900,3999.00,4199.00,true,459035,https://cdn.shopify.com/s/files/1/0653/3470/6391/files/DumperD50HTFL--_14.webp?v=1728520604
8792470061271,"114 Gal / 432L Heavy Duty Industrial Ultrasonic Parts Washer, 28kHz 60 Transducers , SS304 Tank, 10kW Heater, 208–240V 3 Phase Power",110gal-ultrasonic-cleaner-220v-3ph,MechMaxx,machine,"00C, 00renew, 01AAA, 02J-series, 110 Gal Industrial Ultrasonic Cleaner, _ClogA10, _ClogA12, aaa-lab, AAA30, active, coupon, Laboratory Equipment & Supplies, MECHMAXX Brand, sales, SMS, Ultrasonic Cleaner",2025-01-14T00:59:23-08:00,2025-01-02T01:16:30-08:00,2026-07-20T11:17:43-07:00,320006,8499.00,9499.00,true,370131,https://cdn.shopify.com/s/files/1/0653/3470/6391/files/UC110Bmain7.webp?v=1740210066
8792469864663,"114 Gal / 432L Heavy Duty Industrial Ultrasonic Parts Washer, 28kHz 60 Transducers, Oil Skimmer, SS304 Tank, 10kW Heater, 208–240V 3 Phase Power",110gal-ultrasonic-cleaner-with-automatic-oil-skimmer-220v-3ph,MechMaxx,machine,"00C, 00renew, 01AAA, 02J-series, 110 Gal Industrial Ultrasonic Cleaner, _ClogA10, _ClogA12, aaa-lab, AAA30, active, bfsales0, bfsales1-1127, blackfriday, coupon, Laboratory Equipment & Supplies, MECHMAXX Brand, SMS, Ultrasonic Cleaner",2025-01-14T00:59:22-08:00,2025-01-02T01:15:14-08:00,2026-07-20T11:17:43-07:00,320005,9599.00,10999.00,true,434995,https://cdn.shopify.com/s/files/1/0653/3470/6391/files/UC110A.webp?v=1742199081
8792467177687,"12 Gal / 47 L Heavy Duty Industrial Ultrasonic Parts Washer, 28kHz 9 Transducers , SS304 Tank, 6.6kW Heater, 208–240V 1 Phase Power",12gal-ultrasonic-cleaner-220v-1ph,MechMaxx,machine,"00C, 00renew, 01AAA, 02J-series, 12 Gal Industrial Ultrasonic Cleaner, _ClogA10, _ClogA12, aaa-lab, AAA30, active, bfsales1-1127, blackfriday, coupon, Laboratory Equipment & Supplies, MECHMAXX Brand, SMS, Ultrasonic Cleaner",2025-01-14T00:59:20-08:00,2025-01-02T01:02:27-08:00,2026-07-20T11:17:43-07:00,320001,2199.00,1999.00,true,112037,https://cdn.shopify.com/s/files/1/0653/3470/6391/files/UC12main1.webp?v=1736836201
8637631332567,"12"" Backhoe Bucket without Pins, 3-Carbon Steel Teeth (for SKU: 150162, 150163, 150164, 201162, 201163, 201164)",12in-wide-backhoe-bucket-3-carbon-steel-teeth-for-sku-150162-150163-150164,MechMaxx,accessories,"00Z, 01BBB, 0ZS, AAA41, All PTO Backhoes, BACKHOE, Backhoe attachment, Backhoe Bucket, backhoe for tractor, SMS, Tractor Implements & Attachments part",2024-07-17T03:45:20-07:00,2024-07-17T03:45:21-07:00,2026-07-20T11:17:43-07:00,410302,249.99,269.99,true,35925,https://cdn.shopify.com/s/files/1/0653/3470/6391/files/DSC03078.webp?v=1739423029
9006538129623,"120-inch Manual Sheet Metal Brake - 14 Gauge Bending Capacity, Adjustable Fingers, Heavy-Duty Steel Construction, Precision Bending for Box and Pan PB12014",pb12014,MechMaxx,forbidliftgate,"00precision, 01AAA, _ClogA05, BalckFriday, coupon, Manual Bending Brake, Metalworking Machines, New Products, Sheet Metal & Fabrication, SMS",2025-08-18T21:34:54-07:00,2025-08-10T19:22:03-07:00,2026-07-20T11:17:43-07:00,500305,10999.00,15999.00,true,1349891,https://cdn.shopify.com/s/files/1/0653/3470/6391/files/1_2d1fa3bd-0f4f-4329-af92-33dbc87003d2.jpg?v=1755577728
8077269696727,"1200lbs Skid Steer Drum Grapple Barrel Grabber Attachment,SDG55",mechmaxx-drum-grapple,MechMaxx,machine,"01AAA, 02E--series, _ClogA14, AAA15, AAA15skid, Grapples, MECHMAXX Brand, Skid Steer, SMS",2023-08-25T03:32:47-07:00,2023-07-26T22:59:49-07:00,2026-07-20T11:17:43-07:00,150171,1399.00,2299.00,false,180076,https://cdn.shopify.com/s/files/1/0653/3470/6391/files/DrumGrapple150171-6.webp?v=1693970175
8960930087127,"127 CFM Compressed Air Oil-Water Separator Precision Filter,0.01μm,Oil Content 0.001ppm, With Auto Drain, Pressure Gauge",127-cfm-compressed-air-oil-water-separator-precision-filter-0-01μm-oil-content-0-001ppm-with-auto-drain-pressure-gauge,MechMaxx,accessories,"01BBB, Air Compressor Accessories, Compressed Air Filter, SMS",2025-07-08T01:29:44-07:00,2025-07-03T01:41:30-07:00,2026-07-20T11:17:43-07:00,480062,269.99,,true,3084,https://cdn.shopify.com/s/files/1/0653/3470/6391/files/480062.webp?v=1751691366
8960927072471,"127 CFM Compressed Air Oil-Water Separator Precision Filter,0.01μm,Oil Content 0.01ppm, With Auto Drain, Pressure Gauge",127-cfm-compressed-air-oil-water-separator-precision-filter-0-01μm-oil-content-0-01ppm-with-auto-drain-pressure-gauge,MechMaxx,accessories,"01BBB, Air Compressor Accessories, Compressed Air Filter, SMS",2025-07-08T01:29:43-07:00,2025-07-03T01:38:21-07:00,2026-07-20T11:17:43-07:00,480061,269.99,,true,3084,https://cdn.shopify.com/s/files/1/0653/3470/6391/files/480061.webp?v=1751690917
8960912720087,"127 CFM Compressed Air Oil-Water Separator Precision Filter,1μm,Oil Content 1ppm, With Auto Drain, Pressure Gauge",127-cfm-compressed-air-oil-water-separator-precision-filter-1μm-oil-content-1ppm-with-auto-drain-pressure-gauge,MechMaxx,accessories,"01BBB, Air Compressor Accessories, Compressed Air Filter, SMS",2025-07-08T01:29:42-07:00,2025-07-03T01:24:16-07:00,2026-07-20T11:17:43-07:00,480060,269.99,,true,3084,https://cdn.shopify.com/s/files/1/0653/3470/6391/files/480060.webp?v=1751690724
7945450553559,"12in and 18” Skid Steer Post Hole Auger Frame,46in Drilling Depth",150155,MechMaxx,machine,"01AAA, 02E--series, _ClogA14, AAA15, AAA15skid, Auger, MECHMAXX Brand, Skid Steer, SMS",2023-04-08T02:33:31-07:00,2023-04-08T02:33:31-07:00,2026-07-20T11:17:43-07:00,150155,1999.00,2699.00,false,255373,https://cdn.shopify.com/s/files/1/0653/3470/6391/files/DSC_90611.webp?v=1699231351
9232985751767,12PC HSS CENTER DRILLS SET for SKU: 500200 | Model: VM18L SKU: 500201 | Model: VM18LD SKU: 500202 | Model: VM25L SKU: 500203 | Model: VM25LD SKU: 500204 | Model: VM32L SKU: 500205 | Model: VM32LD,12pc-hss-center-drills-set-for-sku-500200-model-vm18l-sku-500201-model-vm18ld-sku-500202-model-vm25l-sku-500203-model-vm25ld-sku-500204-model-vm32l-sku-500205-model-vm32ld,MechMaxx,accessories,"01BBB, 1030V, 500005, Metal Lathe Machine, Metalworking Machines part, Spare Parts",2026-04-02T21:36:27-07:00,2026-04-02T21:34:25-07:00,2026-07-20T11:17:43-07:00,485482,52.00,,true,381,https://cdn.shopify.com/s/files/1/0653/3470/6391/files/485482_DSC09391.webp?v=1775190988
9261630030039,"13"" Double Column Horizontal Metal Cutting Band Saw | Hydraulic Feed | 3‑Speed | 2.2/2.8kW Industrial Metal Saw for Fabrication, Steel, Alloy, Carbon Steel GH4235",13-double-column-horizontal-metal-cutting-band-saw-hydraulic-feed-3-speed-2-2-2-8kw-industrial-metal-saw-for-fabrication-steel-alloy-carbon-steel,MechMaxx,machine,"00precision, 01AAA, _ClogA05, BalckFriday, coupon, Double Column Horizontal Band Saws, MECHMAXX Brand, Metalworking Machines, New Products, SMS",2026-05-19T23:44:28-07:00,2026-05-11T00:25:13-07:00,2026-07-20T11:17:43-07:00,500423,10099.00,13999.00,true,879969,https://cdn.shopify.com/s/files/1/0653/3470/6391/files/500423_GH4235_DSC09185-01.webp?v=1778488303
9023278973143,"13"" x 37"" Industrial Heavy Duty Bench Metal Lathe 1.5HP/1100W Metal Working Lathe High Precision 64-1500 RPM Variable Speed with Four-axis sliding system 1337G4",13-x-37-industrial-heavy-duty-bench-metal-lathe-1-5hp-1100w-metal-working-lathe-high-precision-64-1500-rpm-variable-speed,MechMaxx,machine,"00precision, 01AAA, 12''-13''Swing Lathes, _ClogA05, Centre Lathes, coupon, MECHMAXX Brand, Metalworking Machines, SMS",2025-11-20T07:10:15-08:00,2025-08-29T22:18:26-07:00,2026-07-20T11:17:43-07:00,500012,6199.00,7292.00,true,0,https://cdn.shopify.com/s/files/1/0653/3470/6391/files/500012_1337G4-35.webp?v=1763652202
9023279038679,"13"" x 40"" Industrial Heavy Duty Bench Metal Lathe 2HP/1500W Metal Working Lathe High Precision 70-2000 RPM Variable Speed with Four-axis sliding system 1340G",13-x-40-industrial-heavy-duty-bench-metal-lathe-2hp-1500w-metal-working-lathe-high-precision-70-2000-rpm-variable-speed,MechMaxx,machine,"00precision, 01AAA, 12''-13''Swing Lathes, _ClogA05, Centre Lathes, coupon, MECHMAXX Brand, Metalworking Machines, SMS",2025-11-20T07:12:42-08:00,2025-08-29T22:19:09-07:00,2026-07-20T11:17:43-07:00,500013,6699.00,7881.00,false,0,https://cdn.shopify.com/s/files/1/0653/3470/6391/files/500013_1340G-1.webp?v=1762745326
8980345061591,"14"" x 40"" Industrial Metal Lathe Machine with Variable Speed DRO Gunsmith Gearhead Precision Turning Drilling Belt Drive 1440GV",14-x-40-industrial-metal-lathe-machine-with-variable-speed-dro-gunsmith-gearhead-precision-turning-milling-drilling-belt-drive,MechMaxx,machine,"01AAA, 14''-16''Swing Lathes, _ClogA05, Centre Lathes, coupon, MECHMAXX Brand, Metalworking Machines, sales, SMS, soldout",2025-07-22T08:19:49-07:00,2025-07-22T08:19:47-07:00,2026-07-20T11:17:43-07:00,500010,9499.00,9999.00,true,861826,https://cdn.shopify.com/s/files/1/0653/3470/6391/files/1440GV_5.webp?v=1753196938
8307260358871,"14HP 429cc KOHLER E-start 24'' Ditching Mini Trencher ,  TCR1500",14hp-429cc-kohler-e-start-24-ditching-mini-trencher-model-tcr1500,MechMaxx,machine,"00renew, 01AAA, 02A-series, _ClogA01, AAA12, active, blackfriday, coupon, HOME&GARDEN, MECHMAXX Brand, Mini Trencher, Mini Trencher TCR1500, sales, SMS",2024-03-12T01:47:01-07:00,2024-03-10T20:57:47-07:00,2026-07-20T11:17:43-07:00,120201R,2999.00,3199.00,true,187787,https://cdn.shopify.com/s/files/1/0653/3470/6391/files/TCR1500kohler--_28.webp?v=1733965847
8781032325335,"14HP 429cc KOHLER E-start 24'' Ditching Mini Trencher ,  TCR1500",14hp-429cc-kohler-e-start-24-ditching-mini-trencher-tcr1500-120201,MechMaxx,machine,"00renew, 01AAA, 02A-series, _ClogA01, AAA12, active, bfsales1, bfsales1-1127, blackfriday, coupon, HOME&GARDEN, MECHMAXX Brand, Mini Trencher, Mini Trencher TCR1500, sales, SMS",2025-01-02T02:07:35-08:00,2024-12-11T17:10:35-08:00,2026-07-20T11:17:43-07:00,120201,2999.00,2999.00,true,187787,https://cdn.shopify.com/s/files/1/0653/3470/6391/files/DSC05931_8eeef0d1-d49c-4f37-b06e-828d4573bba4.webp?v=1733994339
9122449916119,"15 HP 44 in Walk-Behind Concrete Power Trowel with Blades and Float Pan, PT46Z",power-trowel-pt46z,MechMaxx,machine,"01AAA, 0zs, Construction Equipment, New Products, Walk-Behind Trowels",2026-06-12T03:16:49-07:00,2025-12-01T00:18:46-08:00,2026-07-20T11:17:43-07:00,205012Z,1699.00,1999.00,true,112491,https://cdn.shopify.com/s/files/1/0653/3470/6391/files/PT46Z_9.webp?v=1780559244
9122447065303,"15 HP Walk-Behind Concrete Floor Saw, 20 in Blade, 7 in Cutting Depth, FS480Z",walk-behind-saw-fs480z,MechMaxx,machine,"01AAA, 0zs, Construction Equipment, New Products, Walk-Behind Saws",2026-06-12T03:16:43-07:00,2025-12-01T00:17:02-08:00,2026-07-20T11:17:43-07:00,205009Z,1599.00,1899.00,true,115212,https://cdn.shopify.com/s/files/1/0653/3470/6391/files/FS480Z_6.webp?v=1780558439
8235882840279,"15 inch 15HP 420cc DUCAR E-Start Stump Grinder with Tow Bar,  SG380",15-inch-15hp-420cc-electric-start-stump-grinder-with-tow-bar,MechMaxx,machine,"00renew, 01AAA, 02A-series, _ClogA01, AAA13, Best Sellers, blackfriday, coupon, Gas Stump Grinder, HOME&GARDEN, MECHMAXX Brand, New Arrivals, SMS, Stump Grinder",2024-01-09T01:25:11-08:00,2024-01-07T17:34:15-08:00,2026-07-20T11:17:43-07:00,130300R,2099.00,2299.00,true,160118,https://cdn.shopify.com/s/files/1/0653/3470/6391/files/130300R_stump_grinder_1.webp?v=1733965916
8781034029271,"15 inch 15HP 420cc DUCAR E-Start Stump Grinder with Tow Bar,  SG380",15-inch-15hp-420cc-ducar-e-start-stump-grinder-with-tow-bar-sg380,MechMaxx,machine,"00renew, 01AAA, 02A-series, _ClogA01, AAA13, active, Best Sellers, bfsales1, bfsales1-1127, blackfriday, coupon, Gas Stump Grinder, HOME&GARDEN, MECHMAXX Brand, New Arrivals, SMS, Stump Grinder",2025-01-22T23:07:48-08:00,2024-12-11T17:11:43-08:00,2026-07-20T11:17:44-07:00,130300,2099.00,2299.00,true,160118,https://cdn.shopify.com/s/files/1/0653/3470/6391/files/DSC04490_2f52302f-62b4-4cc2-9f01-e80239f8543c.webp?v=1733965916
8637632905431,"15"" Backhoe Bucket without Pins, 4-Carbon Steel Teeth (for SKU: 150162, 150163, 150164, 201162, 201163, 201164)",15in-wide-backhoe-bucket-4-carbon-steel-teeth-for-sku-150162-150163-150164,MechMaxx,accessories,"00Z, 01BBB, 0ZS, AAA41, All PTO Backhoes, BACKHOE, Backhoe attachment, Backhoe Bucket, backhoe for tractor, SMS, Tractor Implements & Attachments part",2024-07-17T03:46:23-07:00,2024-07-17T03:46:23-07:00,2026-07-20T11:17:44-07:00,410303,279.99,299.99,true,40914,https://cdn.shopify.com/s/files/1/0653/3470/6391/files/DSC03083.webp?v=1739423133
8235902632151,"15-inch 14hp 429cc KOHLER E-Start Stump Grinder with Tow Bar,  SG380",15-inch-14hp-429cc-kohler-e-start-stump-grinder-with-tow-bar,MechMaxx,machine,"00renew, 01AAA, 02A-series, _ClogA01, AAA13, bfsales1, bfsales1-1127, blackfriday, coupon, Gas Stump Grinder, HOME&GARDEN, MECHMAXX Brand, sales, SMS, Stump Grinder",2024-01-18T19:59:26-08:00,2024-01-07T18:02:56-08:00,2026-07-20T11:17:44-07:00,130400,2599.00,2899.00,true,167829,https://cdn.shopify.com/s/files/1/0653/3470/6391/files/stumpgrindersg380-_6.webp?v=1741740888
8646103367895,"15-inch 14hp 429cc KOHLER E-Start Stump Grinder with Tow Bar,  SG380",15-inch-14hp-429cc-kohler-e-start-stump-grinder-with-tow-bar-sg380,MechMaxx,machine,"00renew, 01AAA, 02A-series, _ClogA01, AAA13, blackfriday, coupon, Gas Stump Grinder, HOME&GARDEN, MECHMAXX Brand, sales, SMS, Stump Grinder",2024-07-24T19:34:52-07:00,2024-07-22T23:03:28-07:00,2026-07-20T11:17:44-07:00,130400Y,2599.00,2899.00,true,167829,https://cdn.shopify.com/s/files/1/0653/3470/6391/files/DSC04646.webp?v=1719481017
9261637140695,"15.7"" Industrial Horizontal Metal Cutting Band Saw, Hydraulic Feed, 3.0/4.0 kW Motor, Manual Clamping, for Steel, Alloy, Metal Fabrication GH4240",15-7-industrial-horizontal-metal-cutting-band-saw-hydraulic-feed-3-0-4-0-kw-motor-manual-clamping-for-steel-alloy-metal-fabrication-gh4240,MechMaxx,machine,"00precision, 01AAA, _ClogA05, BalckFriday, coupon, Double Column Horizontal Band Saws, MECHMAXX Brand, Metalworking Machines, New Products, SMS",2026-05-19T23:45:04-07:00,2026-05-11T01:04:42-07:00,2026-07-20T11:17:44-07:00,500424,13599.00,17999.00,true,1399786,https://cdn.shopify.com/s/files/1/0653/3470/6391/files/500424_GH4240_4.webp?v=1778491605
9122456797399,"150 Ton H-Frame Electric Hydraulic Shop Press with Double-Acting Cylinder & Chain-Driven Table Lift,  110V Motor,  Fully Welded Steel Frame,  Safety Guard,  HSP150E",150-ton-h-frame-electric-hydraulic-shop-press-with-double-acting-cylinder-chain-driven-table-lift-110v-motor-fully-welded-steel-frame-safety-guard-hsp150e,MechMaxx,forbidliftgate,"00renew, 01AAA, 0zs, _ClogA07, Automotive Equipment & Tools, New Products, on-sale, Shop Press",2026-02-12T21:50:28-08:00,2025-12-01T00:22:00-08:00,2026-07-20T11:17:44-07:00,200067,10999.00,15999.00,false,1190000,https://cdn.shopify.com/s/files/1/0653/3470/6391/files/150_Ton_Electric_Hydraulic_Shop_Press.webp?v=1770889140
8751754379479,150CFM Refrigerated Air Dryer 1Phase 115V For Air Compressor,150cfm-refrigerated-air-dryer-1phase-115v-for-air-compressor,MechMaxx,machine,"00C, 00renew, 01AAA, 02I-series, _ClogA09, AAA-pneu, AAA30, active, Air Dryer, bfsales0, coupon, MECHMAXX Brand, New Products, Pneumatic Equipment, Pneumatic Equipment & Accessories, sales, SMS",2024-11-03T23:55:23-08:00,2024-10-29T20:28:33-07:00,2026-07-20T11:17:44-07:00,300014,2149.00,2099.00,true,87997,https://cdn.shopify.com/s/files/1/0653/3470/6391/files/30001_Air_Dryer_M150AD115V_-1.webp?v=1758795233
7788750405847,"15HP 420cc E-Start Powered 24"" Ditching Trencher ,  TCR1500",mechmaxx-gasoline-mini-trencher-tcr1500,MechMaxx,machine,"00renew, 01AAA, 02A-series, _ClogA01, AAA12, active, bfsales1, bfsales1-1127, blackfriday, coupon, MECHMAXX Brand, Mini Trencher, Mini Trencher TCR1500, sales, SMS",2023-05-07T18:48:14-07:00,2022-09-19T23:22:35-07:00,2026-07-20T11:17:44-07:00,120200R,2699.00,2899.00,true,187787,https://cdn.shopify.com/s/files/1/0653/3470/6391/files/TCR1500ducar-_9.webp?v=1733965767
8781029507287,"15HP 420cc E-Start Powered 24"" Ditching Trencher ,  TCR1500",15hp-420cc-e-start-powered-24-ditching-trencher-tcr1500-120200,MechMaxx,machine,"00renew, 01AAA, 02A-series, _ClogA01, AAA12, active, blackfriday, coupon, MECHMAXX Brand, Mini Trencher, Mini Trencher TCR1500, sales, SMS",2025-01-02T01:53:29-08:00,2024-12-11T17:08:01-08:00,2026-07-20T11:17:44-07:00,120200,2699.00,2699.00,true,187787,https://cdn.shopify.com/s/files/1/0653/3470/6391/files/120200_mini_trencher_ducar_electric_start.webp?v=1733995609
8753195122903,"15HP Combined Rotary Screw Air Compressor with Dryer & 105-Gal ASME Tank | 45 CFM,  116 PSI,  230V 3-Phase - Industrial Grade",45cfm-industrial-rotary-screw-air-compressor-15hp-116psi-230v-3p-with-tank-dryer,MechMaxx,machine,"00C, 00renew, 01AAA, 02I-series, _ClogA09, AAA-pneu, AAA30, active, Air Compressor With Tank & Dryer, bfsales1, bfsales1-1127, coupon, MECHMAXX Brand, Pneumatic Equipment, Pneumatic Equipment & Accessories, sales, SMS",2024-11-03T23:55:25-08:00,2024-10-31T21:56:21-07:00,2026-07-20T11:17:44-07:00,300010,7799.00,7399.00,true,618700,https://cdn.shopify.com/s/files/1/0653/3470/6391/files/300010_Air_Compressor_2.webp?v=1770790826
9173836955863,"15HP Combined Rotary Screw Air Compressor with Dryer & 105-Gal ASME Tank | 45 CFM,  116 PSI,  460V 3-Phase - Industrial Grade",15hp-combined-rotary-screw-air-compressor-with-dryer-105-gal-asme-tank-45-cfm-116-psi-460v-3-phase-industrial-grade,MechMaxx,,"00C, 00renew, 01AAA, 02I-series, _ClogA09, AAA-pneu, AAA30, active, Air Compressor With Tank & Dryer, coupon, MECHMAXX Brand, Pneumatic Equipment, Pneumatic Equipment & Accessories, SMS",2026-02-10T23:33:56-08:00,2026-02-01T23:35:33-08:00,2026-07-20T11:17:44-07:00,300020,7799.00,,true,618700,https://cdn.shopify.com/s/files/1/0653/3470/6391/files/300020-ML1546_2.webp?v=1770789548
8751737045207,"15HP Rotary Screw Air Compressor - 45 CFM,  116 PSI,  230V 3-Phase | Industrial-Grade",45cfm-industrial-rotary-screw-air-compressor-15hp-116psi-230v3phase,MechMaxx,machine,"00C, 00renew, 01AAA, 02I-series, _ClogA09, AAA-pneu, AAA30, active, Air Compressor, bfsales1, bfsales1-1127, coupon, MECHMAXX Brand, Pneumatic Equipment, Pneumatic Equipment & Accessories, sales, SMS",2024-11-03T23:55:19-08:00,2024-10-29T19:30:43-07:00,2026-07-20T11:17:44-07:00,300002,3999.00,3999.00,true,319329,https://cdn.shopify.com/s/files/1/0653/3470/6391/files/300002_Air_Compressor_M15AC230-2.webp?v=1758787956
9173837119703,"15HP Rotary Screw Air Compressor - 45 CFM,  116 PSI,  460V 3-Phase | Industrial-Grade",15hp-rotary-screw-air-compressor-45-cfm-116-psi-460v-3-phase-industrial-grade,MechMaxx,,"00C, 00renew, 01AAA, 02I-series, _ClogA09, AAA-pneu, AAA30, active, Air Compressor, coupon, MECHMAXX Brand, Pneumatic Equipment, Pneumatic Equipment & Accessories, sales, SMS",2026-02-10T23:33:56-08:00,2026-02-01T23:36:51-08:00,2026-07-20T11:17:44-07:00,300022,3999.00,,true,319329,https://cdn.shopify.com/s/files/1/0653/3470/6391/files/300022-M15AC460.webp?v=1770785202
9125539479767,"16""x24"" (40x60cm) Manual Heat Press 110V 1.87HP/1400W - Teflon-Coated Aluminum Heating Plate, Iron Worktable, High Pressure for Heat Transfer",16x24-40x60cm-manual-heat-press-110v-1-87hp-1400w-teflon-coated-for-heat-transfer,MechMaxx,machine,"00precision, 01AAA, _ClogA13, Advertising Equipments, coupon, Heat Transferring and Sublimation, Manual Heat Press Machines",2025-12-03T21:10:10-08:00,2025-12-02T19:23:21-08:00,2026-07-20T11:17:44-07:00,501011,349.00,459.00,true,225435,https://cdn.shopify.com/s/files/1/0653/3470/6391/files/501011-MS1624-I_DSC03157.webp?v=1764825005
9125537022167,"16""x24"" Auto Open Dual Platen Heat Press Machine 110V 1.87HP 1400W -Semi-Automatic Magnetic Lift & Digital LCD Display Teflon-Coated Ultra-Precision Heating for T-Shirts, Bags, Pillows, Ceramics",16x24-auto-open-dual-platen-heat-press-machine-110v-1-87hp-1400w-semi-automatic-magnetic-lift,MechMaxx,machine,"00precision, 01AAA, _ClogA13, Advertising Equipments, coupon, Heat Transferring and Sublimation, Manual Heat Press Machines",2025-12-03T21:09:02-08:00,2025-12-02T19:00:49-08:00,2026-07-20T11:17:44-07:00,501010,1258.00,1588.00,false,225435,https://cdn.shopify.com/s/files/1/0653/3470/6391/files/501010-MD1624_DSC02830.webp?v=1764818416
9125575622871,"16""x24"" Manual Heat Press 110V 1.87HP/1400W - Teflon-Coated Aluminum Heating Plate,Aluminum Worktable, Digital Control for T-Shirts/Sublimation",16x24-manual-heat-press-110v-1-87hp-1400w-teflon-coated-aluminum-heating-plate-aluminum-worktable-digital-control-for-t-shirts-sublimation,MechMaxx,machine,"01AAA, Advertising Equipments, Heat Transferring and Sublimation, Manual Heat Press Machines, New Products",2026-06-10T08:51:42-07:00,2025-12-02T22:02:53-08:00,2026-07-20T11:17:44-07:00,501012,429.00,499.00,true,34019,https://cdn.shopify.com/s/files/1/0653/3470/6391/files/501011.jpg?v=1770236761
8887734010071,16'' Cutting Width Mini Skid Steer Stump Bucket,16-cutting-width-mini-skid-steer-stump-bucket,MechMaxx,machine,"01AAA, 02D--series, _ClogA04, AAA15, AAA15skid, active, CROBA Brand, Mini Skid Steer Attachments, Mini Track Loader Attachments, sales, SMS, Stump Bucket",2025-04-25T01:15:28-07:00,2025-04-16T01:19:08-07:00,2026-07-20T11:17:44-07:00,150513,899.00,1199.00,true,104780,https://cdn.shopify.com/s/files/1/0653/3470/6391/files/Stumpbucket-_13.webp?v=1744792834
8865761493207,"16.4 FT EVA Double Layer Anti-static Hose with 2 Hose Cuffs for Industrial Vacuum Cleaner (for SKU: 202021, 202022, 202023)",5m-eva-double-layer-anti-static-hose-with-2-hose-cuffs-for-industrial-vacuum-cleaner,MechMaxx,accessories,"202021, 202022, 202023, SMS",2025-03-25T08:36:49-07:00,2025-03-17T06:49:18-07:00,2026-07-20T11:17:44-07:00,462004,99.99,,true,2495,https://cdn.shopify.com/s/files/1/0653/3470/6391/files/DSC00252.webp?v=1742915149
8895416991959,"16FT HVLS Industrial Ceiling Fan 208-240V 1Ph - Energy Efficient Large Area Air Circulation for Fan Warehouses & Factories,  16FT1PH",16ft-hvls-industrial-ceiling-fan-220v-1-phase-energy-efficient-large-area-air-circulation-for-warehouses-factories,MechMaxx,machine,"00C, 00renew, 01AAA, 16FT HVLS Industrial Ceiling Fans, _ClogA08, bfsales1, bfsales1-1127, blackfriday, blowout, coupon, HVAC, HVLS Industrial Ceiling Fans, Industrial Ceiling Fans, Material Handling & Storage, MECHMAXX Brand, New Products, sales, SMS",2025-05-07T19:31:32-07:00,2025-04-25T20:41:56-07:00,2026-07-20T11:17:44-07:00,330002,3499.00,6199.00,true,221807,https://cdn.shopify.com/s/files/1/0653/3470/6391/files/HVLSFanmain_14.webp?v=1776388390
8895416205527,"16FT HVLS Industrial Ceiling Fan 208-240V 3Ph - Energy Efficient Large Area Air Circulation for Fan Warehouses & Factories, 16FT3PH",hvls-industrial-ceiling-fan-16ft-220v3ph,MechMaxx,machine,"00C, 00renew, 01AAA, 16FT HVLS Industrial Ceiling Fans, _ClogA08, bfsales1, bfsales1-1127, blackfriday, blowout, coupon, HVAC, HVLS Industrial Ceiling Fans, Industrial Ceiling Fans, Material Handling & Storage, MECHMAXX Brand, New Products, sales, SMS",2025-05-07T19:31:32-07:00,2025-04-25T20:37:43-07:00,2026-07-20T11:17:44-07:00,330001,3499.00,6199.00,true,223621,https://cdn.shopify.com/s/files/1/0653/3470/6391/files/HVLSFanmain_9.webp?v=1776388249
9124090249431,16x24 Inch Commercial Pneumatic Dual Platen Heat Press - Auto Lift Digital Sublimation Transfer Machine with AIRTAC Pneumatic Parts & Adjustable Pressure (110V 2.2HP),16x24-inch-commercial-pneumatic-dual-platen-heat-press-auto-lift-digital-sublimation-transfer-machine-airtac-pneumatic,MechMaxx,machine,"00precision, 01AAA, _ClogA13, Advertising Equipments, coupon, Heat Transferring and Sublimation, Pneumatic Heat Press Machines",2025-12-03T00:10:42-08:00,2025-12-01T22:41:36-08:00,2026-07-20T11:17:44-07:00,501000,1689.00,2099.00,false,158757,https://cdn.shopify.com/s/files/1/0653/3470/6391/files/501000_PUD1624_DSC01927.webp?v=1764660155
9124146577623,16x24 Inch Commercial Pneumatic Dual Platen Heat Press - Auto Lift Digital Sublimation Transfer Machine with Full Touch LCD Screen & AIRTAC Pneumatic Parts (110V 2.2HP),16x24-inch-commercial-pneumatic-dual-platen-heat-press-auto-lift-digital-sublimation-transfer-machine-lcd-screen,MechMaxx,machine,"00precision, 01AAA, _ClogA13, Advertising Equipments, coupon, Heat Transferring and Sublimation, Pneumatic Heat Press Machines",2025-12-03T05:42:40-08:00,2025-12-01T23:32:28-08:00,2026-07-20T11:17:44-07:00,501001,1689.00,2099.00,true,158757,https://cdn.shopify.com/s/files/1/0653/3470/6391/files/501001-PUD1624LCD_DSC02126.webp?v=1764769244
9124261494999,16x24 Inch Commercial Pneumatic Dual Platen Heat Press - Auto Lift Sublimation Transfer Machine with Storage Base Cabinet (110V 1650W),16x24-inch-commercial-pneumatic-dual-platen-heat-press-auto-lift-sublimation-transfer-machine-with-storage-base-cabinet-110v-1650w,MechMaxx,machine,"00precision, 01AAA, _ClogA13, Advertising Equipments, coupon, Heat Transferring and Sublimation, Pneumatic Heat Press Machines",2026-01-07T14:13:56-08:00,2025-12-02T01:07:23-08:00,2026-07-20T11:17:44-07:00,501004,2399.00,2599.00,true,158757,https://cdn.shopify.com/s/files/1/0653/3470/6391/files/501004_PUD1624-C_DSC02520.webp?v=1767824038
9124231512279,16x24 Inch Commercial Pneumatic Dual Platen Heat Press - Infrared Positioning Auto Lift Sublimation Transfer Machine Digital LCD Control (110V 2.2HP),16x24-inch-commercial-pneumatic-dual-platen-heat-press-infrared-positioning-auto-lift-sublimation-transfer-machine-110v,MechMaxx,machine,"00precision, 01AAA, _ClogA13, Advertising Equipments, coupon, Heat Transferring and Sublimation, Pneumatic Heat Press Machines",2025-12-03T05:58:43-08:00,2025-12-02T00:43:29-08:00,2026-07-20T11:17:44-07:00,501002,1799.00,2199.00,false,158757,https://cdn.shopify.com/s/files/1/0653/3470/6391/files/501002-PUD1624-L_DSC03591.webp?v=1764770312
9124255203543,16x24 Inch Commercial Pneumatic Dual Platen Heat Press - Infrared Positioning Auto Lift Sublimation Transfer Machine with Full Touch LCD Screen  (110V 2.2HP),16x24-inch-commercial-pneumatic-dual-platen-heat-press-infrared-positioning-auto-lift-sublimation-transfer-machine,MechMaxx,machine,"00precision, 01AAA, _ClogA13, Advertising Equipments, coupon, Heat Transferring and Sublimation, Pneumatic Heat Press Machines",2025-12-03T06:03:43-08:00,2025-12-02T01:02:27-08:00,2026-07-20T11:17:44-07:00,501003,1799.00,2199.00,false,158757,https://cdn.shopify.com/s/files/1/0653/3470/6391/files/501003-PUD1624LCD-L_DSC02277.webp?v=1764770619
8224817676503,"18"" Portable Sawmill,  212cc 7HP Gasoline Engine,  15"" Board  Width,  10' Track Length ,  SM-18",industrial-18-portable-sawmill-212cc-7hp-gasoline-engine-7-log-length-10-track-bed,MechMaxx,machine,"00renew, 01AAA-sawmill, 02C-series, _ClogA03, AAA15, blackfriday, MECHMAXX Brand, sales, sawmill",2023-12-22T18:35:36-08:00,2023-12-20T19:24:24-08:00,2026-07-20T11:17:44-07:00,150165,1699.00,2699.00,true,186426,https://cdn.shopify.com/s/files/1/0653/3470/6391/files/SKU150165.webp?v=1739237264
8221025730775,"1800lb 420cc  E-start Gas Engine Stand-ON Hydraulic Track Dumper with Self-Loading ,  T80",1800lb-420cc-e-start-gas-engine-stand-on-hydraulic-track-dumper-with-self-loading-model-t80,MechMaxx,machine,"01AAA, 02A-series, _ClogA01, AAA10, bfsales1-1127, blackfriday, coupon, MECHMAXX Brand, Mini Dumper, sales, SMS, Tracked mini dumper",2024-01-18T01:20:21-08:00,2023-12-14T17:29:36-08:00,2026-07-20T11:17:44-07:00,101300,6299.00,6299.00,false,588763,https://cdn.shopify.com/s/files/1/0653/3470/6391/files/T80--_3.webp?v=1718871230
8895419875543,"18FT HVLS Industrial Ceiling Fan 208-240V 1Ph - Energy Efficient Large Area Air Circulation for Fan Warehouses & Factories,  18FT1PH",18ft-hvls-industrial-ceiling-fan-220v-1-phase-energy-efficient-large-area-air-circulation-for-warehouses-factories,MechMaxx,machine,"00C, 00renew, 01AAA, 18FT HVLS Industrial Ceiling Fans, _ClogA08, bfsales1, bfsales1-1127, blackfriday, blowout, coupon, HVAC, HVLS Industrial Ceiling Fans, Industrial Ceiling Fans, Material Handling & Storage, MECHMAXX Brand, New Products, sales, SMS",2025-05-07T19:31:33-07:00,2025-04-25T20:44:38-07:00,2026-07-20T11:17:44-07:00,330004,3899.00,6599.00,true,231786,https://cdn.shopify.com/s/files/1/0653/3470/6391/files/HVLSFanmain_15.webp?v=1776388390
8895419777239,"18FT HVLS Industrial Ceiling Fan 208-240V 3Ph - Energy Efficient Large Area Air Circulation for Fan Warehouses & Factories,  18FT3PH",18ft-hvls-industrial-ceiling-fan-220v-3-phase-energy-efficient-large-area-air-circulation-for-warehouses-factories,MechMaxx,machine,"00C, 00renew, 01AAA, 18FT HVLS Industrial Ceiling Fans, _ClogA08, bfsales1, bfsales1-1127, blackfriday, blowout, coupon, HVAC, HVLS Industrial Ceiling Fans, Industrial Ceiling Fans, Material Handling & Storage, MECHMAXX Brand, New Products, sales, SMS",2025-05-07T19:31:33-07:00,2025-04-25T20:43:36-07:00,2026-07-20T11:17:44-07:00,330003,3899.00,6599.00,true,231786,https://cdn.shopify.com/s/files/1/0653/3470/6391/files/HVLSFanmain_15.webp?v=1776388390
8879621701847,196CFM Refrigerated Air Dryer 1Phase 115V For Air Compressor,196cfm-refrigerated-air-dryer-1phase-115v-for-air-compressor,MechMaxx,machine,"00C, 00renew, 01AAA, 02I-series, _ClogA09, AAA-pneu, AAA30, active, Air Dryer, bfsales0, coupon, MECHMAXX Brand, Pneumatic Equipment, Pneumatic Equipment & Accessories, sales, SMS",2025-04-12T01:59:46-07:00,2025-04-03T00:45:38-07:00,2026-07-20T11:17:44-07:00,300015,2349.00,2699.00,true,138799,https://cdn.shopify.com/s/files/1/0653/3470/6391/files/300015_Air_Dryer_M200AD115V_-1.webp?v=1758796586
8965405180119,"2 HP 11'' x 30'' Combination Lathe Milling Drilling Machine Brushless Motor, 1.5'' Spindle Bore, 0-2000 RPM Variable Speed, High Precision Benchtop Lathe for Metalworking – Without Stand 1130VC",2-hp-11-x-30-combination-lathe-milling-drilling-machine-1-5-spindle-bore-0-2000-rpm-variable-speed-high-precision-benchtop-lathe-for-metalworking-without-stand,MechMaxx,machine,"01AAA, _ClogA05, BalckFriday, Centre Lathes, coupon, Lathes & Mill Drill Combination, MECHMAXX Brand, Metalworking Machines, sales, SMS, soldout",2025-07-07T23:17:05-07:00,2025-07-07T23:17:04-07:00,2026-07-20T11:17:44-07:00,500102,4899.00,5199.00,true,330215,https://cdn.shopify.com/s/files/1/0653/3470/6391/files/500102_1130VC_1130VC-toolbox_1600x_a001cd98-1501-4dc5-a4a3-839e9c611d8b.webp?v=1780898273
9030916407511,"2 Pcs Sides & 2 Pcs Skid Shoes for Heavy Duty Rear Blade (for SKU: 201039, 201040, 201041)",heavy-duty-grader-blade-sides-skid-shoes,MechMaxx,accessories,"01BBB, 0zs, Landscaping part, Rear Blades part, SMS, Tractor Implements & Attachments part",2025-11-26T01:29:48-08:00,2025-09-09T23:53:43-07:00,2026-07-20T11:17:44-07:00,461112,249.99,279.99,true,25991,https://cdn.shopify.com/s/files/1/0653/3470/6391/files/Sides_Skid_Shoes_for_Heavy_Duty_Rear_Blade.webp?v=1764059339
9175172514007,"2 Pcs Steering Handles & 2 Pcs Steering Cables for Walk Behind Flail Mower (for SKU: 201028,201029)",steering-handle-steering-cable-for-walk-behind-flail-mower,MechMaxx,accessories,"0zs, 201028, 201029, Spare Parts",2026-03-19T23:19:37-07:00,2026-02-04T18:20:41-08:00,2026-07-20T11:17:44-07:00,461181,89.99,109.99,true,1134,https://cdn.shopify.com/s/files/1/0653/3470/6391/files/461181.webp?v=1773906008
9047308107991,"2"" Ball Hitch for Wood Chipper and ATV Flail Mower",2-ball-hitch-for-atv-offset-flail-mower-atv120-sku-150149,MechMaxx,accessories,"01BBB, 110100, 110200, 110400, 110601, 110602, 110700, 110800, 110801, 110802, 110803, 110804, 110805, 110810, 150149, 4 in Wood Chipper Part, 5 in Wood Chipper Part, 6 in Wood Chipper Part, 7 in Wood Chipper Part, 8 in Wood Chipper Part, Accessories, SMS",2025-10-10T18:12:28-07:00,2025-09-26T18:01:21-07:00,2026-07-20T11:17:44-07:00,412086,59.99,,true,2268,https://cdn.shopify.com/s/files/1/0653/3470/6391/files/412086-_2.webp?v=1758967503
9071926444247,"2"" Trailer Coupler for Wood Chipper TX1000 (SKU: 110701)",2-trailer-coupler-for-wood-chipper-tx1000-sku-110701,MechMaxx,accessories,"01BBB, 110701, 8 in Wood Chipper Part, Accessories, SMS, Wood Chipper",2025-11-21T21:42:28-08:00,2025-10-20T00:17:51-07:00,2026-07-20T11:17:44-07:00,412101,59.99,79.99,true,1814,https://cdn.shopify.com/s/files/1/0653/3470/6391/files/412101.webp?v=1760944672
8969816211671,"2' High Pressure Connection Hose (for SKU: 204002, 204003, 204004, 204006, 204007, 204008, 204010, 204011, 204012)",2-high-pressure-hose,MechMaxx,accessories,"01BBB, 0ZS, Janitorial & Cleaning, other spare part, Portable Pressure Washers, Pressure Washers, Skid Mounted Pressure Washers, SMS",2025-08-14T03:42:28-07:00,2025-07-10T23:16:38-07:00,2026-07-20T11:17:44-07:00,464010,39.99,49.99,true,680,https://cdn.shopify.com/s/files/1/0653/3470/6391/files/hotwaterpressurewasheraccessories_28.webp?v=1755104907
9314833006807,"2.75"" to 2"" Hose Adapter for Industrial Vacuum Cleaner (for SKU: 202021, 202022, 202023)",hose-adapter-for-industrial-vacuum-cleaner,MechMaxx,accessories,"0zs, 110V 1Phase Vacuum Cleaner, 202021, 202022, 202023, 230V 3Phase Vacuum Cleaner, 480V 3Phase Vacuum Cleaner, Janitorial & Cleaning, Vacuum Cleaners",2026-07-04T03:15:20-07:00,2026-07-01T20:23:46-07:00,2026-07-20T11:17:44-07:00,462010,69.99,79.99,true,318,https://cdn.shopify.com/s/files/1/0653/3470/6391/files/462010.webp?v=1783056881
8565768388823,20 Gal Portable Oil Drain Adjustable Height,20-gal-portable-oil-drain-adjustable-height,MechMaxx,accessories,"00Z, 01BBB, 0ZS, AAA20, Accessories, Automotive Equipment & Tools, SMS, Tire Changer, Tire Changer Accessories & Parts, Vehicle Equipment & Tools",2024-06-19T20:14:30-07:00,2024-06-06T20:52:19-07:00,2026-07-20T11:17:44-07:00,200015,219.99,,false,19051,https://cdn.shopify.com/s/files/1/0653/3470/6391/files/OD01-_8.webp?v=1718849116
9122452537559,"20 Ton H-Frame Air/Hydraulic Shop Press with Press Pin Kit, Fully Welded Steel Frame, Safety Guard, Foot Pedal Control, HSP20",20-ton-h-frame-air-hydraulic-shop-press-with-press-pin-kit-fully-welded-steel-frame-safety-guard-foot-pedal-control-hsp20,MechMaxx,machine,"00renew, 01AAA, 0zs, _ClogA07, Automotive Equipment & Tools, New Products, Shop Press",2026-02-12T21:50:30-08:00,2025-12-01T00:19:42-08:00,2026-07-20T11:17:44-07:00,200060,1299.00,1599.00,true,124012,https://cdn.shopify.com/s/files/1/0653/3470/6391/files/HSP_20T.webp?v=1773279307
8792153063639,"20"" Backhoe Bucket without Pins, 5-Carbon Steel Teeth (for SKU: 150162, 150163, 150164, 201162, 201163, 201164)",20-backhoe-bucket-5-carbon-steel-teeth-for-sku-150162-150163-150164,MechMaxx,accessories,"00Z, 01BBB, 0ZS, 150163, active, All PTO Backhoes, BACKHOE, Backhoe attachment, Backhoe Bucket, backhoe for tractor, SMS, Tractor, Tractor Implements & Attachments part",2025-01-01T19:04:40-08:00,2024-12-31T05:04:51-08:00,2026-07-20T11:17:44-07:00,461001,339.99,379.00,true,50893,https://cdn.shopify.com/s/files/1/0653/3470/6391/files/DSC03085.webp?v=1735649850
8893591978199,20'' Cutting Depth Mini Skid Steer Trencher,20-cutting-depth-mini-skid-steer-trencher,MechMaxx,machine,"01AAA, 02D--series, _ClogA04, AAA15, AAA15skid, active, CROBA Brand, Mini Skid Steer Attachments, Mini Skid Steer Trencher, Mini Track Loader Attachments, SMS",2025-06-06T03:27:10-07:00,2025-04-23T19:44:22-07:00,2026-07-20T11:17:44-07:00,150521,2899.00,3299.00,true,283042,https://cdn.shopify.com/s/files/1/0653/3470/6391/files/20_trencher--_12.webp?v=1768449506
9304858788055,"20'' Flywheel Diameter Mini Skid Steer Stump Grinder with 24 Carbide Teeth, MSG20",20-flywheel-diameter-mini-skid-steer-stump-grinder-with-24-carbide-teeth-msg20,MechMaxx,machine,"01AAA, 02D--series, _ClogA04, AAA15, AAA15skid, active, CROBA Brand, Mini Skid Steer Attachments, Mini Track Loader Attachments, SMS",2026-06-26T02:12:10-07:00,2026-06-22T23:22:18-07:00,2026-07-20T11:17:44-07:00,150602,2299.00,2999.00,true,165108,https://cdn.shopify.com/s/files/1/0653/3470/6391/files/StumpGrinderMSG20--_13.webp?v=1782207273
8893592142039,20'' Width Mini Skid Steer Rock Grapple Bucket,20-inch-width-mini-skid-steer-rock-grapple-bucket,MechMaxx,machine,"01AAA, 02D--series, _ClogA04, AAA15, AAA15skid, active, CROBA Brand, Grapple Bucket, Mini Skid Steer Attachments, Mini Track Loader Attachments, SMS",2025-04-30T02:56:30-07:00,2025-04-23T19:44:53-07:00,2026-07-20T11:17:44-07:00,150522,1399.00,1699.00,true,174179,https://cdn.shopify.com/s/files/1/0653/3470/6391/files/MiniSkidSteerRockGrappleBucket--_18.webp?v=1747018676
8794802159831,"20-60% RH Electronic Dry Cabinet 1430L ESD Desiccator Cabinet Low Humidity Storage,  EDC1430A-6",1430-l-electric-dry-cabinet-20-60-rh-desiccator-cabinet-low-humidity,MechMaxx,machine,"00renew, 00Z, 01AAA, 02J-series, 0ZS, 20-60% Dry Cabinets, _ClogA10, aaa-lab, AAA20, active, bfsales0, bfsales1, bfsales1-1127, blackfriday, coupon, Dry Cabinets, Laboratory Equipment & Supplies, MECHMAXX Brand, sales, SMS",2025-01-14T01:09:07-08:00,2025-01-04T00:16:46-08:00,2026-07-20T11:17:44-07:00,203004,3399.00,4199.00,true,216364,https://cdn.shopify.com/s/files/1/0653/3470/6391/files/DSC06246.webp?v=1736843761
9016215699671,"20-60% RH Electronic Dry Cabinet 1430L ESD Desiccator Cabinet Low Humidity Storage,  White,  EDC1430AW-6",20-60-rh-electronic-dry-cabinet-1430l-esd-desiccator-cabinet-low-humidity-storage-white-edc1430aw-6,MechMaxx,machine,"00renew, 00Z, 01AAA, 02J-series, 0ZS, 20-60% Dry Cabinets, _ClogA10, aaa-lab, AAA20, active, blackfriday, coupon, Dry Cabinets, Laboratory Equipment & Supplies, MECHMAXX Brand, sales, SMS",2025-10-29T22:54:49-07:00,2025-08-21T09:02:46-07:00,2026-07-20T11:17:44-07:00,203004W,3399.00,4199.00,true,216364,https://cdn.shopify.com/s/files/1/0653/3470/6391/files/Dry_Cabinet_1430aw.webp?v=1764567136
9016212979927,"20-60% RH Electronic Dry Cabinet 210L ESD Desiccator Cabinet Low Humidity Storage,  EDC210A",20-60-rh-electronic-dry-cabinet-210l-esd-desiccator-cabinet-low-humidity-storage-edc210a,MechMaxx,machine,"00renew, 00Z, 01AAA, 02J-series, 0ZS, 20-60% Dry Cabinets, _ClogA10, aaa-lab, AAA20, active, blackfriday, coupon, Dry Cabinets, Laboratory Equipment & Supplies, MECHMAXX Brand, sales, SMS",2025-10-29T22:54:34-07:00,2025-08-21T08:54:10-07:00,2026-07-20T11:17:44-07:00,203012,1299.00,1699.00,true,66224,https://cdn.shopify.com/s/files/1/0653/3470/6391/files/ElectronicDryCabinet210.webp?v=1761740689
9016214323415,"20-60% RH Electronic Dry Cabinet 210L ESD Desiccator Cabinet Low Humidity Storage, White, EDC210AW",20-60-rh-electronic-dry-cabinet-210l-esd-desiccator-cabinet-low-humidity-storage-white-edc210aw,MechMaxx,machine,"00renew, 00Z, 01AAA, 02J-series, 0ZS, 20-60% Dry Cabinets, _ClogA10, aaa-lab, AAA20, active, blackfriday, coupon, Dry Cabinets, Laboratory Equipment & Supplies, MECHMAXX Brand, sales, SMS",2025-10-31T00:14:54-07:00,2025-08-21T08:59:15-07:00,2026-07-20T11:17:44-07:00,203012W,1299.00,1699.00,true,66224,https://cdn.shopify.com/s/files/1/0653/3470/6391/files/Dry_Cabinet_210_0d947ab4-ad3f-4de1-9690-121528456dda.webp?v=1764566867
8794799603927,"20-60% RH Electronic Dry Cabinet 320L ESD Desiccator Cabinet Low Humidity Storage,  EDC320A",320-l-dry-cabinet-20-60-rh,MechMaxx,machine,"00renew, 00Z, 01AAA, 02J-series, 0ZS, 20-60% Dry Cabinets, _ClogA10, aaa-lab, AAA20, active, coupon, Dry Cabinets, Laboratory Equipment & Supplies, MECHMAXX Brand, SMS",2025-01-14T01:08:29-08:00,2025-01-04T00:11:20-08:00,2026-07-20T11:17:44-07:00,203001,1799.00,2299.00,false,92533,https://cdn.shopify.com/s/files/1/0653/3470/6391/files/Electronic_Dry_Cabinet_EDC320A_1.webp?v=1754116941
9016214421719,"20-60% RH Electronic Dry Cabinet 320L ESD Desiccator Cabinet Low Humidity Storage,  White,  EDC320AW",20-60-rh-electronic-dry-cabinet-320l-esd-desiccator-cabinet-low-humidity-storage-white-edc320aw,MechMaxx,machine,"00renew, 00Z, 01AAA, 02J-series, 0ZS, 20-60% Dry Cabinets, _ClogA10, aaa-lab, AAA20, active, bfsales0, bfsales1, bfsales1-1127, blackfriday, coupon, Dry Cabinets, Laboratory Equipment & Supplies, MECHMAXX Brand, sales, SMS",2025-10-31T00:14:57-07:00,2025-08-21T09:00:00-07:00,2026-07-20T11:17:44-07:00,203001W,1799.00,2299.00,true,92533,https://cdn.shopify.com/s/files/1/0653/3470/6391/files/Dry_Cabinet_320aw.webp?v=1764566915
8794800193751,"20-60% RH Electronic Dry Cabinet 540L ESD Desiccator Cabinet Low Humidity Storage,  EDC540A",540-l-dry-cabinet-20-60-rh,MechMaxx,machine,"00renew, 00Z, 01AAA, 02J-series, 0ZS, 20-60% Dry Cabinets, _ClogA10, aaa-lab, AAA20, active, coupon, Dry Cabinets, Laboratory Equipment & Supplies, MECHMAXX Brand, sales, SMS",2025-01-14T01:08:38-08:00,2025-01-04T00:12:34-08:00,2026-07-20T11:17:44-07:00,203002,2299.00,2799.00,false,110223,https://cdn.shopify.com/s/files/1/0653/3470/6391/files/DSC06378.webp?v=1736843503
9016214618327,"20-60% RH Electronic Dry Cabinet 540L ESD Desiccator Cabinet Low Humidity Storage,  White,  EDC540AW",20-60-rh-electronic-dry-cabinet-540l-esd-desiccator-cabinet-low-humidity-storage-white-edc540aw,MechMaxx,machine,"00renew, 00Z, 01AAA, 02J-series, 0ZS, 20-60% Dry Cabinets, _ClogA10, aaa-lab, AAA20, active, blackfriday, coupon, Dry Cabinets, Laboratory Equipment & Supplies, MECHMAXX Brand, sales, SMS",2025-10-29T22:54:55-07:00,2025-08-21T09:00:39-07:00,2026-07-20T11:17:44-07:00,203002W,2299.00,2799.00,true,110223,https://cdn.shopify.com/s/files/1/0653/3470/6391/files/Dry_Cabinet_540aw.webp?v=1764566985
9016213143767,"20-60% RH Electronic Dry Cabinet 730L ESD Desiccator Cabinet Low Humidity Storage,  EDC730A",20-60-rh-electronic-dry-cabinet-730l-esd-desiccator-cabinet-low-humidity-storage-edc730a,MechMaxx,machine,"00renew, 00Z, 01AAA, 02J-series, 0ZS, 20-60% Dry Cabinets, _ClogA10, aaa-lab, AAA20, active, bfsales0, bfsales1, bfsales1-1127, blackfriday, coupon, Dry Cabinets, Laboratory Equipment & Supplies, MECHMAXX Brand, sales, SMS",2025-10-29T22:55:00-07:00,2025-08-21T08:55:18-07:00,2026-07-20T11:17:44-07:00,203010,2599.00,3199.00,true,0,https://cdn.shopify.com/s/files/1/0653/3470/6391/files/ElectronicDryCabinet730B.webp?v=1761740770
9016215175383,"20-60% RH Electronic Dry Cabinet 730L ESD Desiccator Cabinet Low Humidity Storage,  White,  EDC730AW",20-60-rh-electronic-dry-cabinet-730l-esd-desiccator-cabinet-low-humidity-storage-white-edc730aw,MechMaxx,machine,"00renew, 00Z, 01AAA, 02J-series, 0ZS, 20-60% Dry Cabinets, _ClogA10, aaa-lab, AAA20, active, blackfriday, coupon, Dry Cabinets, Laboratory Equipment & Supplies, MECHMAXX Brand, sales, SMS",2025-10-29T22:55:03-07:00,2025-08-21T09:01:27-07:00,2026-07-20T11:17:44-07:00,203010W,2599.00,3199.00,true,133810,https://cdn.shopify.com/s/files/1/0653/3470/6391/files/Dry_Cabinet_730_4c64cd82-bb64-4ece-bfc0-851fdf7b9a6c.webp?v=1764567052
8794802225367,"20-60% RH Electronic Dry Cabinet 880L ESD Desiccator Cabinet Low Humidity Storage,  EDC880A",880-l-electric-dry-cabinets-20-60-rh-desiccator-cabinet-low-humidity,MechMaxx,machine,"00renew, 00Z, 01AAA, 02J-series, 0ZS, 20-60% Dry Cabinets, _ClogA10, aaa-lab, AAA20, active, bfsales0, bfsales1, bfsales1-1127, blackfriday, coupon, Dry Cabinets, Laboratory Equipment & Supplies, MECHMAXX Brand, sales, SMS",2025-01-14T01:09:00-08:00,2025-01-04T00:16:54-08:00,2026-07-20T11:17:44-07:00,203003,2799.00,3499.00,true,167829,https://cdn.shopify.com/s/files/1/0653/3470/6391/files/DSC06354.webp?v=1736843666
9016215339223,"20-60% RH Electronic Dry Cabinet 880L ESD Desiccator Cabinet Low Humidity Storage,  White,  EDC880AW",20-60-rh-electronic-dry-cabinet-880l-esd-desiccator-cabinet-low-humidity-storage-white-edc880aw,MechMaxx,machine,"00renew, 00Z, 01AAA, 02J-series, 0ZS, 20-60% Dry Cabinets, _ClogA10, aaa-lab, AAA20, active, blackfriday, coupon, Dry Cabinets, Laboratory Equipment & Supplies, MECHMAXX Brand, sales, SMS",2025-10-29T22:54:52-07:00,2025-08-21T09:02:05-07:00,2026-07-20T11:17:44-07:00,203003W,2799.00,3499.00,true,167829,https://cdn.shopify.com/s/files/1/0653/3470/6391/files/Dry_Cabinet_880_9d23bece-f25c-404d-a359-7d706507d18c.webp?v=1764567106
9306424475863,"207 Gal / 785L Heavy Duty Industrial Ultrasonic Parts Washer, 28kHz 96 Transducers, Oil Skimmer, SS304 Tank, 22kW Heater, 208–240V 3 Phase Power",207gal-industrial-ultrasonic-cleaner-with-automatic-oil-skimmer-220v-3ph,MechMaxx,machine,"00C, 00renew, 01AAA, 02J-series, 207 Gal Industrial Ultrasonic Cleaner, _ClogA10, _ClogA12, aaa-lab, AAA30, active, coupon, Laboratory Equipment & Supplies, MECHMAXX Brand, sales, SMS, Ultrasonic Cleaner",2026-07-01T01:10:18-07:00,2026-06-25T02:22:46-07:00,2026-07-20T11:17:44-07:00,320007,15999.00,,true,699893,https://cdn.shopify.com/s/files/1/0653/3470/6391/files/320007_3.webp?v=1782891006
9313735475415,"207 Gal / 785L Heavy Duty Industrial Ultrasonic Parts Washer, 28kHz 96 Transducers, SS304 Tank, 22kW Heater, 208–240V 3 Phase Power",207-gal-785l-heavy-duty-industrial-ultrasonic-parts-washer-28khz-96-transducers-ss304-tank-22kw-heater-208-240v-3-phase-power,MechMaxx,machine,"00C, 00renew, 01AAA, 02J-series, 207 Gal Industrial Ultrasonic Cleaner, _ClogA10, _ClogA12, aaa-lab, AAA30, active, coupon, Laboratory Equipment & Supplies, MECHMAXX Brand, sales, SMS, Ultrasonic Cleaner",2026-07-01T02:43:31-07:00,2026-06-30T20:41:48-07:00,2026-07-20T11:17:44-07:00,320008,13499.00,,true,630040,https://cdn.shopify.com/s/files/1/0653/3470/6391/files/320008.webp?v=1782895943
8895420072151,"20FT HVLS Industrial Ceiling Fan 208-240V 1-Ph - Energy Efficient Large Area Air Circulation for Fan Warehouses & Factories,  20FT1PH",20ft-hvls-industrial-ceiling-fan-220v-1-phase-energy-efficient-large-area-air-circulation-for-warehouses-factories,MechMaxx,machine,"00C, 00renew, 01AAA, 20FT HVLS Industrial Ceiling Fans, _ClogA08, blowout, coupon, HVAC, HVLS Industrial Ceiling Fans, Industrial Ceiling Fans, Material Handling & Storage, MECHMAXX Brand, New Products, sales, SMS",2025-05-07T19:31:34-07:00,2025-04-25T20:48:07-07:00,2026-07-20T11:17:44-07:00,330006,3499.00,6999.00,true,232693,https://cdn.shopify.com/s/files/1/0653/3470/6391/files/HVLSFanmain_15.webp?v=1776388390
8895419941079,20FT HVLS Industrial Ceiling Fan 208-240V 3-Phase - Energy Efficient Large Area Air Circulation for Fan Warehouses & Factories 20FT3PH,20ft-hvls-industrial-ceiling-fan-220v-3-phase-energy-efficient-large-area-air-circulation-for-warehouses-factories,MechMaxx,machine,"00C, 00renew, 01AAA, 20FT HVLS Industrial Ceiling Fans, _ClogA08, blowout, coupon, HVAC, HVLS Industrial Ceiling Fans, Industrial Ceiling Fans, Material Handling & Storage, MECHMAXX Brand, New Products, sales, SMS",2025-05-07T19:31:34-07:00,2025-04-25T20:45:54-07:00,2026-07-20T11:17:44-07:00,330005,3499.00,6999.00,true,232693,https://cdn.shopify.com/s/files/1/0653/3470/6391/files/HVLSFanmain_15.webp?v=1776388390
8753195581655,"20HP Combined Rotary Screw Air Compressor with Dryer & 105-Gal ASME Tank | 78 CFM,  116 PSI,  230V 3-Phase - Industrial Grade",78cfm-industrial-rotary-screw-air-compressor-20hp-116psi-230v3p-with-93gal-tank-dryer,MechMaxx,machine,"00C, 00renew, 01AAA, 02I-series, _ClogA09, AAA-pneu, AAA30, active, Air Compressor With Tank & Dryer, coupon, MECHMAXX Brand, Pneumatic Equipment, Pneumatic Equipment & Accessories, sales, SMS",2024-11-03T23:55:26-08:00,2024-10-31T21:58:58-07:00,2026-07-20T11:17:44-07:00,300011,8299.00,8399.00,true,668595,https://cdn.shopify.com/s/files/1/0653/3470/6391/files/300011_Air_Compressor_ML20_-2.webp?v=1760516803
9068977651927,"20HP Combined Rotary Screw Air Compressor with Dryer & 105-Gal ASME Tank | 78 CFM,  116 PSI,  460V 3-Phase - Industrial Grade",20hp-combined-rotary-screw-air-compressor-with-dryer-105-gal-asme-tank-78-cfm-116-psi-460v-3-phase-industrial-grade,MechMaxx,machine,"00C, 00renew, 01AAA, 02I-series, _ClogA09, AAA-pneu, AAA30, active, Air Compressor With Tank & Dryer, bfsales0, coupon, MECHMAXX Brand, Pneumatic Equipment, Pneumatic Equipment & Accessories, SMS",2025-10-14T02:40:09-07:00,2025-10-14T01:33:55-07:00,2026-07-20T11:17:44-07:00,300021,8299.00,8499.00,true,0,https://cdn.shopify.com/s/files/1/0653/3470/6391/files/300021_5.webp?v=1760434387
8750662090967,"20HP Rotary Screw Air Compressor - 78 CFM,  116 PSI,  230V 3-Phase | Industrial-Grade",78cfm-industrial-rotary-screw-air-compressor-20-hp-116-psi-230v-3-phase,MechMaxx,machine,"00C, 00renew, 01AAA, 02I-series, _ClogA09, AAA-pneu, AAA30, active, Air Compressor, bfsales1, bfsales1-1127, coupon, MECHMAXX Brand, Pneumatic Equipment, Pneumatic Equipment & Accessories, sales, SMS",2024-11-03T23:55:17-08:00,2024-10-28T02:03:57-07:00,2026-07-20T11:17:44-07:00,300003,4499.00,4799.00,true,329308,https://cdn.shopify.com/s/files/1/0653/3470/6391/files/300003_Air_Compressor_M20AC230-2.webp?v=1758788490
8751726133463,"20HP Rotary Screw Air Compressor - 78 CFM,  116 PSI,  460V 3-Phase | Industrial-Grade",78cfm-industrial-rotary-screw-air-compressor-20-hp-116-psi-460v-3-phase,MechMaxx,machine,"00C, 00renew, 01AAA, 02I-series, _ClogA09, AAA-pneu, AAA30, active, Air Compressor, bfsales1, bfsales1-1127, coupon, MECHMAXX Brand, Pneumatic Equipment, Pneumatic Equipment & Accessories, sales, SMS",2024-11-03T23:55:18-08:00,2024-10-29T19:10:40-07:00,2026-07-20T11:17:44-07:00,300004,4499.00,4799.00,true,329308,https://cdn.shopify.com/s/files/1/0653/3470/6391/files/300004_Air_Compressor_M20AC460-2.webp?v=1758788115
9232978739415,20PCS HSS END MILLS SET for SKU: 500200 | Model: VM18L SKU: 500201 | Model: VM18LD SKU: 500202 | Model: VM25L SKU: 500203 | Model: VM25LD SKU: 500204 | Model: VM32L SKU: 500205 | Model: VM32LD,20pcs-hss-end-mills-set-for-sku-500200-model-vm18l-sku-500201-model-vm18ld-sku-500202-model-vm25l-sku-500203-model-vm25ld-sku-500204-model-vm32l-sku-500205-model-vm32ld,MechMaxx,accessories,"01BBB, 1030V, 500005, Metal Lathe Machine, Metalworking Machines part, Spare Parts",2026-04-02T21:13:48-07:00,2026-04-02T21:11:10-07:00,2026-07-20T11:17:44-07:00,485461,184.00,,true,1901,https://cdn.shopify.com/s/files/1/0653/3470/6391/files/485461_DSC09408.webp?v=1775189630
9124272275671,20x24 Inch (50x60cm) Commercial Pneumatic Dual Platen Heat Press Auto Lift Sublimation Transfer Machine with AIRTAC Pneumatic Components (110V 4HP),20x24-inch-50x60cm-commercial-pneumatic-dual-platen-heat-press-auto-lift-sublimation-transfer-machine-110v,MechMaxx,machine,"00precision, 01AAA, _ClogA13, Advertising Equipments, coupon, Heat Transferring and Sublimation, Pneumatic Heat Press Machines",2025-12-03T21:03:57-08:00,2025-12-02T01:16:31-08:00,2026-07-20T11:17:44-07:00,501005,2399.00,2599.00,true,158757,https://cdn.shopify.com/s/files/1/0653/3470/6391/files/501005-PUD2024_DSC02804.webp?v=1764824614
8207713599703,"212cc 7hp Gas Powered 3"" Wood Chipper with Collection Bag, GC75",212cc-7hp-gas-powered-3-wood-chipper-with-collection-bag-gc50d-model-gc75,MechMaxx,machine,"01AAA, 02A-series, coupon, MECHMAXX Brand, SMS",2023-12-02T02:02:14-08:00,2023-11-29T18:18:47-08:00,2026-07-20T11:17:44-07:00,110900,499.00,899.00,false,55338,https://cdn.shopify.com/s/files/1/0653/3470/6391/files/woodchippergc50-3.webp?v=1706240489
9117378609367,"22"" Portable Sawmill & Forestry Log Skidding Winch  Bundle, SM22 & FW8800",22-portable-sawmill-forestry-log-skidding-winch-combo,MechMaxx,machine,"01AAA-sawmill, Combo, Combo Sales",2026-03-25T20:34:45-07:00,2025-11-25T23:06:16-08:00,2026-07-20T11:17:44-07:00,150412,4299.00,6198.00,true,263084,https://cdn.shopify.com/s/files/1/0653/3470/6391/files/10_aeddc2b9-85a9-4d93-b36c-429aaac4aa69.webp?v=1764140971
8916753449175,"22"" Portable Sawmill,  224cc 7HP DUCAR Gasoline Engine,  18"" Board Width,  13' Track Length ,  SM-22",22-portable-sawmill-224cc-7hp-gasoline-engine-20-board-width-13-track-length-sm22,MechMaxx,machine,"00renew, 01AAA-sawmill, 02C-series, 0LimitedTimeOffer, _ClogA03, AAA15, bfsales1, bfsales1-1127, blackfriday, MECHMAXX Brand, sales, sawmill",2025-07-30T02:29:45-07:00,2025-05-20T22:53:35-07:00,2026-07-20T11:17:44-07:00,150320,1799.00,2899.00,true,263084,https://cdn.shopify.com/s/files/1/0653/3470/6391/files/SM22-150320-_12_4d02fe66-da4d-4a93-93d1-60d874899d54.webp?v=1764140971
8653347619031,"22"" Portable Sawmill,  274cc 8.1HP Gasoline Engine,  18"" Board Width,  13' Track Length ,  SM-22",22-portable-sawmill-270cc-9hp-gasoline-engine-20-board-width-13-track-length-sm22,MechMaxx,machine,"00renew, 01AAA-sawmill, 02C-series, 0LimitedTimeOffer, _ClogA03, AAA15, blackfriday, MECHMAXX Brand, sales, sawmill",2024-08-10T00:15:02-07:00,2024-07-29T01:48:35-07:00,2026-07-20T11:17:44-07:00,150169,1999.00,2999.00,true,272155,https://cdn.shopify.com/s/files/1/0653/3470/6391/files/SKU150169.webp?v=1764814775
9042734383319,"22"" Portable Sawmill,  KOHLER 9.5hp 277cc Gasoline Engine,  18"" Board Width,  13' Track Length ,  SM-22",22-portable-sawmill-kohler-277cc-e-start-gasoline-engine-20-board-width-13-track-length-sm-22,MechMaxx,machine,"00renew, 01AAA-sawmill, 02C-series, _ClogA03, AAA15, blackfriday, MECHMAXX Brand, sales, sawmill",2025-09-27T01:01:41-07:00,2025-09-23T23:56:53-07:00,2026-07-20T11:17:44-07:00,150169K4,2299.00,3299.00,true,272155,https://cdn.shopify.com/s/files/1/0653/3470/6391/files/SKU150169.webp?v=1764814775
8771611164887,"2200 lbs Capacity Stationary Electric Hydraulic Double Scissor Lift Table - 51.2"" x 32.3"" Platform,  70.1"" Lift Height,  UL Certified Motor,  ELTD22",stationary-electric-hydraulic-lift-table-2200lb-capacity-platform-size51-2-x-32-3-height70-1,MechMaxx,machine,"00C, 00renew, 01AAA, 02H-series, 2200lbs Electric Stationary Lift Tables, _ClogA08, AAA30, active, bfsales1, bfsales1-1127, blackfriday, coupon, Electric Stationary Lift Table, Lift table, Material Handling Equipments, MECHMAXX Brand, New Products, sales, SMS",2024-12-20T23:40:41-08:00,2024-11-26T22:50:36-08:00,2026-07-20T11:17:44-07:00,310004,2599.00,2999.00,true,274877,https://cdn.shopify.com/s/files/1/0653/3470/6391/files/ELTD22main.webp?v=1749695056
9116894462167,"2200 lbs Capacity Stationary Electric Hydraulic Double Scissor Lift Table - 51.2"" x 32.3"" Platform,  70.1"" Lift Height,  UL Certified Motor,  ELTD22",2200-lbs-capacity-stationary-electric-hydraulic-double-scissor-lift-table-51-2-x-32-3-platform-70-1-lift-height-ul-certified-motor-eltd22,MechMaxx,machine,"00C, 00renew, 01AAA, 02H-series, 2200lbs Electric Stationary Lift Tables, _ClogA08, AAA30, active, coupon, Electric Stationary Lift Table, Lift table, Material Handling Equipments, MECHMAXX Brand, New Products, sales, SMS",2025-11-28T02:19:10-08:00,2025-11-25T02:26:18-08:00,2026-07-20T11:17:44-07:00,310004B,2599.00,,true,274877,https://cdn.shopify.com/s/files/1/0653/3470/6391/files/310004B.webp?v=1764325152
9116894527703,"2200 lbs Capacity Stationary Electric Hydraulic Double Scissor Lift Table - 51.2"" x 32.3"" Platform,  70.1"" Lift Height,  UL Certified Motor,  ELTD22",2200-lbs-capacity-stationary-electric-hydraulic-double-scissor-lift-table-51-2-x-32-3-platform-70-1-lift-height-ul-certified-motor-eltd22-1,MechMaxx,machine,"00C, 00renew, 01AAA, 02H-series, 2200lbs Electric Stationary Lift Tables, _ClogA08, AAA30, active, coupon, Electric Stationary Lift Table, Lift table, Material Handling Equipments, MECHMAXX Brand, New Products, sales, SMS",2025-11-27T22:26:41-08:00,2025-11-25T02:27:07-08:00,2026-07-20T11:17:44-07:00,310004Y,2599.00,,true,274877,https://cdn.shopify.com/s/files/1/0653/3470/6391/files/310004Y.webp?v=1764311192
8771614212311,"2200 lbs Capacity Stationary Powered Hydraulic Double Scissor Lift Table, 86.6"" x 51.2"" Platform, 94.5"" Lift Height,  UL Certified Motor,  ELTD22L",stationary-powered-hydraulic-lift-table-2200lb-capacity-platform-size86-6-x-51-2-height94-5,MechMaxx,machine,"00C, 00renew, 01AAA, 02H-series, 2200lbs Electric Stationary Lift Tables, _ClogA08, AAA30, active, blackfriday, coupon, Electric Stationary Lift Table, Lift table, Material Handling Equipments, MECHMAXX Brand, New Products, sales, SMS",2024-12-20T23:40:41-08:00,2024-11-26T22:58:01-08:00,2026-07-20T11:17:44-07:00,310005,3599.00,3899.00,true,620061,https://cdn.shopify.com/s/files/1/0653/3470/6391/files/ELTD22Lmain.webp?v=1749695170
8771604480215,"2200lb Capacity Stationary Electric Hydraulic Lift Table ,  51.2"" x 32.3"" Platform,  39.4"" Lift Height , UL Certified Motor,  ELT22",stationary-electric-hydraulic-lift-table-2200lb-capacity-platform-size51-2-x-32-3-height39-4,MechMaxx,machine,"00C, 00renew, 01AAA, 02H-series, 2200lbs Electric Stationary Lift Tables, _ClogA08, AAA30, active, bfsales0, bfsales1, bfsales1-1127, blackfriday, coupon, Electric Stationary Lift Table, Lift table, Material Handling Equipments, MECHMAXX Brand, New Products, SMS",2024-12-20T23:40:39-08:00,2024-11-26T22:28:05-08:00,2026-07-20T11:17:44-07:00,310001,2299.00,2299.00,true,239950,https://cdn.shopify.com/s/files/1/0653/3470/6391/files/ELT22main.webp?v=1759199750
9116109177047,"2200lb Capacity Stationary Electric Hydraulic Lift Table ,  51.2"" x 32.3"" Platform,  39.4"" Lift Height , UL Certified Motor,  ELT22",2200lb-capacity-stationary-electric-hydraulic-lift-table-platform-elt22,MechMaxx,machine,"00C, 00renew, 01AAA, 02H-series, 2200lbs Electric Stationary Lift Tables, _ClogA08, AAA30, active, coupon, Electric Stationary Lift Table, Lift table, Material Handling Equipments, MECHMAXX Brand, SMS",2025-11-25T04:00:44-08:00,2025-11-23T20:59:05-08:00,2026-07-20T11:17:44-07:00,310001B,2299.00,,false,0,https://cdn.shopify.com/s/files/1/0653/3470/6391/files/310001B.webp?v=1763960490
9116110913751,"2200lb Capacity Stationary Electric Hydraulic Lift Table ,  51.2"" x 32.3"" Platform,  39.4"" Lift Height , UL Certified Motor,  ELT22",2200lb-capacity-stationary-electric-hydraulic-lift-table-elt22,MechMaxx,machine,"00C, 00renew, 01AAA, 02H-series, 2200lbs Electric Stationary Lift Tables, _ClogA08, AAA30, active, coupon, Electric Stationary Lift Table, Lift table, Material Handling Equipments, MECHMAXX Brand, SMS",2025-11-25T04:00:44-08:00,2025-11-23T21:09:09-08:00,2026-07-20T11:17:44-07:00,310001Y,2299.00,,true,239950,https://cdn.shopify.com/s/files/1/0653/3470/6391/files/310001Y.webp?v=1764065573
8792153489623,"24"" Backhoe Bucket without Pins, 6-Carbon Steel Teeth (for SKU: 150162, 150163, 150164, 201162, 201163, 201164)",24-backhoe-bucket-6-carbon-steel-teeth-for-sku-150162-150163-150164,MechMaxx,accessories,"00Z, 01BBB, 0ZS, 150163, active, All PTO Backhoes, BACKHOE, Backhoe attachment, Backhoe Bucket, backhoe for tractor, SMS, Tractor, Tractor Implements & Attachments part",2025-01-01T19:04:35-08:00,2024-12-31T05:12:24-08:00,2026-07-20T11:17:44-07:00,410305-6,389.99,429.00,true,57878,https://cdn.shopify.com/s/files/1/0653/3470/6391/files/DSC03087.webp?v=1735650638
8560454336727,"24"" Rim Assist Arm Tire Changer Swing Arm Wheel Changer with Bead Blaster,  TC9661",24-rim-assist-arm-tire-changer-swing-arm-wheel-changer-with-bead-blaster,MechMaxx,machine,"00Z, 01AAA, 02G-series, 0ZS, _ClogA07, AAA-auto, AAA20, Automotive Equipment & Tools, bfsales0, coupon, MECHMAXX Brand, sales, SMS, Tire Changer, Vehicle Equipment & Tools",2024-06-24T00:28:59-07:00,2024-06-04T19:07:27-07:00,2026-07-20T11:17:44-07:00,200027,1899.00,2199.00,true,286217,https://cdn.shopify.com/s/files/1/0653/3470/6391/files/DSC06357.webp?v=1751968122
8617508634839,"24"" Rim Assist Arm Tire Changer Wheel Balancer Bundle,  TC9661,  WB855",24-rim-assist-arm-tire-changer-wheel-balancer-combo-tc9661-wb855,MechMaxx,machine,"00Z, 01AAA, 02G-series, 0ZS, _ClogA07, AAA-auto, AAA20, Automotive Equipment & Tools, bfsales0, Combo Sales, coupon, MECHMAXX Brand, sales, SMS, TC & WB Combo, Vehicle Equipment & Tools",2024-07-02T18:11:09-07:00,2024-07-02T17:21:16-07:00,2026-07-20T11:17:44-07:00,200031,2799.00,3498.00,true,390997,https://cdn.shopify.com/s/files/1/0653/3470/6391/files/wb855_tc9661.webp?v=1746895866
8965464883415,"24"" Rim Assist Arm Tire Changer Wheel Balancer Bundle,  TC9661,  WB857",24-rim-assist-arm-tire-changer-wheel-balancer-combo-tc9661-wb857,MechMaxx,machine,"00Z, 01AAA, 02G-series, 0ZS, _ClogA07, AAA-auto, AAA20, Automotive Equipment & Tools, Combo Sales, coupon, MECHMAXX Brand, sales, SMS, TC & WB Combo, Vehicle Equipment & Tools",2025-07-08T02:38:15-07:00,2025-07-08T00:12:57-07:00,2026-07-20T11:17:44-07:00,200037,3299.00,3998.00,true,407780,https://cdn.shopify.com/s/files/1/0653/3470/6391/files/TC9661_WB857.webp?v=1750818155
8564344324311,"24"" Rim Double Assist Arms Tire Changer Swing Arm Wheel Changer with Bead Blaster,  TC9662",24-rim-double-assist-arms-tire-changer-swing-arm-wheel-changer-with-bead-blaster,MechMaxx,machine,"00renew, 00Z, 01AAA, 02G-series, 0ZS, _ClogA07, AAA-auto, AAA20, Automotive Equipment & Tools, bfsales0, coupon, MECHMAXX Brand, sales, SMS, Tire Changer, Vehicle Equipment & Tools",2024-06-24T00:27:36-07:00,2024-06-06T02:00:16-07:00,2026-07-20T11:17:44-07:00,200005,1999.00,2299.00,true,270795,https://cdn.shopify.com/s/files/1/0653/3470/6391/files/SKU_200005_TC9662.webp?v=1746894703
8617517940951,"24"" Rim Double Assist Arms Tire Changer Wheel Balancer Bundle,  TC9662,  WB855",24-rim-double-assist-arms-tire-changer-wheel-balancer-combo-tc9662-wb855,MechMaxx,machine,"00Z, 01AAA, 02G-series, 0ZS, _ClogA07, AAA-auto, AAA20, Automotive Equipment & Tools, bfsales0, Combo Sales, coupon, MECHMAXX Brand, sales, SMS, TC & WB Combo, Vehicle Equipment & Tools",2024-07-02T18:11:09-07:00,2024-07-02T17:27:49-07:00,2026-07-20T11:17:44-07:00,200032,2899.00,3598.00,true,375574,https://cdn.shopify.com/s/files/1/0653/3470/6391/files/wb855_tc9662.webp?v=1746896077
8965449580759,"24"" Rim Double Assist Arms Tire Changer Wheel Balancer Bundle,  TC9662,  WB857",24-rim-double-assist-arms-tire-changer-wheel-balancer-combo-tc9662-wb857,MechMaxx,machine,"00Z, 01AAA, 02G-series, 0ZS, _ClogA07, AAA-auto, AAA20, Automotive Equipment & Tools, Combo Sales, coupon, MECHMAXX Brand, sales, SMS, TC & WB Combo, Vehicle Equipment & Tools",2025-07-08T02:28:56-07:00,2025-07-07T23:55:27-07:00,2026-07-20T11:17:44-07:00,200038,3399.00,4098.00,true,392811,https://cdn.shopify.com/s/files/1/0653/3470/6391/files/TC9662_WB857.webp?v=1750818166
8617487630551,"24"" Rim Swing Arm Tire Changer Wheel Balancer Bundle,  TC966 ,  WB855",24-rim-swing-arm-tire-changer-wheel-balancer-combo-tc966-wb855,MechMaxx,machine,"00Z, 01AAA, 02G-series, 0ZS, _ClogA07, AAA-auto, AAA20, Automotive Equipment & Tools, bfsales0, Combo Sales, coupon, MECHMAXX Brand, sales, SMS, TC & WB Combo, Vehicle Equipment & Tools",2024-07-02T18:11:09-07:00,2024-07-02T17:05:48-07:00,2026-07-20T11:17:44-07:00,200030,2499.00,3098.00,true,337926,https://cdn.shopify.com/s/files/1/0653/3470/6391/files/wb855_tc966.webp?v=1746895641
8560430219479,"24"" Rim Swing Arm Tire Changer Wheel Changer with Bead Blaster,  TC966",24-rim-swing-arm-tire-changer-wheel-changer-with-bead-blaster,MechMaxx,machine,"00renew, 00Z, 01AAA, 02G-series, 0ZS, _ClogA07, AAA-auto, AAA20, Automotive Equipment & Tools, bfsales0, coupon, MECHMAXX Brand, sales, SMS, Tire Changer, Vehicle Equipment & Tools",2024-06-24T00:26:52-07:00,2024-06-04T18:42:29-07:00,2026-07-20T11:17:44-07:00,200002,1599.00,1799.00,true,233146,https://cdn.shopify.com/s/files/1/0653/3470/6391/files/SKU_200002_TC966.webp?v=1746897440
9125534433495,"24""x32"" Large Format Manual Heat Press Machine 220V 6.4HP Digital Control for T-Shirts & Sublimation (No Plug)",24x32-large-format-manual-heat-press-machine-220v-6-4hp-digital-control-for-t-shirts-sublimation-no-plug,MechMaxx,machine,"00precision, 01AAA, _ClogA13, Advertising Equipments, coupon, Heat Transferring and Sublimation, Manual Heat Press Machines",2025-12-03T21:07:53-08:00,2025-12-02T18:43:55-08:00,2026-07-20T11:17:44-07:00,501008,1599.00,1899.00,false,158757,https://cdn.shopify.com/s/files/1/0653/3470/6391/files/501008-MS2432_DSC03413.webp?v=1764824875
7937846214871,"24'' Cutting Wheel Hydraulic Cylinders Stump Grinder,  (PTO Shaft Included with Slip Clutch) ,  35-60hp,   TSG61",150152mechmaxx-30-50-hp-stump-grinder-for-tractor-pto-drive-shaft,MechMaxx,machine,"00renew, 01AAA, 01AAA-SG, 02B-series, _ClogA02, _ClogA03, bfsales1, bfsales1-1127, blackfriday, coupon, MECHMAXX Brand, PTO Stump Grinder, sales, SMS, Stump Grinder, Stump Grinder for Tractor, Tractor",2023-05-15T01:31:35-07:00,2023-03-29T02:02:22-07:00,2026-07-20T11:17:44-07:00,150152,2999.00,2999.00,true,352895,https://cdn.shopify.com/s/files/1/0653/3470/6391/files/PTOStumpGrinderTSG61-_3.webp?v=1782379536
8919754342615,"24'' Industrial Magnetic Pan and BOX Heavy Duty Sheet Metal Brake 20 Gauge Capacity Shear Press Brake,  MSMB650E",24-industrial-magnetic-pan-and-box-heavy-duty-sheet-metal-brake-20-gauge-capacity-shear-press-brake-msmb650e,MechMaxx,machine,"00precision, 01AAA, _ClogA05, coupon, Magnetic Bending Machines, MECHMAXX Brand, Metalworking Machines, Sheet Metal & Fabrication, SMS",2025-05-26T08:05:43-07:00,2025-05-26T06:04:08-07:00,2026-07-20T11:17:44-07:00,500000,1799.00,1999.00,true,86183,https://cdn.shopify.com/s/files/1/0653/3470/6391/files/24MSMB-17.webp?v=1748268999
9282358313175,"24'' Industrial Magnetic Pan and BOX Heavy Duty Sheet Metal Brake 20 Gauge Capacity Shear Press Brake,  MSMB650E-R",24-industrial-magnetic-pan-and-box-heavy-duty-sheet-metal-brake-20-gauge-capacity-shear-press-brake-msmb650e-r,MechMaxx,machine,"00precision, 01AAA, _ClogA05, coupon, Magnetic Bending Machines, MECHMAXX Brand, Metalworking Machines, Sheet Metal & Fabrication, SMS",2026-06-01T09:29:02-07:00,2026-06-01T09:19:21-07:00,2026-07-20T11:17:44-07:00,500321,1799.00,1999.00,true,86183,https://cdn.shopify.com/s/files/1/0653/3470/6391/files/500321_MSMB650E-R_DSC07565.webp?v=1780330670
8895420203223,"24FT HVLS Industrial Ceiling Fan 208-240V 1Ph - Energy Efficient Large Area Air Circulation Fan for Warehouses & Factories,  24FT1PH",24ft-hvls-industrial-ceiling-fan-220v-1-phase-energy-efficient-large-area-air-circulation-for-warehouses-factories,MechMaxx,machine,"00C, 00renew, 01AAA, 24FT HVLS Industrial Ceiling Fans, _ClogA08, blowout, coupon, HVAC, HVLS Industrial Ceiling Fans, Industrial Ceiling Fans, Material Handling & Storage, MECHMAXX Brand, New Products, sales, SMS",2025-05-07T19:31:34-07:00,2025-04-25T20:51:13-07:00,2026-07-20T11:17:44-07:00,330008,3499.00,7499.00,true,241765,https://cdn.shopify.com/s/files/1/0653/3470/6391/files/HVLSFanmain_9.webp?v=1776388249
8895420137687,"24FT HVLS Industrial Ceiling Fan 208-240V 3Ph - Energy Efficient Large Area Air Circulation for Fan Warehouses & Factories,  24FT3PH",24ft-hvls-industrial-ceiling-fan-220v-3-phase-energy-efficient-large-area-air-circulation-for-warehouses-factories,MechMaxx,machine,"00C, 00renew, 01AAA, 24FT HVLS Industrial Ceiling Fans, _ClogA08, blowout, coupon, HVAC, HVLS Industrial Ceiling Fans, Industrial Ceiling Fans, Material Handling & Storage, MECHMAXX Brand, New Products, sales, SMS",2025-05-07T19:31:34-07:00,2025-04-25T20:49:51-07:00,2026-07-20T11:17:44-07:00,330007,3499.00,7499.00,true,241765,https://cdn.shopify.com/s/files/1/0653/3470/6391/files/HVLSFanmain_14.webp?v=1776388390
9124761796823,24x32 Inch (60x80cm) Industrial Pneumatic Dual Platen Heat Press - Auto Lift Digital Sublimation Transfer Machine (220V 8HP),24x32-inch-60x80cm-industrial-pneumatic-dual-platen-heat-press-auto-lift-digital-sublimation-transfer-machine-220v-8hp,MechMaxx,machine,"01AAA, _ClogA13, Advertising Equipments, coupon, Heat Transferring and Sublimation, Pneumatic Heat Press Machines, soldout",2025-12-03T21:05:16-08:00,2025-12-02T06:01:50-08:00,2026-07-20T11:17:44-07:00,501006,2499.00,2599.00,false,158757,https://cdn.shopify.com/s/files/1/0653/3470/6391/files/501006-PUD2432DSC03024.webp?v=1764824707
9124812390615,24x32 Inch (60x80cm) Industrial Pneumatic Single Station Heat Press Slide-Out Worktable LCD Touchscreen Sublimation Machine with AIRTAC Pneumatic Components (220V 8HP),24x32-inch-60x80cm-industrial-pneumatic-single-station-heat-press-lcd-touchscreen-sublimation-machine,MechMaxx,machine,"00precision, 01AAA, _ClogA13, Advertising Equipments, coupon, Heat Transferring and Sublimation, Pneumatic Heat Press Machines",2025-12-03T21:06:45-08:00,2025-12-02T06:24:33-08:00,2026-07-20T11:17:44-07:00,501007,2399.00,2599.00,true,158757,https://cdn.shopify.com/s/files/1/0653/3470/6391/files/501007-_PS2432S_DSC02608.webp?v=1764824800
8960935690455,"254 CFM Compressed Air Oil-Water Separator Precision Filter,0.01μm,Oil Content 0.001ppm, With Auto Drain, Pressure Gauge",254-cfm-compressed-air-oil-water-separator-precision-filter-0-01μm-oil-content-0-001ppm-with-auto-drain-pressure-gauge,MechMaxx,accessories,"01BBB, Air Compressor Accessories, Compressed Air Filter, SMS",2025-07-08T01:29:46-07:00,2025-07-03T01:47:32-07:00,2026-07-20T11:17:44-07:00,480065,319.99,,true,3493,https://cdn.shopify.com/s/files/1/0653/3470/6391/files/480065.webp?v=1751692981
8960934248663,"254 CFM Compressed Air Oil-Water Separator Precision Filter,0.01μm,Oil Content 0.01ppm, With Auto Drain, Pressure Gauge",254-cfm-compressed-air-oil-water-separator-precision-filter-0-01μm-oil-content-0-01ppm-with-auto-drain-pressure-gauge,MechMaxx,accessories,"01BBB, Air Compressor Accessories, Compressed Air Filter, SMS",2025-07-08T01:29:45-07:00,2025-07-03T01:45:52-07:00,2026-07-20T11:17:44-07:00,480064,319.99,,true,3493,https://cdn.shopify.com/s/files/1/0653/3470/6391/files/480064.webp?v=1751692736
8960932085975,"254 CFM Compressed Air Oil-Water Separator Precision Filter,1μm,Oil Content 1ppm, With Auto Drain, Pressure Gauge",254-cfm-compressed-air-oil-water-separator-precision-filter-1μm-oil-content-1ppm-with-auto-drain-pressure-gauge,MechMaxx,accessories,"01BBB, Air Compressor Accessories, Compressed Air Filter, SMS",2025-07-08T01:29:44-07:00,2025-07-03T01:43:29-07:00,2026-07-20T11:17:44-07:00,480063,319.99,,true,3493,https://cdn.shopify.com/s/files/1/0653/3470/6391/files/480063.webp?v=1751692590
8423068172503,"25hp 750cc Twin Cylinder ZONSEN Petrol Engine 7"" Hydraulic Feeding Wood Chipper,  DCH7",25hp-740cc-twin-cylinder-gas-engine-6-hydraulic-feeding-wood-chipper-model-dch6,MechMaxx,machine,"00renew, 01AAA, 02A-series, 7 in Wood Chipper, _ClogA01, AAA11, bfsales1, bfsales1-1127, blackfriday, blowout, coupon, HOME&GARDEN, MECHMAXX Brand, sales, SMS, Wood Chipper",2024-04-19T09:39:53-07:00,2024-04-19T05:17:51-07:00,2026-07-20T11:17:44-07:00,110700,6399.00,12899.00,true,721212,https://cdn.shopify.com/s/files/1/0653/3470/6391/files/DSC05808.webp?v=1721381467
8468598653143,"26"" Portable Sawmill (5x Blades Included),  459cc 15HP E-Start Gasoline Engine,  20"" Board Width,  20' Track Length (13' Track Length + 6.4' Track Extension Included) ,  SM-26",26-portable-sawmill-5x-blades-included-420cc-15hp-e-start-gasoline-engine-22-track-width-20-track-length-6-6-track-extension-included-model-sm-26,MechMaxx,machine,"00renew, 01AAA-sawmill, 02C-series, _ClogA03, AAA15, blackfriday, MECHMAXX Brand, sales, sawmill, SM26&32",2024-05-15T01:21:35-07:00,2024-04-29T19:27:18-07:00,2026-07-20T11:17:44-07:00,150166D6,2599.00,4399.00,true,427284,https://cdn.shopify.com/s/files/1/0653/3470/6391/files/sm26-ducar-6-_1.webp?v=1767862170
9072757833943,"26"" Portable Sawmill (5x Blades Included),  KOHLER CH440 429cc E-Start Gasoline Engine,  20"" Board Width,  20' Track Length (13' Track Length + 6.4' Track Extension Included) ,  SM-26",26-portable-sawmill-5x-blades-included-kohler-ch440-429cc-e-start-gasoline-engine-22-board-width-20-track-length-13-track-length-6-6-track-extension-included-sm-26,MechMaxx,machine,"00renew, 01AAA-sawmill, 02C-series, 0LimitedTimeOffer, _ClogA03, AAA15, bfsales1, bfsales1-1127, blackfriday, MECHMAXX Brand, sales, sawmill, SM26&32",2025-10-22T02:46:34-07:00,2025-10-22T02:34:55-07:00,2026-07-20T11:17:44-07:00,150166K6,2799.00,5399.00,true,427284,https://cdn.shopify.com/s/files/1/0653/3470/6391/files/sawmill26kohler6-_19.webp?v=1767755487
8224817414359,"26"" Portable Sawmill,  459cc 15HP E-Start Gasoline Engine,  20"" Board  Width,  13' Track Length ,  SM-26",industrial-26-portable-sawmill-420cc-15hp-gasoline-engine-21-board-width-11-log-length-14-track-bed,MechMaxx,machine,"00renew, 01AAA-sawmill, 02C-series, _ClogA03, AAA15, blackfriday, MECHMAXX Brand, sales, sawmill, SM26&32",2023-12-22T18:40:47-08:00,2023-12-20T19:23:03-08:00,2026-07-20T11:17:44-07:00,150166,2299.00,3899.00,true,369224,https://cdn.shopify.com/s/files/1/0653/3470/6391/files/sawmill26-_7_258fcc8b-1d36-453c-bffe-05edd4a3d671.webp?v=1767862056
9131465638103,"26"" Wide CB-65Slim Desktop Vertical Laminar Flow Clean Bench with HEPA Filtration & UV Sterilization | ISO Class 5",cb-65slim,MechMaxx,,"00renew, 01AAA, _ClogA10, Clean Bench, coupon, Laboratory Equipment & Supplies, Laminar Flow Air Clean Bench",2026-02-02T06:03:04-08:00,2025-12-10T01:06:37-08:00,2026-07-20T11:17:44-07:00,321009,699.00,,false,42910,https://cdn.shopify.com/s/files/1/0653/3470/6391/files/321009_12.webp?v=1770036396
9120478396631,"2640lbs Electric Straddle Stacker,  118"" Lift,  Adjustable Legs & Forks,  F26-118SLA",2640lbs-electric-straddle-stacker-118-lift-adjustable-legs-forks-f26-118sla,MechMaxx,forbidliftgate,"00renew, 00Z, 01AAA, 02H-series, 0ZS, 2640lbs Full Electric Stackers, _ClogA08, AAA20, coupon, Full Electric Stackers, Material Handling Equipments, MECHMAXX Brand, Pallet Stackers, sales, SMS",2025-12-10T17:16:08-08:00,2025-11-28T01:38:49-08:00,2026-07-20T11:17:44-07:00,202007LA,4699.00,5199.00,true,684924,https://cdn.shopify.com/s/files/1/0653/3470/6391/files/Electric_Stacker_F26-138S_17_f6f4867c-4209-4e3d-a74e-a561054c662c.webp?v=1765349497
9120478200023,"2640lbs Electric Straddle Stacker,  98"" Lift,  Adjustable Legs & Forks,  F26-98SLA",2640lbs-electric-straddle-stacker-98-lift-adjustable-legs-forks-f26-98sla,MechMaxx,forbidliftgate,"00renew, 00Z, 01AAA, 02H-series, 0ZS, 2640lbs Full Electric Stackers, _ClogA08, AAA20, coupon, Full Electric Stackers, Material Handling Equipments, MECHMAXX Brand, Pallet Stackers, sales, SMS",2025-12-10T17:16:08-08:00,2025-11-28T01:38:35-08:00,2026-07-20T11:17:44-07:00,202013LA,4399.00,4799.00,true,659977,https://cdn.shopify.com/s/files/1/0653/3470/6391/files/Electric_Stacker_F26-98S_9.webp?v=1765447380
9120478658775,"2640lbs Electric Straddle Stacker, 138"" Lift,  Adjustable Legs & Forks,  F26-138SLA",2640lbs-electric-straddle-stacker-138-lift-adjustable-legs-forks-f26-138sla,MechMaxx,forbidliftgate,"00renew, 00Z, 01AAA, 02H-series, 0ZS, 2640lbs Full Electric Stackers, _ClogA08, AAA20, coupon, Full Electric Stackers, Material Handling Equipments, MECHMAXX Brand, Pallet Stackers, sales, SMS",2025-12-10T17:16:07-08:00,2025-11-28T01:39:04-08:00,2026-07-20T11:17:44-07:00,202008LA,4899.00,5399.00,true,709872,https://cdn.shopify.com/s/files/1/0653/3470/6391/files/Electric_Stacker_F26-118S_15_3e771e9d-e5f0-428e-ad32-79d36ea7014b.webp?v=1765349476
8649357754583,"2640lbs Lithium-ion Electric Straddle Stacker,  118"" Lift,  Adjustable Legs & Forks,  F26-118S",full-electric-straddle-stacker-118-lift-2640lbs-capacity-with-adj-legs-and-forks,MechMaxx,forbidliftgate,"00Z, 01AAA, 02H-series, 0ZS, 2640lbs Full Electric Stackers, _ClogA08, AAA20, coupon, Electric Stackers, Full Electric Stackers, Material Handling Equipments, MECHMAXX Brand, Pallet Stackers, sales, SMS, Stackers",2024-08-08T03:07:25-07:00,2024-07-25T01:37:02-07:00,2026-07-20T11:17:44-07:00,202007,5199.00,5999.00,true,659977,https://cdn.shopify.com/s/files/1/0653/3470/6391/files/Electric_Stacker_F26-118S_12.webp?v=1766712047
8649361883351,"2640lbs Lithium-ion Electric Straddle Stacker,  138"" Lift,  Adjustable Legs & Forks,  F26-138S",full-electric-straddle-stacker-138-lift-2640lbs-capacity-with-adj-legs-and-forks,MechMaxx,forbidliftgate,"00Z, 01AAA, 02H-series, 0ZS, 2640lbs Full Electric Stackers, _ClogA08, AAA20, coupon, Electric Stackers, Full Electric Stackers, Material Handling Equipments, MECHMAXX Brand, Pallet Stackers, sales, SMS, Stackers",2024-08-08T03:07:26-07:00,2024-07-25T01:42:47-07:00,2026-07-20T11:17:44-07:00,202008,5399.00,6499.00,true,684924,https://cdn.shopify.com/s/files/1/0653/3470/6391/files/Electric_Stacker_F26-138S_12.webp?v=1766711696
8969761521879,"2640lbs Lithium-ion Electric Straddle Stacker,  98"" Lift,  Adjustable Legs & Forks,  F26-98S",full-electric-straddle-stacker-98-lift-2640lbs-capacity-with-adj-legs-and-forks-f26-98s,MechMaxx,forbidliftgate,"00renew, 00Z, 01AAA, 02H-series, 0ZS, 2640lbs Full Electric Stackers, _ClogA08, AAA20, bfsales0, bfsales1-1127, coupon, Electric Stackers, Full Electric Stackers, Material Handling Equipments, MECHMAXX Brand, Pallet Stackers, sales, SMS, Stackers",2025-08-05T18:21:32-07:00,2025-07-10T22:50:49-07:00,2026-07-20T11:17:44-07:00,202013,4899.00,5799.00,true,635029,https://cdn.shopify.com/s/files/1/0653/3470/6391/files/Electric_Stacker_F26-98S_8.webp?v=1765447380
8887454466263,"27"" Walk Behind Flail Mower,  10HP 302cc,  Self-Propelled,  Tracked,  Electric Start,  SFM27T",track-type-walk-behind-flail-mower,MechMaxx,machine,"00growth, 00Z, 01AAA, 0ZS, _ClogA01, bfsales0, bfsales1, blackfriday, coupon, HOME&GARDEN, Lawn Mowers, MECHMAXX Brand, on-sale, SMS, Walk Behind Mowers",2025-04-25T23:35:37-07:00,2025-04-15T09:16:58-07:00,2026-07-20T11:17:44-07:00,201029,3399.00,3899.00,true,249476,https://cdn.shopify.com/s/files/1/0653/3470/6391/files/SFM27T-1.webp?v=1749048963
8887454367959,"27"" Walk Behind Flail Mower,  10HP 302cc,  Self-Propelled,  Wheeled,  Electric Start,  SFM27W",wheel-type-walk-behind-flail-mower,MechMaxx,machine,"00growth, 00Z, 01AAA, 0ZS, _ClogA01, bfsales0, bfsales1, blackfriday, coupon, HOME&GARDEN, Lawn Mowers, MECHMAXX Brand, SMS, Walk Behind Mowers",2025-04-25T23:35:36-07:00,2025-04-15T09:16:28-07:00,2026-07-20T11:17:44-07:00,201028,2999.00,3499.00,true,204570,https://cdn.shopify.com/s/files/1/0653/3470/6391/files/SFM27W-1.webp?v=1749049238
8865761099991,"28"" Width Fixed Floor Brush for Industrial Vacuum Cleaner (for SKU: 202021)",front-brush-for-industrial-vacuum-cleaner,MechMaxx,accessories,"202021, SMS",2025-03-25T08:36:18-07:00,2025-03-17T06:47:50-07:00,2026-07-20T11:17:44-07:00,462001,139.99,299.99,true,5488,https://cdn.shopify.com/s/files/1/0653/3470/6391/files/DSC00517-1.webp?v=1742956404
8095722438871,"2800lbs Skid Steer Bale Grapple Grab Attachment ,  HBG88",mechmaxx-hay-bale-grab,MechMaxx,machine,"00renew, 01AAA, 02E--series, _ClogA14, AAA15, AAA15skid, blackfriday, Clearance Sale, Grapples, MECHMAXX Brand, Member-Only Deals, sales, Skid Steer, SMS",2023-08-25T03:36:43-07:00,2023-07-30T23:05:09-07:00,2026-07-20T11:17:44-07:00,150154,3499.00,3499.00,false,397347,https://cdn.shopify.com/s/files/1/0653/3470/6391/files/150154-2.webp?v=1696663641
8913670570199,"3 Point Hitch PTO Stump Grinder with 34 Carbide Teeth (PTO Shaft Included with Clutch),  for 15-45HP Tractor,  SG24",3-point-pto-stump-grinder-with-34-carbide-teeth-pto-shaft-slip-clutch-included-for-15-45hp-tractor-sg24-batch1,MechMaxx,machine,"01AAA-SG, 03_advertising, CO-SG24",2026-01-07T23:14:01-08:00,2025-05-15T20:15:26-07:00,2026-07-20T11:17:44-07:00,150151_1,1499.00,2399.00,true,255373,https://cdn.shopify.com/s/files/1/0653/3470/6391/files/DSC08271.webp?v=1768012696
8534333325527,"3 Point One Row Potato Harvester Potato Digger Picker PTO Driven,  PH19",3-point-one-row-potato-harvester-potato-digger-picker-pto-driven,MechMaxx,machine,"00growth, 00Z, 01AAA, 02B-series, 0ZS, _ClogA02, AAA20, coupon, Harvester, MECHMAXX Brand, Potato Harvester, SMS, Tractor",2024-05-28T19:50:44-07:00,2024-05-27T23:37:52-07:00,2026-07-20T11:17:44-07:00,201001,2199.00,2499.00,false,187787,https://cdn.shopify.com/s/files/1/0653/3470/6391/files/PH19-_20.webp?v=1721122214
8084548649175,"3 Point PTO Wood Chipper Attachment For Tractors Up To 45HP (PTO Shaft Included),  BX42S",mechmaxx-pto-wood-chipper,MechMaxx,machine,"00renew, 01AAA, 02B-series, _ClogA02, _ClogA03, bfsales1, bfsales1-1127, blackfriday, coupon, MECHMAXX Brand, Pto Wood Chipper, sales, SMS, Tractor",2023-08-15T23:40:46-07:00,2023-07-28T02:16:13-07:00,2026-07-20T11:17:44-07:00,150178,1699.00,2199.00,true,198673,https://cdn.shopify.com/s/files/1/0653/3470/6391/files/DSC05482_201d0bfc-9c83-4367-bfa9-91a5571a1f23.webp?v=1767951387
9142923362519,"3 Point PTO Wood Chipper Attachment For Tractors Up To 45HP (PTO Shaft Included),  BX42S",3-point-pto-wood-chipper-attachment-for-tractors-up-to-45hp-pto-shaft-included-bx42s,MechMaxx,machine,"00renew, 01AAA, 02B-series, _ClogA02, _ClogA03, coupon, MECHMAXX Brand, Pto Wood Chipper, sales, SMS, Tractor",2025-12-29T18:34:40-08:00,2025-12-29T00:52:33-08:00,2026-07-20T11:17:44-07:00,150178G,1699.00,2199.00,true,200034,https://cdn.shopify.com/s/files/1/0653/3470/6391/files/ptowoodchipperBX42Sgreen-_20.webp?v=1767066906
8887448535255,"3 Point Quick Hitch Cat 1 for Tractors, Black, QH1B",category-1-3-point-quick-hitch-black,MechMaxx,accessories,"00Z, 0ZS, Hitches, SMS, Tractor Implements & Attachments",2025-04-28T00:36:18-07:00,2025-04-15T08:49:58-07:00,2026-07-20T11:17:44-07:00,201017B,209.99,259.99,true,29030,https://cdn.shopify.com/s/files/1/0653/3470/6391/files/QH1B-1.webp?v=1749047283
8887449419991,"3 Point Quick Hitch Cat 1 for Tractors, Green, QH1G",category-1-3-point-quick-hitch-green,MechMaxx,accessories,"00Z, 0ZS, Hitches, SMS, Tractor Implements & Attachments",2025-04-28T00:36:25-07:00,2025-04-15T08:56:22-07:00,2026-07-20T11:17:44-07:00,201017G,209.99,259.99,true,29030,https://cdn.shopify.com/s/files/1/0653/3470/6391/files/QH1G-1.webp?v=1749047023
8887449190615,"3 Point Quick Hitch Cat 1 for Tractors, Orange, QH1T",category-1-3-point-quick-hitch-orange,MechMaxx,accessories,"00Z, 0ZS, Hitches, SMS, Tractor Implements & Attachments",2026-02-06T17:03:40-08:00,2025-04-15T08:55:05-07:00,2026-07-20T11:17:44-07:00,201017T,209.99,259.99,true,29030,https://cdn.shopify.com/s/files/1/0653/3470/6391/files/QH1T-1.webp?v=1749047108
8887449845975,"3 Point Quick Hitch Cat 1 for Tractors, Red, QH1R",category-1-3-point-quick-hitch-red,MechMaxx,accessories,"00Z, 0ZS, Hitches, SMS, Tractor Implements & Attachments",2025-04-28T00:36:27-07:00,2025-04-15T08:57:55-07:00,2026-07-20T11:17:44-07:00,201017R,209.99,259.99,false,29030,https://cdn.shopify.com/s/files/1/0653/3470/6391/files/QH1R-1.webp?v=1749046868
8771108470999,"3 Point Snow Blower Hydraulic Chute Rotator & Deflector Kit — Requires Two Rear Hydraulic Remotes (for SKU: 201042, 201042T, 201015, 201015T, 201016, 201016T, 201043, 201043T)",snow-blower-hydraulic-chuterotator-deflector-kit-forsku-201015-201016,MechMaxx,accessories,"00Z, 01BBB, 0ZS, 201015, 201016, 201042, 201043, active, other spare part, SMS, Snow Blower, Tractor Implements & Attachments part",2024-11-27T19:00:12-08:00,2024-11-25T23:50:16-08:00,2026-07-20T11:17:44-07:00,461033,399.99,519.00,true,18597,https://cdn.shopify.com/s/files/1/0653/3470/6391/files/DSC02594.webp?v=1746511949
8564518387927,"3 Ton Heavy Duty Jack Stand, 1 Pair, Red",3-ton-heavy-duty-jack-stand-1-pair-red,MechMaxx,accessories,"00Z, 01BBB, 0ZS, AAA20, Accessories, Automotive Equipment & Tools, SMS, Tire Changer, Tire Changer Accessories & Parts, Vehicle Equipment & Tools",2024-06-19T20:15:30-07:00,2024-06-06T02:44:54-07:00,2026-07-20T11:17:44-07:00,200011,59.99,69.00,true,5443,https://cdn.shopify.com/s/files/1/0653/3470/6391/files/200011.webp?v=1736820677
8564560396503,3 Ton Low-Profile Hydraulic Floor Jack with 2 Pistons,3-ton-low-profile-hydraulic-floor-jack-with-2-pistons-green,MechMaxx,accessories,"00Z, 01BBB, 0ZS, AAA20, Automotive Equipment & Tools, SMS, Tire Changer, Tire Changer Accessories & Parts, Vehicle Equipment & Tools",2024-07-13T02:16:10-07:00,2024-06-06T02:55:47-07:00,2026-07-20T11:17:44-07:00,200013,219.99,,false,34927,https://cdn.shopify.com/s/files/1/0653/3470/6391/files/3TonLow-ProfileHydraulicFloorJack-_5.webp?v=1720860429
8913674928343,"3-Point Hitch PTO Stump Grinder with 34 Carbide Teeth (PTO Shaft Included with Clutch),  for 15-45HP Tractor,  SG24",3-point-pto-stump-grinder-pto-shaft-and-slip-clutch-included-for-15-45hp-tractor-sg24-batch1,MechMaxx,machine,"01AAA-SG, 03_advertising, CO-SG24",2026-01-07T23:14:01-08:00,2025-05-15T20:18:34-07:00,2026-07-20T11:17:44-07:00,150151G_1,1499.00,2399.00,true,255373,https://cdn.shopify.com/s/files/1/0653/3470/6391/files/DSC08491.webp?v=1767066906
9150121509079,"3-Point Hitch PTO Stump Grinder with 34 Carbide Teeth (PTO Shaft Included with Slip Clutch),  for 15-45HP Tractor,  SG24",3-point-pto-stump-grinder-with-34-carbide-teeth-pto-shaft-slip-clutch-included-for-15-45hp-tractor-sg24,MechMaxx,machine,"01AAA-SG, 03_advertising, CO-SG24",2026-01-06T22:59:39-08:00,2026-01-06T22:59:39-08:00,2026-07-20T11:17:44-07:00,150151-1,1499.00,2399.00,true,255373,https://cdn.shopify.com/s/files/1/0653/3470/6391/files/DSC08271.webp?v=1768012696
9150209982679,"3-Point Hitch PTO Stump Grinder with 34 Carbide Teeth (PTO Shaft Included with Slip Clutch),  for 15-45HP Tractor,  SG24",3-point-pto-stump-grinder-pto-shaft-and-slip-clutch-included-for-15-45hp-tractor-sg24,MechMaxx,machine,"01AAA-SG, 03_advertising, CO-SG24",2026-01-07T02:30:38-08:00,2026-01-06T23:59:16-08:00,2026-07-20T11:17:44-07:00,150151G-1,1499.00,2399.00,true,255373,https://cdn.shopify.com/s/files/1/0653/3470/6391/files/DSC08491.webp?v=1767066906
8916796440791,"3-Point Hitch PTO Stump Grinder with 34 Carbide Teeth (PTO Shaft Included with Slip Clutch),  for 15-45HP Tractor; SG24",3-point-pto-stump-grinder-with-34-carbide-teeth-suitable-for-15-45hp-tractor,MechMaxx,machine,"01AAA-SG, 03_advertising, CO-SG24",2025-05-28T20:21:01-07:00,2025-05-21T00:18:34-07:00,2026-07-20T11:17:44-07:00,150151-2,1499.00,2399.00,true,255373,https://cdn.shopify.com/s/files/1/0653/3470/6391/files/DSC08271.webp?v=1768012696
8916800700631,"3-Point Hitch PTO Stump Grinder with 34 Carbide Teeth (PTO Shaft Included with Slip Clutch),  for 15-45HP Tractor; SG24",3-point-pto-stump-grinder-with-34-carbide-teeth-pto-shaft-and-slip-clutch-included-for-15-45hp-tractor-sg24,MechMaxx,machine,"01AAA-SG, 03_advertising, CO-SG24",2025-05-28T20:21:01-07:00,2025-05-21T00:25:08-07:00,2026-07-20T11:17:44-07:00,150151G-2,1499.00,2399.00,true,255373,https://cdn.shopify.com/s/files/1/0653/3470/6391/files/DSC08491.webp?v=1767066906
8916800012503,"3-Point Hitch PTO Stump Grinder with 34 Carbide Teeth (PTO Shaft Included with Slip Clutch),  for 15-45HP Tractor; SG24.",3-point-pto-stump-grinder-with-34-carbide-teeth-suitable-for-15-45hp-tractor-sg24,MechMaxx,machine,"01AAA-SG, 03_advertising, CO-SG24",2025-05-29T04:14:15-07:00,2025-05-21T00:23:46-07:00,2026-07-20T11:17:44-07:00,150151-3,1499.00,2399.00,true,255373,https://cdn.shopify.com/s/files/1/0653/3470/6391/files/DSC08271.webp?v=1768012696
8916801061079,"3-Point Hitch PTO Stump Grinder with 34 Carbide Teeth (PTO Shaft Included with Slip Clutch),  for 15-45HP Tractor; SG24.",3-point-pto-stump-grinder-with-34-carbide-teeth-for-15-45hp-tractor-sg24,MechMaxx,machine,"01AAA-SG, 03_advertising, CO-SG24",2025-05-29T04:14:15-07:00,2025-05-21T00:25:48-07:00,2026-07-20T11:17:44-07:00,150151G-3,1499.00,2399.00,true,255373,https://cdn.shopify.com/s/files/1/0653/3470/6391/files/DSC08491.webp?v=1767066906
9150759272663,"3-Point Hitch PTO Stump Grinder with 34 Carbide Teeth (PTO Shaft Included),  for 15-45HP Tractor,  SG24",3-point-hitch-pto-stump-grinder-with-34-carbide-teeth-pto-shaft-included-for-15-45hp-tractor-150151g-4,MechMaxx,machine,"01AAA-SG, 03_advertising, CO-SG24",2026-01-07T23:34:45-08:00,2026-01-07T23:17:40-08:00,2026-07-20T11:17:44-07:00,150151G-4,1499.00,2399.00,true,255373,https://cdn.shopify.com/s/files/1/0653/3470/6391/files/DSC08491.webp?v=1767066906
9150760517847,"3-Point Hitch PTO Stump Grinder with 34 Carbide Teeth (PTO Shaft Included),  for 15-45HP Tractor,  SG24",3-point-hitch-pto-stump-grinder-with-34-carbide-teeth-pto-shaft-included-for-15-45hp-tractor-150151g-5,MechMaxx,machine,"01AAA-SG, 03_advertising, CO-SG24",2026-01-07T23:34:44-08:00,2026-01-07T23:25:57-08:00,2026-07-20T11:17:44-07:00,150151G-5,1499.00,2399.00,true,255373,https://cdn.shopify.com/s/files/1/0653/3470/6391/files/DSC08491.webp?v=1767066906
9150768283863,"3-Point Hitch PTO Stump Grinder with 34 Carbide Teeth (PTO Shaft Included),  for 15-45HP Tractor,  SG24",3-point-hitch-pto-stump-grinder-with-34-carbide-teeth-pto-shaft-included-for-15-45hp-tractor-150151-6,MechMaxx,machine,"01AAA-SG, 03_advertising, CO-SG24",2026-01-07T23:34:44-08:00,2026-01-07T23:31:09-08:00,2026-07-20T11:17:44-07:00,150151-6,1499.00,2399.00,true,255373,https://cdn.shopify.com/s/files/1/0653/3470/6391/files/DSC08271.webp?v=1768012696
9150769496279,"3-Point Hitch PTO Stump Grinder with 34 Carbide Teeth (PTO Shaft Included),  for 15-45HP Tractor,  SG24",3-point-hitch-pto-stump-grinder-with-34-carbide-teeth-pto-shaft-included-for-15-45hp-tractor-150151g-6,MechMaxx,machine,"01AAA-SG, 03_advertising, CO-SG24",2026-01-07T23:34:44-08:00,2026-01-07T23:31:43-08:00,2026-07-20T11:17:44-07:00,150151G-6,1499.00,2399.00,true,244033,https://cdn.shopify.com/s/files/1/0653/3470/6391/files/DSC08491.webp?v=1767066906
8736581484759,"3-Point PTO Mini Round Hay Baler With Twine Wrap,   20"" Diameter x 28"" Width Bales,  For 15-50hp Tractor,  HB3120",round-hay-baler-silage-machine-30-inch-width-20-inch-diameter,MechMaxx,machine,"00growth, 01AAA, 02B-series, 02F-series, _ClogA02, _ClogA06, coupon, hay baler, hay equipment, MECHMAXX Brand, New Products, on-sale, sales, SMS, Tractor",2024-11-08T02:00:36-08:00,2024-10-16T00:19:56-07:00,2026-07-20T11:17:44-07:00,150215,4999.00,6199.00,true,449056,https://cdn.shopify.com/s/files/1/0653/3470/6391/files/HB3120--_6.webp?v=1733560122
9116904521943,"3-Point PTO Stump Grinder & 2-Ton Heavy-Duty Dump Trailer Bundle, SG24 & DT4X8",3-point-pto-stump-grinder-2-ton-heavy-duty-dump-trailer-combo,MechMaxx,forbidliftgate,"01AAA, 01AAA-SG, Combo, Combo Sales, coupon",2025-11-26T02:10:53-08:00,2025-11-25T03:19:45-08:00,2026-07-20T11:17:44-07:00,150410,4498.00,6398.00,true,255373,https://cdn.shopify.com/s/files/1/0653/3470/6391/files/150410_8c390138-8f15-430e-80d3-e4003578a13c.webp?v=1779184494
9116904849623,"3-Point PTO Stump Grinder & 22"" Portable Sawmill & Forestry Log Skidding Winch  Bundle,SG24 & SM22 &FW8800",3-point-pto-stump-grinder-22-portable-sawmill-forestry-log-skidding-winch-combo,MechMaxx,machine,"01AAA-sawmill, 01AAA-SG, Combo, Combo Sales",2026-03-25T20:34:45-07:00,2025-11-25T03:20:50-08:00,2026-07-20T11:17:44-07:00,150414,5497.00,8697.00,true,255373,https://cdn.shopify.com/s/files/1/0653/3470/6391/files/150414_97a615ed-594e-4408-af37-ae2dd7ddd5a1.webp?v=1776939296
9116904292567,"3-Point PTO Stump Grinder & 22"" Portable Sawmill Bundle, SG24&SM22",3-point-pto-stump-grinder-22-portable-sawmill-combo,MechMaxx,machine,"01AAA-sawmill, 01AAA-SG, Combo, Combo Sales",2025-11-26T02:10:54-08:00,2025-11-25T03:18:16-08:00,2026-07-20T11:17:44-07:00,150406,3398.00,5398.00,true,255373,https://cdn.shopify.com/s/files/1/0653/3470/6391/files/150406_1.webp?v=1776938997
9116904685783,"3-Point PTO Stump Grinder & 4"" PTO Wood Chipper & Forestry Log Skidding Winch  Bundle, SG24 & BX42S &FW8800",3-point-pto-stump-grinder-pto-wood-chipper-forestry-log-skidding-winch-combo,MechMaxx,machine,"01AAA, 01AAA-SG, Combo, Combo Sales, coupon",2026-03-25T20:34:45-07:00,2025-11-25T03:20:27-08:00,2026-07-20T11:17:44-07:00,150413,5197.00,7897.00,true,255373,https://cdn.shopify.com/s/files/1/0653/3470/6391/files/150413_42c69542-64e3-4c26-96c0-cecf54b8ad0e.webp?v=1779184531
9116903669975,"3-Point PTO Stump Grinder & 48'' PTO Flail Mower Bundle, SG24&EFS48",3-point-pto-stump-grinder-48-pto-flail-mower-combo,MechMaxx,machine,"01AAA, 01AAA-SG, Combo, Combo Sales, coupon",2025-11-26T02:10:55-08:00,2025-11-25T03:14:26-08:00,2026-07-20T11:17:44-07:00,150404,3098.00,4368.00,true,255373,https://cdn.shopify.com/s/files/1/0653/3470/6391/files/150404_effc5026-b8c1-4e6d-bb8d-1978aaa4f664.webp?v=1779184366
9116904489175,"3-Point PTO Stump Grinder & 6"",  3 Point Hydraulic PTO Wood Chipper Bundle, SG24 & WC68H",3-point-pto-stump-grinder-6-3-point-hydraulic-wood-chipper-combo,MechMaxx,machine,"01AAA, 01AAA-SG, Combo, Combo Sales, coupon",2026-03-16T18:01:20-07:00,2025-11-25T03:19:23-08:00,2026-07-20T11:17:44-07:00,150409,3998.00,5898.00,true,255373,https://cdn.shopify.com/s/files/1/0653/3470/6391/files/150409_0150ab0e-fd4e-4f32-969a-872e2979d226.webp?v=1779184454
9116904390871,"3-Point PTO Stump Grinder & 60'' PTO Flail Mower  Bundle, SG24 & NAM60",3-point-pto-stump-grinder-60-pto-flail-mower-combo-1,MechMaxx,machine,"01AAA, 01AAA-SG, Combo, Combo Sales, coupon",2025-11-26T02:10:53-08:00,2025-11-25T03:19:03-08:00,2026-07-20T11:17:44-07:00,150408,3798.00,5098.00,true,255373,https://cdn.shopify.com/s/files/1/0653/3470/6391/files/150408_b629bb86-65a0-4caa-acfa-de865f60dee2.webp?v=1776939044
9116904128727,"3-Point PTO Stump Grinder & 60'' PTO Flail Mower Bundle, SG24&EFS60",3-point-pto-stump-grinder-60-pto-flail-mower-combo,MechMaxx,machine,"01AAA, 01AAA-SG, Combo, Combo Sales, coupon",2025-11-26T02:10:55-08:00,2025-11-25T03:17:53-08:00,2026-07-20T11:17:44-07:00,150405,3298.00,4568.00,true,255373,https://cdn.shopify.com/s/files/1/0653/3470/6391/files/150405_bb0e4c7b-97b8-47ca-a152-e84cf74296e3.webp?v=1779184419
9116904620247,"3-Point PTO Stump Grinder & 8 inch ZONSEN E-Start 1000cc 35hp Gas Powered Wood Chipper Bundle, SG24 & B200",3-point-pto-stump-grinder-8-wood-chipper-combo,MechMaxx,machine,"01AAA, 01AAA-SG, Combo, Combo Sales, coupon",2025-11-26T02:10:51-08:00,2025-11-25T03:20:04-08:00,2026-07-20T11:17:44-07:00,150411,4698.00,6798.00,true,255373,https://cdn.shopify.com/s/files/1/0653/3470/6391/files/150411_e6c80092-a1a4-4374-a439-b0d94ae7b7cf.webp?v=1776938754
9116904325335,"3-Point PTO Stump Grinder & Forestry Log Skidding Winch Bundle, SG24 & FW8800",3-point-pto-stump-grinder-forestry-log-skidding-winch-combo,MechMaxx,machine,"01AAA, 01AAA-SG, Combo, Combo Sales, coupon",2026-03-25T20:34:46-07:00,2025-11-25T03:18:41-08:00,2026-07-20T11:17:44-07:00,150407,3798.00,5698.00,true,255373,https://cdn.shopify.com/s/files/1/0653/3470/6391/files/150407_44466a9e-2ed4-41ba-bc4c-eb1afa6d728c.webp?v=1776939185
8545562296535,3-Point PTO Stump Grinder & Wood Chipper Bundle,3-point-pto-stump-grinder-and-wood-chipper-model-sg24-bx42,MechMaxx,machine,"01AAA-SG, _ClogA02, _ClogA03, Combo Sales, PTO Stump Grinder, Pto Wood Chipper, sales, Stump Grinder, Stump Grinder for Tractor, Tractor",2025-09-06T03:38:47-07:00,2024-05-30T01:50:41-07:00,2026-07-20T11:17:44-07:00,150401,2998.00,3998.00,true,455407,https://cdn.shopify.com/s/files/1/0653/3470/6391/files/150401_f0bd3c93-1c92-4524-8c1c-bc5b3bfe8919.webp?v=1779183962
9143169253591,3-Point PTO Stump Grinder & Wood Chipper Bundle,3-point-pto-stump-grinder-wood-chipper-combo,MechMaxx,machine,"01AAA-SG, _ClogA02, _ClogA03, Combo Sales, PTO Stump Grinder, Pto Wood Chipper, sales, Stump Grinder, Stump Grinder for Tractor, Tractor",2026-03-18T03:41:50-07:00,2025-12-29T19:25:38-08:00,2026-07-20T11:17:44-07:00,150401G,2998.00,3998.00,true,455407,https://cdn.shopify.com/s/files/1/0653/3470/6391/files/150401G_cb225fa8-f199-4cbf-853b-3ec8a9bbfdae.webp?v=1779184185
7937845756119,"3-Point PTO Stump Grinder with 34 Carbide Teeth (PTO Shaft Included with Slip Clutch),  for 15-45HP Tractor,  SG24",mechmaxx-24-cutting-wheel-stump-grinder-for-tractor-3pt-hitch-540-rpm-pto,MechMaxx,machine,"00renew, 01AAA-SG, 02B-series, 03_advertising, 24 inch Stump Grinder, _ClogA02, _ClogA03, bfsales1, bfsales1-1127, blackfriday, CO-SG24, Deals, Dealsinpage, New Arrivals, PTO Stump Grinder, sales, Stump Grinder, Stump Grinder for Tractor",2023-05-15T00:22:16-07:00,2023-03-29T02:02:04-07:00,2026-07-20T11:17:44-07:00,150151,1499.00,2399.00,true,258094,https://cdn.shopify.com/s/files/1/0653/3470/6391/files/DSC08271.webp?v=1768012696
8426481975511,"3-Point PTO Stump Grinder with 34 Carbide Teeth (PTO Shaft Included with Slip Clutch),  for 15-45HP Tractor,  SG24",3-point-hitch-pto-stump-grinder-with-34-carbide-teeth-slip-clutch-for-15-45hp-tractor-model-sg24-copy,MechMaxx,machine,"01AAA-SG, 02B-series, 03_advertising, 24 inch Stump Grinder, _ClogA02, _ClogA03, bfsales1, bfsales1-1127, blackfriday, CO-SG24, Deals, New Arrivals, PTO Stump Grinder, sales, Stump Grinder, Stump Grinder for Tractor",2024-04-24T03:31:49-07:00,2024-04-21T18:05:36-07:00,2026-07-20T11:17:44-07:00,150151G,1499.00,2399.00,true,258094,https://cdn.shopify.com/s/files/1/0653/3470/6391/files/DSC08491.webp?v=1767066906
9158998589655,"3-Point PTO Stump Grinder with 34 Carbide Teeth (PTO Shaft Included with Slip Clutch),  for 15-45HP Tractor,  SG24PRO",3-point-pto-stump-grinder-for-15-45hp-tractor-sg24pro-orange,MechMaxx,machine,"00renew, 01AAA-SG, 03_advertising, 24 inch Stump Grinder, 24 inch Stump Grinder (Pro), _ClogA02, _ClogA03, CO-SG24, New Arrivals, PTO Stump Grinder, Stump Grinder, Stump Grinder for Tractor",2026-01-21T18:11:12-08:00,2026-01-18T19:41:55-08:00,2026-07-20T11:17:44-07:00,150182,1699.00,2599.00,true,255373,https://cdn.shopify.com/s/files/1/0653/3470/6391/files/PTOstumpgrinderSG24Pro.webp?v=1774583290
9162656415959,"3-Point PTO Stump Grinder with 34 Carbide Teeth (PTO Shaft Included with Slip Clutch),  for 15-45HP Tractor,  SG24PRO",3-point-pto-stump-grinder-for-15-45hp-tractor-sg24pro-green,MechMaxx,machine,"00renew, 01AAA-SG, 03_advertising, 24 inch Stump Grinder, 24 inch Stump Grinder (Pro), _ClogA02, _ClogA03, CO-SG24, New Arrivals, PTO Stump Grinder, Stump Grinder, Stump Grinder for Tractor",2026-01-21T18:10:52-08:00,2026-01-21T01:14:09-08:00,2026-07-20T11:17:44-07:00,150182G,1699.00,2599.00,true,255373,https://cdn.shopify.com/s/files/1/0653/3470/6391/files/150182G-0.webp?v=1774583316
9211432501463,"3-Point PTO Stump Grinder with 44 Carbide Teeth (PTO Shaft Included with Slip Clutch),  for 35-80HP Tractor,  SG28",3-point-pto-stump-grinder-with-44-carbide-teeth-for-35-80hp-tractor-sg28,MechMaxx,machine,"00renew, 01AAA-SG, 03_advertising, 28 inch Stump Grinder, _ClogA02, _ClogA03, CO-SG24, New Arrivals, PTO Stump Grinder, Stump Grinder, Stump Grinder for Tractor",2026-03-17T21:00:11-07:00,2026-03-10T00:24:31-07:00,2026-07-20T11:17:44-07:00,150183,2399.00,2799.00,true,326133,https://cdn.shopify.com/s/files/1/0653/3470/6391/files/Ptostumpgrindersg28-_5.webp?v=1778125311
9211438039255,"3-Point PTO Stump Grinder with 44 Carbide Teeth (PTO Shaft Included with Slip Clutch),  for 35-80HP Tractor,  SG28",3-point-pto-stump-grinder-with-44-carbide-teeth-for-35-80hp-tractor-sg28-green,MechMaxx,machine,"00renew, 01AAA-SG, 03_advertising, 28 inch Stump Grinder, _ClogA02, _ClogA03, CO-SG24, New Arrivals, PTO Stump Grinder, Stump Grinder, Stump Grinder for Tractor",2026-03-17T21:00:11-07:00,2026-03-10T00:31:29-07:00,2026-07-20T11:17:44-07:00,150183G,2399.00,2799.00,true,326133,https://cdn.shopify.com/s/files/1/0653/3470/6391/files/Ptostumpgrindersg28green-_7.webp?v=1778125873
9047473979607,"3-Point PTO Stump Grinder,  30 in Flywheel,  40-100HP,  with 44 Carbide Teeth (PTO Shaft Included with Slip Clutch),  SG30PRO",3-point-pto-stump-grinder-with-44-carbide-teeth-pto-shaft-included-with-slip-clutch-for-35-80hp-tractor-sg30pro-1,MechMaxx,machine,"00renew, 01AAA, 01AAA-SG, 02B-series, 03_advertising, 30 inch Stump Grinder, _ClogA02, _ClogA03, bfsales1, bfsales1-1127, blackfriday, CO-SG24, Deals, New Arrivals, PTO Stump Grinder, sales, Stump Grinder, Stump Grinder for Tractor",2025-09-27T06:37:36-07:00,2025-09-26T20:19:12-07:00,2026-07-20T11:17:44-07:00,150181,2899.00,3399.00,true,346998,https://cdn.shopify.com/s/files/1/0653/3470/6391/files/Ptostumpgrindersg30pro-_2.webp?v=1778124696
9047474110679,"3-Point PTO Stump Grinder,  30 in Flywheel,  40-100HP,  with 44 Carbide Teeth (PTO Shaft Included with Slip Clutch),  SG30PRO",3-point-pto-stump-grinder-with-44-carbide-teeth-pto-shaft-included-with-slip-clutch-for-35-80hp-tractor,MechMaxx,machine,"00renew, 01AAA, 01AAA-SG, 02B-series, 03_advertising, 30 inch Stump Grinder, _ClogA02, _ClogA03, bfsales1, bfsales1-1127, blackfriday, CO-SG24, Deals, New Arrivals, PTO Stump Grinder, sales, Stump Grinder, Stump Grinder for Tractor",2025-10-27T16:30:20-07:00,2025-09-26T20:19:39-07:00,2026-07-20T11:17:44-07:00,150181G,2899.00,3399.00,true,346998,https://cdn.shopify.com/s/files/1/0653/3470/6391/files/StumpgrinderSG30pro-_6.webp?v=1761015402
8853341995223,"3/8"" x 100' Hot Water High Pressure Hose (for SKU: 204002, 204003, 204004, 204006, 204007, 204008, 204010, 204011, 204012)",100-ft-pressure-washer-hose,MechMaxx,accessories,"01BBB, 0zs, 204002, 204003, 204004, 204006, 204007, 204008, SMS",2025-03-24T20:44:35-07:00,2025-03-02T19:23:54-08:00,2026-07-20T11:17:44-07:00,464002,189.99,219.99,true,18370,https://cdn.shopify.com/s/files/1/0653/3470/6391/files/DSC00147-01.webp?v=1742873416
8853342322903,"3/8"" x 50' Hot Water High Pressure Hose (for SKU: 204002, 204003, 204004, 204006, 204007, 204008, 204010, 204011, 204012)",50-ft-pressure-washer-hose,MechMaxx,accessories,"01BBB, 0zs, 204002, 204003, 204004, 204006, 204007, 204008, SMS",2025-03-24T20:44:38-07:00,2025-03-02T19:24:21-08:00,2026-07-20T11:17:44-07:00,464003,109.99,119.99,true,9299,https://cdn.shopify.com/s/files/1/0653/3470/6391/files/DSC00158-01.webp?v=1742873438
9122452799703,"30 Ton H-Frame Air/Hydraulic Shop Press with Hand Winch & Press Pin Kit,  Fully Welded Steel Frame,  Safety Guard,  Foot Pedal Control,  HSP30",30-ton-h-frame-air-hydraulic-shop-press-with-hand-winch-press-pin-kit-fully-welded-steel-frame-safety-guard-foot-pedal-control-hsp30,MechMaxx,machine,"00renew, 01AAA, 0zs, _ClogA07, Automotive Equipment & Tools, New Products, Shop Press",2026-02-12T21:50:30-08:00,2025-12-01T00:19:54-08:00,2026-07-20T11:17:44-07:00,200061,1499.00,1799.00,false,195997,https://cdn.shopify.com/s/files/1/0653/3470/6391/files/1_f035d050-9094-432b-a868-f9b34c67924f.webp?v=1773391063
9006538260695,"30-inch 3-in-1 Pan and Box Brake – Slip Roll, Shear, Bending Machine for Sheet Metal, 20 Gauge Mild Steel, Adjustable Fingers, Heavy Duty, Metalworking, Fabrication, Rolling, Bending MMCB3016",mmcb3016,MechMaxx,machine,"00precision, 01AAA, _ClogA05, Combination Shear Brake & Roll, coupon, Metalworking Machines, New Products, Sheet Metal & Fabrication, SMS",2025-08-19T00:39:00-07:00,2025-08-10T19:22:28-07:00,2026-07-20T11:17:44-07:00,500306,1099.00,1399.00,true,164200,https://cdn.shopify.com/s/files/1/0653/3470/6391/files/MMCB3016-ZT_10.webp?v=1755589384
8893590601943,300ft-lbs  Hydraulic Mini Skid Steer Concrete Breaker Hammer Attachment,hydraulic-mini-skid-steer-concrete-breaker-hammer-attachment,MechMaxx,machine,"01AAA, 02D--series, _ClogA04, AAA15, AAA15skid, active, Breaker, CROBA Brand, Mini Skid Steer Attachments, Mini Track Loader Attachments, sales, SMS",2025-04-27T03:43:51-07:00,2025-04-23T19:40:38-07:00,2026-07-20T11:17:44-07:00,150514,2699.00,3099.00,true,239950,https://cdn.shopify.com/s/files/1/0653/3470/6391/files/sku150514-8.webp?v=1747124211
8751739863255,"30HP Rotary Screw Air Compressor - 106 CFM,  116 PSI,  230V 3-Phase | Industrial-Grade",106cfm-industrial-rotary-screw-air-compressor-30hp-116psi-230v3phase,MechMaxx,machine,"00C, 00renew, 01AAA, 02I-series, _ClogA09, AAA-pneu, AAA30, active, Air Compressor, bfsales1, bfsales1-1127, coupon, MECHMAXX Brand, New Products, Pneumatic Equipment, Pneumatic Equipment & Accessories, sales, SMS",2024-11-03T23:55:20-08:00,2024-10-29T19:36:57-07:00,2026-07-20T11:17:44-07:00,300005,5599.00,5999.00,true,478994,https://cdn.shopify.com/s/files/1/0653/3470/6391/files/300005_Air_Compressor_M30AC230-2.webp?v=1758788190
8751740944599,"30HP Rotary Screw Air Compressor - 106 CFM,  116 PSI,  460V 3-Phase | Industrial-Grade",106cfm-industrial-rotary-screw-air-compressor-30hp-116psi-460v3phase,MechMaxx,machine,"00C, 00renew, 01AAA, 02I-series, _ClogA09, AAA-pneu, AAA30, active, Air Compressor, bfsales1, bfsales1-1127, coupon, MECHMAXX Brand, Pneumatic Equipment, Pneumatic Equipment & Accessories, sales, SMS",2024-11-03T23:55:21-08:00,2024-10-29T19:39:26-07:00,2026-07-20T11:17:44-07:00,300006,5599.00,5999.00,true,478994,https://cdn.shopify.com/s/files/1/0653/3470/6391/files/300006_Air_Compressor_M30AC460-2.webp?v=1758788197
9072722280663,"31.5"" Remote Control Operation, Maximum Reach 11'2"", 3-Point Boom Mower, 20-55HP, ERM80",31-5-inch-remote-control-operation-3-point-boom-mower-erm80,MechMaxx,machine,"01AAA, _ClogA02, bfsales1-1127, blackfriday, Boom Mower, coupon, MECHMAXX Brand, Mower, sales, SMS, Tractor",2025-10-23T23:53:16-07:00,2025-10-22T00:24:10-07:00,2026-07-20T11:17:44-07:00,150209,6999.00,7699.00,true,387821,https://cdn.shopify.com/s/files/1/0653/3470/6391/files/ERM80-_3.webp?v=1764815497
9087307841751,"31.5'' Width Digging Bucket for Mini Compact Excavator MEC17, MEC17PRO (SKU: 150533; 150534）",31-5-width-digging-bucket-for-mini-compact-excavator-mec17-sku-150533-150534,MechMaxx,accessories,"01AAA, 02K-series, 150533, 150534, _ClogA11, active, Digging Bucket, Excavator Digging Bucket, Mini Excavator Attachments, SMS",2025-11-05T02:10:55-08:00,2025-10-31T00:20:57-07:00,2026-07-20T11:17:44-07:00,150546,469.00,609.00,true,59874,https://cdn.shopify.com/s/files/1/0653/3470/6391/files/150546-_3.webp?v=1761895243
9131465670871,"31.9"" Wide CB-80Slim Desktop Vertical Laminar Flow Clean Bench with HEPA Filtration & UV Sterilization | ISO Class 5",cb-80slim,MechMaxx,,"00renew, 01AAA, _ClogA10, Clean Bench, coupon, Laboratory Equipment & Supplies, Laminar Flow Air Clean Bench",2026-02-02T06:03:29-08:00,2025-12-10T01:06:59-08:00,2026-07-20T11:17:44-07:00,321010,799.00,,false,47899,https://cdn.shopify.com/s/files/1/0653/3470/6391/files/321010_9.webp?v=1770036828
8792467407063,"32 Gal / 120L Heavy Duty Industrial Ultrasonic Parts Washer, 28kHz 20 Transducers , SS304 Tank, 6.6kW Heater, 208–240V 3 Phase Power",32gal-ultrasonic-cleaner-220v-3ph,MechMaxx,machine,"00C, 01AAA, 02J-series, 32 Gal Industrial Ultrasonic Cleaner, _ClogA10, _ClogA12, aaa-lab, AAA30, active, bfsales0, bfsales1-1127, blackfriday, coupon, Laboratory Equipment & Supplies, MECHMAXX Brand, SMS, Ultrasonic Cleaner",2025-01-14T00:59:20-08:00,2025-01-02T01:06:30-08:00,2026-07-20T11:17:44-07:00,320002,3999.00,4399.00,false,165108,https://cdn.shopify.com/s/files/1/0653/3470/6391/files/UC32main10.webp?v=1740210097
9116905210071,"32"" Portable Sawmill & 34 Ton Kinetic Log Splitter Bundle",32-portable-sawmill-34-ton-kinetic-log-splitter-combo,MechMaxx,machine,"01AAA-sawmill, Combo, Combo Sales",2025-11-26T02:10:49-08:00,2025-11-25T03:23:10-08:00,2026-07-20T11:17:44-07:00,150417,4998.00,8398.00,true,467654,https://cdn.shopify.com/s/files/1/0653/3470/6391/files/15_26389305-5802-4551-bd06-6bfd934159c6.webp?v=1764137472
8351294882007,"32"" Portable Sawmill (5 x Blades Included),   KOHLER CH440 429cc E-Start Gasoline Engine,  26.5"" Board Width,  20' Track Length (13' Track Length + 6.4' Track Extension Included) ,  SM-32",32-portable-sawmill-429cc-14hp-e-start-gasoline-engine-29-board-width-17-log-length-20-track-bed,MechMaxx,machine,"00renew, 01AAA-sawmill, 02C-series, 32 inch Sawmill, _ClogA03, AAA15, bfsales0, blackfriday, MECHMAXX Brand, sales, sawmill, SM26&32",2024-04-02T06:50:25-07:00,2024-04-02T02:10:07-07:00,2026-07-20T11:17:44-07:00,150167K6,3399.00,5699.00,true,474911,https://cdn.shopify.com/s/files/1/0653/3470/6391/files/sawmill32-kohler-6-_5.webp?v=1767864063
8351269421271,"32"" Portable Sawmill (5 x Blades Included),  420cc 15HP E-Start Gasoline Engine,  26.5"" Board Width,  20' Track Length (13' Track Length + 6.4' Track Extension Included) ,  SM-32",32-portable-sawmill-420cc-15hp-e-start-gasoline-engine-29-board-width-17-log-length-13-track-bed,MechMaxx,machine,"00renew, 01AAA-sawmill, 02C-series, 32 inch Sawmill, _ClogA03, AAA15, bfsales1, bfsales1-1127, blackfriday, MECHMAXX Brand, sales, sawmill, SM26&32, ZONSEN",2024-04-03T05:57:48-07:00,2024-04-02T01:50:47-07:00,2026-07-20T11:17:44-07:00,150167D6,2899.00,5499.00,true,467654,https://cdn.shopify.com/s/files/1/0653/3470/6391/files/sawmill32-ducar-6-_5.webp?v=1767862852
8908986286295,"32"" Portable Sawmill (5 x Blades Included),  HONDA GX390 389cc E-Start Gasoline Engine,  26.5"" Board Width,  20' Track Length (13' Track Length + 6.4' Track Extension Included) ,  SM-32",32-inch-portable-sawmill-honda-gasoline-engine-20-inch-track-length-sm32,MechMaxx,machine,"00renew, 01AAA-sawmill, 02C-series, 32 inch Sawmill, _ClogA03, AAA15, Honda, MECHMAXX Brand, sales, sawmill, SM26&32",2025-05-10T03:20:13-07:00,2025-05-10T00:33:51-07:00,2026-07-20T11:17:44-07:00,150167H6,3799.00,5699.00,true,474911,https://cdn.shopify.com/s/files/1/0653/3470/6391/files/sawmill32-honda6-_10.webp?v=1767756549
9026493284567,"32"" Portable Sawmill,  420cc 15HP DUCAR E-Start Gasoline Engine,  29"" Board Width,  13' Track Length ,  SM32",ducar-150167-32-portable-sawmill-420cc-15hp-e-start-gasoline-engine-29-board-width-13-track-length-sm32,MechMaxx,machine,"00renew, 01AAA-sawmill, 0LimitedTimeOffer, SMS",2026-01-21T23:25:09-08:00,2025-09-04T18:50:13-07:00,2026-07-20T11:17:44-07:00,150167D,3299.00,4899.00,false,400976,https://cdn.shopify.com/s/files/1/0653/3470/6391/files/SKU150167.webp?v=1739237578
8224820494551,"32"" Portable Sawmill,  459cc 15HP E-Start Gasoline Engine,  26.5"" Board Width,  13' Track Length ,  SM-32",industrial-32-portable-sawmill-420cc-15hp-gasoline-engine-29-board-width-32-log-length-14-track-bed,MechMaxx,machine,"00renew, 01AAA-sawmill, 02C-series, 32 inch Sawmill, _ClogA03, AAA15, Best Sellers, MECHMAXX Brand, New Arrivals, sales, sawmill, SM26&32",2023-12-22T18:43:40-08:00,2023-12-20T19:38:26-08:00,2026-07-20T11:17:44-07:00,150167,2599.00,4899.00,true,400976,https://cdn.shopify.com/s/files/1/0653/3470/6391/files/SKU150167_20d35e31-adf7-4160-b815-221795ef506e.webp?v=1767863170
8348405104855,"32"" Portable Sawmill,  KOHLER CH440 429cc E-Start Gasoline Engine,  26.5"" Board Width,  13' Track Length ,  SM-32",32-portable-sawmill-420cc-15hp-e-start-kohler-gasoline-engine-29-board-width-11-log-length-13-track-bed,MechMaxx,machine,"00renew, 01AAA-sawmill, 02C-series, 32 inch Sawmill, _ClogA03, AAA15, blackfriday, MECHMAXX Brand, sales, sawmill, SM26&32",2024-04-08T19:17:36-07:00,2024-04-01T20:36:04-07:00,2026-07-20T11:17:44-07:00,150167K4,2899.00,5599.00,true,411862,https://cdn.shopify.com/s/files/1/0653/3470/6391/files/sawmill32-kohler-4-_5.webp?v=1767863478
8854430548183,"32"" Tilt Bucket for Mini Compact Excavator MEC10/MEC12 ( SKU: 150530; 150531; 150532 )",32-tilt-bucket-for-mini-compact-excavator-1-1-8-tons,MechMaxx,machine,"01AAA, 02K-series, 150530, 150532, _ClogA11, active, bfsales0, Excavator Tilt Bucket, Mini Excavator Attachments, SMS",2025-03-17T01:46:03-07:00,2025-03-04T19:54:23-08:00,2026-07-20T11:17:44-07:00,150544,499.00,899.00,true,85502,https://cdn.shopify.com/s/files/1/0653/3470/6391/files/tilitbucketforminiexcavator--_7.webp?v=1768872999
9125535744215,"32""x40"" (80x100cm) Large Format Manual Heat Press Machine - 220V 8.4HP/6300W for Sublimation & Heat Transfer MS2432",32x40-80x100cm-large-format-manual-heat-press-machine-220v-8-4hp-6300w-for-sublimation-heat-transfer,MechMaxx,machine,"01AAA, Advertising Equipments, BalckFriday, Heat Transferring and Sublimation, Manual Heat Press Machines, New Products, sales",2026-06-10T08:23:29-07:00,2025-12-02T18:54:32-08:00,2026-07-20T11:17:44-07:00,501009,2599.00,2599.00,true,225435,https://cdn.shopify.com/s/files/1/0653/3470/6391/files/501009_MS3240_DSC03662.webp?v=1781085629
8854430089431,"32x8"" Auger Attachment for Mini Compact Excavator ( SKU: 150530; 150531; 150532 )",32x8-auger-attachment-for-mini-compact-excavator,MechMaxx,accessories,"01AAA, 02K-series, 150530, 150532, _ClogA11, active, bfsales0, Excavator Auger, Mini Excavator Attachments, SMS",2025-03-17T01:46:01-07:00,2025-03-04T19:53:26-08:00,2026-07-20T11:17:44-07:00,150542,599.00,999.00,true,58967,https://cdn.shopify.com/s/files/1/0653/3470/6391/files/miniexcavatorauger--_4.webp?v=1768873909
9131423596759,33.9″ Wide CB-H1 Horizontal Laminar Flow Clean Bench with HEPA Filtration & UV Sterilization | ISO Class 5,cb-h1,MechMaxx,,"00renew, 01AAA, 321001, _ClogA10, Clean Bench, coupon, Laboratory Equipment & Supplies, Laminar Flow Air Clean Bench",2026-02-03T02:21:17-08:00,2025-12-09T23:29:43-08:00,2026-07-20T11:17:44-07:00,321001,1649.00,,false,0,https://cdn.shopify.com/s/files/1/0653/3470/6391/files/321001_3.webp?v=1768900418
9131423760599,33.9″ Wide CB-V1 Vertical Laminar Flow Clean Bench with HEPA Filtration & UV Sterilization | ISO Class 5,cb-v1,MechMaxx,,"00renew, 01AAA, _ClogA10, Clean Bench, coupon, Laboratory Equipment & Supplies, Laminar Flow Air Clean Bench, New Products, on-sale",2026-02-02T06:03:06-08:00,2025-12-09T23:30:09-08:00,2026-07-20T11:17:44-07:00,321002,1649.00,,true,0,https://cdn.shopify.com/s/files/1/0653/3470/6391/files/321002_8.webp?v=1768901054
9120479150295,"3300lbs Electric Straddle Stacker,  118"" Lift,  Adjustable Legs & Forks,  F33-118SLA",3300lbs-electric-straddle-stacker-118-lift-adjustable-legs-forks-f33-118sla,MechMaxx,forbidliftgate,"00renew, 00Z, 01AAA, 02H-series, 0ZS, 3300lbs Full Electric Stackers, _ClogA08, AAA20, coupon, Full Electric Stackers, Material Handling Equipments, MECHMAXX Brand, Pallet Stackers, sales, SMS",2025-12-10T17:16:07-08:00,2025-11-28T01:39:37-08:00,2026-07-20T11:17:44-07:00,202010LA,4899.00,5499.00,true,709872,https://cdn.shopify.com/s/files/1/0653/3470/6391/files/Electric_Stacker_F33-118S_12.webp?v=1765347362
9120479445207,"3300lbs Electric Straddle Stacker,  138"" Lift,  Adjustable Legs & Forks,  F33-138SLA",3300lbs-electric-straddle-stacker-138-lift-adjustable-legs-forks-f33-138sla,MechMaxx,forbidliftgate,"00renew, 00Z, 01AAA, 02H-series, 0ZS, 3300lbs Full Electric Stackers, _ClogA08, AAA20, coupon, Full Electric Stackers, Material Handling Equipments, MECHMAXX Brand, Pallet Stackers, sales, SMS",2025-12-10T17:16:07-08:00,2025-11-28T01:39:58-08:00,2026-07-20T11:17:44-07:00,202014LA,5099.00,7999.99,false,734820,https://cdn.shopify.com/s/files/1/0653/3470/6391/files/Electric_Stacker_F33-138S_9.webp?v=1765347344
9120478920919,"3300lbs Electric Straddle Stacker,  98"" Lift,  Adjustable Legs & Forks,  F33-98SLA",3300lbs-electric-straddle-stacker-98-lift-adjustable-legs-forks-f33-98sla,MechMaxx,forbidliftgate,"00renew, 00Z, 01AAA, 02H-series, 0ZS, 3300lbs Full Electric Stackers, _ClogA08, AAA20, coupon, Full Electric Stackers, Material Handling Equipments, MECHMAXX Brand, Pallet Stackers, sales, SMS",2025-12-10T17:16:07-08:00,2025-11-28T01:39:21-08:00,2026-07-20T11:17:44-07:00,202009LA,4699.00,5299.00,false,684924,https://cdn.shopify.com/s/files/1/0653/3470/6391/files/Electric_Stacker_F33-98S_17.webp?v=1765347373
8648971354327,"3300lbs Lithium-ion Electric Pallet Jack,  45""x27"" Fork,  24V 40Ah Battery,  Walkie Type Truck,  EPT33",full-electric-powered-pallet-jack-truck-3300lbs-capacity-48-x-27-fork,MechMaxx,machine,"00renew, 00Z, 01AAA, 02H-series, 0ZS, 3300lbs Electric Pallet Jack, 3300lbs Lithium Electric Pallet Jacks, _ClogA08, AAA20, bfsales0, coupon, Electric Pallet Jacks, Material Handling & Storage, Material Handling Equipments, MECHMAXX Brand, Pallet Jacks, SMS",2024-08-08T03:07:22-07:00,2024-07-24T19:38:35-07:00,2026-07-20T11:17:44-07:00,202003,2199.00,2699.00,true,224982,https://cdn.shopify.com/s/files/1/0653/3470/6391/files/ept33.webp?v=1761641349
8648941600983,"3300lbs Lithium-ion Electric Pallet Jack,  45""x27"" Fork,  24V 40Ah Removable Battery,  Walkie Type Truck,  LPT33",lithium-full-electric-pallet-jack-truck-3300lbs-capacity-48-x-27-fork,MechMaxx,machine,"00renew, 00Z, 01AAA, 02H-series, 0ZS, 3300lbs Electric Pallet Jack, 3300lbs Lithium Electric Pallet Jacks, _ClogA08, AAA20, bfsales0, coupon, Electric Pallet Jacks, Material Handling & Storage, Material Handling Equipments, MECHMAXX Brand, Pallet Jacks, SMS",2024-08-08T03:07:20-07:00,2024-07-24T19:09:12-07:00,2026-07-20T11:17:44-07:00,202001,1999.00,2499.00,true,200034,https://cdn.shopify.com/s/files/1/0653/3470/6391/files/Electric_Pallet_Jack_LPT33_4.webp?v=1754149547
8649367748823,"3300lbs Lithium-ion Electric Straddle Stacker,  118"" Lift,  Adjustable Legs & Forks,  F33-118S",full-electric-straddle-stacker-118-lift-3300lbs-capacity-with-adj-legs-and-forks,MechMaxx,forbidliftgate,"00renew, 00Z, 01AAA, 02H-series, 0ZS, 3300lbs Full Electric Stackers, _ClogA08, AAA20, bfsales0, bfsales1, bfsales1-1127, coupon, Electric Stackers, Full Electric Stackers, Material Handling Equipments, MECHMAXX Brand, Pallet Stackers, sales, SMS, Stackers",2024-08-08T03:07:28-07:00,2024-07-25T01:50:34-07:00,2026-07-20T11:17:44-07:00,202010,5399.00,7199.00,true,684924,https://cdn.shopify.com/s/files/1/0653/3470/6391/files/Electric_Stacker_F33-118S_7.webp?v=1754319894
8969766109399,"3300lbs Lithium-ion Electric Straddle Stacker,  138"" Lift,  Adjustable Legs & Forks,  F33-138S",full-electric-straddle-stacker-138-lift-3300lbs-capacity-with-adj-legs-and-forks-f33-138s,MechMaxx,forbidliftgate,"00renew, 00Z, 01AAA, 02H-series, 0ZS, 3300lbs Full Electric Stackers, _ClogA08, AAA20, coupon, Electric Stackers, Full Electric Stackers, Material Handling Equipments, MECHMAXX Brand, Pallet Stackers, sales, SMS, Stackers",2025-08-05T18:21:32-07:00,2025-07-10T22:53:14-07:00,2026-07-20T11:17:44-07:00,202014,5599.00,7499.00,false,709872,https://cdn.shopify.com/s/files/1/0653/3470/6391/files/Electric_Stacker_F33-138S_14.webp?v=1765347344
8649365029079,"3300lbs Lithium-ion Electric Straddle Stacker,  98"" Lift,  Adjustable Legs & Forks,  F33-98S",full-electric-straddle-stacker-98-lift-3300lbs-capacity-with-adj-legs-and-forks,MechMaxx,forbidliftgate,"00Z, 01AAA, 02H-series, 0ZS, 3300lbs Full Electric Stackers, _ClogA08, AAA20, coupon, Electric Stackers, Full Electric Stackers, Material Handling Equipments, MECHMAXX Brand, Pallet Stackers, SMS, Stackers",2024-08-08T03:07:27-07:00,2024-07-25T01:46:16-07:00,2026-07-20T11:17:44-07:00,202009,5199.00,6799.00,true,659977,https://cdn.shopify.com/s/files/1/0653/3470/6391/files/Electric_Stacker_F33-98S_6.webp?v=1765347373
8649347858647,"3300lbs Semi-Electric Straddle Stacker,  118"" Lift,  Adjustable Legs & Forks,  S33-118S",semi-electric-straddle-stacker-118-lift-3300lbs-capacity-with-adj-legs-and-forks,MechMaxx,forbidliftgate,"00Z, 01AAA, 02H-series, 0ZS, 3300lbs Semi-Electric Stackers, _ClogA08, AAA20, coupon, Material Handling Equipments, MECHMAXX Brand, Pallet Stackers, sales, Semi-Electric Stackers, SMS, Stackers",2024-08-08T03:07:24-07:00,2024-07-25T01:23:17-07:00,2026-07-20T11:17:44-07:00,202006,3299.00,4799.00,true,580145,https://cdn.shopify.com/s/files/1/0653/3470/6391/files/Electric_Stacker_S33-118S_17.webp?v=1754320188
8969756901591,"3300lbs Semi-Electric Straddle Stacker,  138"" Lift,  Adjustable Legs & Forks,  S33-138S",semi-electric-straddle-stacker-138-lift-3300lbs-capacity-with-adj-legs-and-forks-s33-138s,MechMaxx,forbidliftgate,"00Z, 01AAA, 02H-series, 0ZS, 3300lbs Semi-Electric Stackers, _ClogA08, AAA20, coupon, Material Handling Equipments, MECHMAXX Brand, Pallet Stackers, Semi-Electric Stackers, SMS, Stackers",2025-08-05T18:21:32-07:00,2025-07-10T22:48:22-07:00,2026-07-20T11:17:44-07:00,202012,3499.00,4999.00,true,605092,https://cdn.shopify.com/s/files/1/0653/3470/6391/files/Electric_Stacker_S33-138S_9.webp?v=1754320272
9072326148311,"34 Ton Kinetic Fast Log Splitter,  7 HP Ducar Gasoline Engine,  28"" Log Diameter Capacity,  3-Sec Cycle Time,  KT34",34-ton-kinetic-log-splitter-7-hp-ducar-gasoline-engine-28-log-diameter-capacity-3-sec-cycle-time-kt34,MechMaxx,machine,"00renew, 01AAA, 0LimitedTimeOffer, _ClogA01, _ClogA03, BalckFriday, bfsales0, bfsales2-1127, coupon, Kinetic Log Splitter, Lawn & Garden, Log Splitter, Log Splitter part, New Products, SMS, Woodworking Machinery",2025-10-22T02:01:30-07:00,2025-10-21T03:06:40-07:00,2026-07-20T11:17:44-07:00,150243,2299.00,2899.00,true,269887,https://cdn.shopify.com/s/files/1/0653/3470/6391/files/34TonKineticLogSplitter-_6.webp?v=1765466239
9132069519575,"34 Ton Kinetic Log Splitter & Firewood Conveyor Bundle, KT34 & HC2016",34-ton-kinetic-log-splitter-firewood-conveyor-combo-kt34-hc2016,MechMaxx,machine,"01AAA, Combo, Combo Sales, coupon",2025-12-11T07:17:45-08:00,2025-12-11T00:39:31-08:00,2026-07-20T11:17:44-07:00,150418,5798.00,8498.00,true,269887,https://cdn.shopify.com/s/files/1/0653/3470/6391/files/splitter_combo.webp?v=1765466239
9068197445847,"35hp 1000cc ZONSEN E-Start 8 inch Gas Powered Commerical Wood Chipper with Intelligent Hydraulic Feeding System ,  CROBA TX1000",8-inch-zonsen-e-start-1000cc-35hp-gas-powered-wood-chipper-with-intelligent-feeding-system-tx1000,MechMaxx,machine,"00renew, 01AAA, 02A-series, 8 in Wood Chipper, _ClogA01, AAA11, bfsales0, coupon, CROBA Brand, HOME&GARDEN, New Products, SMS, Wood Chipper",2025-10-16T23:16:28-07:00,2025-10-13T01:05:26-07:00,2026-07-20T11:17:44-07:00,110701,14699.00,20999.00,true,850032,https://cdn.shopify.com/s/files/1/0653/3470/6391/files/TX1000-WoodChipper-_4.webp?v=1760839608
9116904915159,"36"" MAX Portable Sawmill & 3-Point PTO Stump Grinder & Forestry Log Skidding Winch Bundle",36-max-portable-sawmill-3-point-pto-stump-grinder-forestry-log-skidding-winch-combo,MechMaxx,machine,"01AAA-sawmill, 01AAA-SG, Combo, Combo Sales",2026-03-25T20:34:45-07:00,2025-11-25T03:21:12-08:00,2026-07-20T11:17:44-07:00,150415,7497.00,11697.00,true,255373,https://cdn.shopify.com/s/files/1/0653/3470/6391/files/150415_811cc707-c7ae-414d-85f4-69be72066a6b.webp?v=1776939234
9116905144535,"36"" MAX Portable Sawmill & 8"" Wood Chipper Bundle",36-max-portable-sawmill-8-wood-chipper-combo,MechMaxx,machine,"01AAA-sawmill, Combo, Combo Sales",2025-11-26T02:10:49-08:00,2025-11-25T03:22:07-08:00,2026-07-20T11:17:44-07:00,150416,7098.00,10398.00,true,562001,https://cdn.shopify.com/s/files/1/0653/3470/6391/files/14_402bd4d7-ad3a-4da1-866d-8ae4363defc8.webp?v=1764137474
8764588097751,"36"" MAX Portable Sawmill,  25HP 688cc HONDA GX690 V-Twin Engine,  36"" Board Width,  20' Track Length,  (10 x Blades Included),  SM-36HMAX",36-max-portable-sawmill-25hp-honda-gx690-v-twin-engine-36-board-width-20-track-length-10-x-blades-included-sm36hmax-1,MechMaxx,machine,"00renew, 01AAA-sawmill, 02C-series, 03_advertising, _ClogA03, AAA15, active, bfsales1, bfsales1-1127, CO-SM36H, Dealsinpage, Honda, MECHMAXX Brand, sales, sawmill",2024-11-27T22:45:11-08:00,2024-11-17T22:11:36-08:00,2026-07-20T11:17:44-07:00,150168HMAX,5199.00,7999.00,true,570166,https://cdn.shopify.com/s/files/1/0653/3470/6391/files/SKU150168HMAX_018cb9c5-21dc-42fd-a835-ed39d7b0c709.webp?v=1739321070
8759560175831,"36"" MAX Portable Sawmill,  25HP 750cc ZONSEN V-Twin Engine,  36"" Board Width,  20' Track Length,  (10 x Blades Included),  SM-36MAX",36-portable-sawmill-25hp-750cc-zonsen-v-twin-engine-32-board-width-20-track-length-10-x-blades-included-sm36max,MechMaxx,machine,"00renew, 01AAA-sawmill, 02C-series, 03_advertising, 0LimitedTimeOffer, _ClogA03, AAA15, active, CO-SM36, Dealsinpage, MECHMAXX Brand, sales, sawmill",2024-11-08T17:25:26-08:00,2024-11-08T17:25:05-08:00,2026-07-20T11:17:44-07:00,150168MAX,3899.00,5999.00,true,562001,https://cdn.shopify.com/s/files/1/0653/3470/6391/files/zonsen36sawmill.webp?v=1764814701
9244391309527,"36"" MAX Portable Sawmill,  25HP 750cc ZONSEN V-Twin Engine,  36"" Board Width, 20' Track Length, SM-36MAX",36-max-portable-sawmill-25hp-750cc-zonsen-v-twin-engine-35-board-width-20-track-length-10-x-blades-included-sm-36max,MechMaxx,machine,"00renew, 01AAA-sawmill, 02C-series, 03_advertising, 0LimitedTimeOffer, _ClogA03, AAA15, active, blowout, CO-SM36, Dealsinpage, MECHMAXX Brand, on-sale, sales, sawmill",2026-04-19T18:30:56-07:00,2026-04-19T18:14:15-07:00,2026-07-20T11:17:44-07:00,150268,3599.00,4899.00,true,562001,https://cdn.shopify.com/s/files/1/0653/3470/6391/files/zonsen36sawmill_0c5a0a70-0289-47c9-891f-35d0b7773be9.webp?v=1776650103
8883213828311,36'' Boom Length Mini Skid Steer Lifting Jib,36-boom-length-mini-skid-steer-lifting-jib,MechMaxx,machine,"01AAA, 02D--series, _ClogA04, AAA15, AAA15skid, active, CROBA Brand, Lifting Jib, Mini Skid Steer Attachments, Mini Track Loader Attachments, sales, SMS",2025-04-25T01:15:27-07:00,2025-04-09T01:52:46-07:00,2026-07-20T11:17:44-07:00,150510,699.00,1099.00,true,143789,https://cdn.shopify.com/s/files/1/0653/3470/6391/files/36_BoomLengthMiniSkidSteerLiftingJib--_2.webp?v=1768455506
8893591060695,36'' Max Opening Mini Skid Steer Stump Grapple Bucket,36-max-opening-mini-skid-steer-stump-grapple-bucket,MechMaxx,machine,"01AAA, 02D--series, _ClogA04, AAA15, AAA15skid, active, CROBA Brand, Mini Skid Steer Attachments, Mini Track Loader Attachments, sales, SMS, Stump Bucket",2025-04-26T03:10:43-07:00,2025-04-23T19:41:47-07:00,2026-07-20T11:17:44-07:00,150515,1699.00,1899.00,true,141974,https://cdn.shopify.com/s/files/1/0653/3470/6391/files/Stumpgrapplebucket-_3.webp?v=1745467050
8884287733975,"36'' Mini Skid Steer Pallet Fork Frame Attachment,  2204 lb Weight Capacity",36-mini-skid-steer-pallet-fork-frame-attachment-2204-lb-weight-capacity,MechMaxx,machine,"01AAA, 02D--series, _ClogA04, AAA15, AAA15skid, active, CROBA Brand, Mini Skid Steer Attachments, Mini Track Loader Attachments, Pallet Fork, sales, SMS",2025-04-25T01:15:27-07:00,2025-04-10T01:59:38-07:00,2026-07-20T11:17:44-07:00,150511,859.00,1199.00,true,143789,https://cdn.shopify.com/s/files/1/0653/3470/6391/files/150511-size.webp?v=1754466462
7951231746263,"36” Skid Steer Hydraulic Tree Spade, 4” Diameter Cut Capacity, 22” Blade Opening",36-skid-steer-hydraulic-tree-spade-4-diameter-cut-capacity-22-blade-opening,MechMaxx,machine,"01AAA, 02E--series, _ClogA14, AAA15, AAA15skid, Clearance Sale, MECHMAXX Brand, Skid Steer, SMS, Transplantr, Tree Spade",2024-09-21T02:08:24-07:00,2023-04-20T23:39:50-07:00,2026-07-20T11:17:44-07:00,150106,7999.00,8999.00,false,750242,https://cdn.shopify.com/s/files/1/0653/3470/6391/files/150106TreeSpade_0.jpg?v=1726909602
9073473552599,"37""Mini Skid Steer Drum Forestry Brush Mulcher Attachment,  Hydraulic Flow Range 11 To 16 GPM, MCH37",37-inch-mini-skid-steer-drum-forestry-mulcher-attachment-mch37,MechMaxx,machine,"00renew, 01AAA, 02D--series, _ClogA04, AAA15, AAA15skid, active, CROBA Brand, Drum Forestry Mulcher, Mini Skid Steer Attachments, Mini Track Loader Attachments, SMS",2025-10-24T00:21:15-07:00,2025-10-22T20:45:07-07:00,2026-07-20T11:17:44-07:00,150601,5699.00,6299.00,true,360152,https://cdn.shopify.com/s/files/1/0653/3470/6391/files/16_7de35865-026c-469c-8f38-b4bbc934af48.webp?v=1761357335
9087308103895,"39'' Width Digging Bucket for Mini Compact Excavator MEC17, MEC17PRO (SKU: 150533; 150534）",39-width-digging-bucket-for-mini-compact-excavator-mec17-sku-150533-150534,MechMaxx,machine,"01AAA, 02K-series, 150533, 150534, _ClogA11, active, Digging Bucket, Excavator Digging Bucket, Mini Excavator Attachments, SMS",2025-11-05T02:10:55-08:00,2025-10-31T00:23:27-07:00,2026-07-20T11:17:44-07:00,150547,599.00,779.00,true,69853,https://cdn.shopify.com/s/files/1/0653/3470/6391/files/150547-_1.webp?v=1761895362
8895420432599,"39.4""(100cm) Extension Tube for Ceiling Fan – Optional Accessory for Adjustable Height & Custom Installation",100cm-extension-tube-for-ceiling-fan-optional-accessory-for-adjustable-height-custom-installation,MechMaxx,accessories,"01BBB, 330001, 330002, 330003, 330004, 330005, 330006, 330007, 330008, Ceiling Fans Optional Accessory, HVLS Industrial Ceiling Fan Accessories, other spare part, SMS",2025-05-07T20:01:45-07:00,2025-04-25T20:57:56-07:00,2026-07-20T11:17:44-07:00,483301,69.99,,true,9072,https://cdn.shopify.com/s/files/1/0653/3470/6391/files/ExtensionTube100cm_2.webp?v=1746524318
9131464556759,39″ Wide CB-H1Pro Horizontal Laminar Flow Clean Bench with HEPA Filtration & UV Sterilization | ISO Class 5,cb-h1pro,MechMaxx,,"00renew, 01AAA, _ClogA10, Clean Bench, coupon, Laboratory Equipment & Supplies, Laminar Flow Air Clean Bench, New Products",2026-02-02T06:03:06-08:00,2025-12-10T01:03:38-08:00,2026-07-20T11:17:44-07:00,321005,2149.00,,false,149685,https://cdn.shopify.com/s/files/1/0653/3470/6391/files/321005_16.webp?v=1770032291
9131464851671,39″ Wide CB-V1Pro Vertical Laminar Flow Clean Bench with HEPA Filtration & UV Sterilization | ISO Class 5,cb-v1pro,MechMaxx,,"00renew, 01AAA, _ClogA10, Clean Bench, coupon, Laboratory Equipment & Supplies, Laminar Flow Air Clean Bench, New Products, on-sale",2026-02-02T06:03:04-08:00,2025-12-10T01:04:35-08:00,2026-07-20T11:17:44-07:00,321006,2199.00,,true,149685,https://cdn.shopify.com/s/files/1/0653/3470/6391/files/321006.webp?v=1770032810
8149043937495,"4 inch DUCAR 212cc 7hp Gas Engine Powered Wood Chipper with Towbar,  GS650",mechmaxx-4-inch-wood-chipper-196cc-6-5hp-gs650,MechMaxx,machine,"00renew, 01AAA, 02A-series, _ClogA01, AAA11, bfsales1, bfsales1-1127, blackfriday, coupon, HOME&GARDEN, MECHMAXX Brand, sales, SMS, Wood Chipper",2023-10-07T01:25:18-07:00,2023-10-06T18:27:16-07:00,2026-07-20T11:17:44-07:00,110100,1299.00,1399.00,true,123831,https://cdn.shopify.com/s/files/1/0653/3470/6391/files/110100_GS650_wood_chipper_1.webp?v=1720163244
9116905439447,"4"" Honda Gasoline Engine Wood Chipper & 12"" Stump Grinder Bundle,  GS650 & SGR1500",6-honda-gasoline-engine-wood-chipper-12-stump-grinder-combo,MechMaxx,machine,"01AAA, Combo, Combo Sales, coupon",2025-11-26T02:10:19-08:00,2025-11-25T03:24:49-08:00,2026-07-20T11:17:44-07:00,150403,3498.00,3598.00,true,123831,https://cdn.shopify.com/s/files/1/0653/3470/6391/files/1_cba325d6-2cff-4752-95aa-236514f1a190.webp?v=1764137471
8854429466839,4-Piece Mini Excavator Attachment Set for Mini Compact Excavator ( SKU: 150530; 150531; 150532 ),4-piece-excavator-attachment-set,MechMaxx,accessories,"01AAA, 02K-series, 150530, 150532, _ClogA11, active, bfsales0, Excavator Attachment Set, Mini Excavator Attachments, SMS",2025-03-17T01:46:00-07:00,2025-03-04T19:52:54-08:00,2026-07-20T11:17:44-07:00,150541,699.00,1099.00,true,60328,https://cdn.shopify.com/s/files/1/0653/3470/6391/files/150541_mini_excavator_attachment.jpg?v=1742266546
8450850619607,"4.5FT 3-Point Gear Drive Rotary Tiller, 25-45HP Tractor, PTO Shaft Included (With Slip Clutch), Cat. 1  Hookup , RT450",4-5ft-3-point-gear-drive-rotary-tiller-25-40hp-tractor-pto-shaft-included-with-slip-clutch-cat-1-2-hookup-model-rt500,MechMaxx,machine,"01AAA, 02B-series, coupon, MECHMAXX Brand, PTO Rotary Tiller, Rotary Tillers, SMS, soldout, Tillage, Tractor, Tractor Implements & Attachments",2026-02-04T04:23:09-08:00,2024-04-25T01:59:19-07:00,2026-07-20T11:17:44-07:00,150191,2399.00,2799.00,false,326133,https://cdn.shopify.com/s/files/1/0653/3470/6391/files/DSC00919_9b62c616-6492-46c5-9ebf-fab301bb948d.webp?v=1719536894
8893592273111,40'' Mini Skid Steer Scarifier,40-inch-mini-skid-steer-scarifier,MechMaxx,machine,"01AAA, 02D--series, _ClogA04, AAA15, AAA15skid, active, CROBA Brand, Mini Skid Steer Attachments, Mini Track Loader Attachments, Scarifier, SMS",2025-04-30T02:14:37-07:00,2025-04-23T19:45:15-07:00,2026-07-20T11:17:44-07:00,150523,699.00,899.00,true,97069,https://cdn.shopify.com/s/files/1/0653/3470/6391/files/Scarifie_3.webp?v=1745920502
8893590307031,40'' Working Width Mini Skid Steer Box Broom Sweeper,40-working-width-mini-skid-steer-box-broom-sweeper,MechMaxx,machine,"01AAA, 02D--series, _ClogA04, AAA15, AAA15skid, active, Box Broom Sweeper, CROBA Brand, Mini Skid Steer Attachments, Mini Track Loader Attachments, SMS",2025-06-06T03:27:53-07:00,2025-04-23T19:40:00-07:00,2026-07-20T11:17:44-07:00,150512,3399.00,3899.00,true,351988,https://cdn.shopify.com/s/files/1/0653/3470/6391/files/BS40--_7.webp?v=1768460714
9006538326231,"40-inch 3-in-1 Pan and Box Brake – Slip Roll, Shear, Bending Machine for Sheet Metal, 20 Gauge Mild Steel, Adjustable Fingers, Heavy Duty, Metalworking, Fabrication, Rolling, Bending MMCB4020",mmcb4020,MechMaxx,machine,"00precision, 01AAA, _ClogA05, BalckFriday, bfsales2-1127, Combination Shear Brake & Roll, coupon, Metalworking Machines, New Products, sales, Sheet Metal & Fabrication, SMS",2025-08-28T02:16:20-07:00,2025-08-10T19:22:47-07:00,2026-07-20T11:17:44-07:00,500307,1399.00,1699.00,true,210013,https://cdn.shopify.com/s/files/1/0653/3470/6391/files/MMCB4020-ZT.webp?v=1755590369
8853318500567,"4000 PSI 4 GPM HONDA E-Start Engine Hot Water Pressure Washer Skid Mounted with 175 Gal Tank,  HPW40HT",4000-psi-4-gpm-honda-e-start-engine-hot-water-pressure-washer-skid-mounted-with-175-gal-tank,MechMaxx,machine,"00renew, 00Z, 01AAA, 0ZS, _ClogA12, bfsales1-1127, blackfriday, coupon, Honda, Hot Water Pressure Washers, Janitorial & Cleaning, MECHMAXX Brand, Pressure Washers, Skid Mounted Pressure Washers, SMS",2025-03-24T20:02:05-07:00,2025-03-02T18:52:32-08:00,2026-07-20T11:17:44-07:00,204003,5199.00,5599.00,true,330215,https://cdn.shopify.com/s/files/1/0653/3470/6391/files/HPW40HT-1.webp?v=1749047832
8853319516375,"4000 PSI 4 GPM HONDA E-Start Engine Hot Water Pressure Washer Skid Mounted with 245 Gal Tank,  HPW40HBT",4000-psi-4-gpm-honda-e-start-engine-hot-water-pressure-washer-skid-mounted-with-245-gal-tank,MechMaxx,machine,"00Z, 01AAA, 0ZS, _ClogA12, bfsales1-1127, blackfriday, coupon, Honda, Hot Water Pressure Washers, Janitorial & Cleaning, MECHMAXX Brand, Pressure Washers, Skid Mounted Pressure Washers, SMS",2025-03-24T20:02:06-07:00,2025-03-02T18:53:35-08:00,2026-07-20T11:17:44-07:00,204004,5699.00,6099.00,true,340194,https://cdn.shopify.com/s/files/1/0653/3470/6391/files/HPW40HBT-1.webp?v=1749048007
8853317484759,"4000 PSI 4 GPM HONDA E-Start Engine Hot Water Pressure Washer with Hose Reel,  HPW40H",4000-psi-4-gpm-honda-e-start-engine-hot-water-pressure-washer-with-hose-reel,MechMaxx,machine,"00renew, 00Z, 01AAA, 0ZS, _ClogA12, coupon, Honda, Hot Water Pressure Washers, Janitorial & Cleaning, MECHMAXX Brand, New Products, Portable Pressure Washers, Pressure Washers, SMS",2025-03-24T19:59:37-07:00,2025-03-02T18:51:28-08:00,2026-07-20T11:17:44-07:00,204002,4199.00,4599.00,true,229971,https://cdn.shopify.com/s/files/1/0653/3470/6391/files/HPW40H-1.webp?v=1749047661
8969805201623,"4000 PSI 4 GPM KOHLER E-Start Engine Hot Water Pressure Washer Skid Mounted with 175 Gal Tank,  HPW40KT",4000-psi-4-gpm-kohler-e-start-engine-hot-water-pressure-washer-skid-mounted-with-175-gal-tank-hpw40kt,MechMaxx,machine,"00Z, 01AAA, 0ZS, _ClogA12, coupon, Hot Water Pressure Washers, Janitorial & Cleaning, MECHMAXX Brand, Pressure Washers, Skid Mounted Pressure Washers, SMS",2025-08-12T03:38:30-07:00,2025-07-10T23:12:11-07:00,2026-07-20T11:17:44-07:00,204011,4799.00,5399.00,true,330215,https://cdn.shopify.com/s/files/1/0653/3470/6391/files/hot_water_pressure_washer_204011_8.webp?v=1754917120
8969807462615,"4000 PSI 4 GPM KOHLER E-Start Engine Hot Water Pressure Washer Skid Mounted with 245 Gal Tank,  HPW40KBT",4000-psi-4-gpm-kohler-e-start-engine-hot-water-pressure-washer-skid-mounted-with-245-gal-tank-hpw40kbt,MechMaxx,machine,"00Z, 01AAA, 0ZS, _ClogA12, coupon, Hot Water Pressure Washers, Janitorial & Cleaning, MECHMAXX Brand, Pressure Washers, Skid Mounted Pressure Washers, SMS",2025-07-18T18:38:31-07:00,2025-07-10T23:13:22-07:00,2026-07-20T11:17:44-07:00,204012,5299.00,5899.00,true,340194,https://cdn.shopify.com/s/files/1/0653/3470/6391/files/hot_water_pressure_washer_204012_11.webp?v=1754917122
8969803038935,"4000 PSI 4 GPM KOHLER E-Start Engine Hot Water Pressure Washer with Hose Reel,  HPW40K",4000-psi-4-gpm-kohler-e-start-engine-hot-water-pressure-washer-with-hose-reel-hpw40k,MechMaxx,machine,"00renew, 00Z, 01AAA, 0ZS, _ClogA12, coupon, Hot Water Pressure Washers, Janitorial & Cleaning, MECHMAXX Brand, Portable Pressure Washers, Pressure Washers, SMS",2025-08-12T03:38:29-07:00,2025-07-10T23:11:10-07:00,2026-07-20T11:17:44-07:00,204010,3799.00,4399.00,true,229971,https://cdn.shopify.com/s/files/1/0653/3470/6391/files/hot_water_pressure_washer_204010_2.webp?v=1754917123
8853326561495,"4000 PSI 4 GPM ZONSEN E-Start Engine Hot Water Pressure Washer Skid Mounted with 175 Gal Tank,  HPW40DT",4000-psi-4-gpm-15-hp-e-start-gas-engine-hot-water-pressure-washer-skid-mounted-with-175-gal-tank,MechMaxx,machine,"00Z, 01AAA, 0ZS, _ClogA12, coupon, Hot Water Pressure Washers, Janitorial & Cleaning, MECHMAXX Brand, Pressure Washers, Skid Mounted Pressure Washers, SMS",2025-03-24T20:02:15-07:00,2025-03-02T19:00:02-08:00,2026-07-20T11:17:44-07:00,204007,4399.00,4999.00,true,330215,https://cdn.shopify.com/s/files/1/0653/3470/6391/files/HPW40DT_10.webp?v=1781573514
8853326823639,"4000 PSI 4 GPM ZONSEN E-Start Engine Hot Water Pressure Washer Skid Mounted with 245 Gal Tank,  HPW40DBT",4000-psi-4-gpm-15-hp-e-start-gas-engine-hot-water-pressure-washer-skid-mounted-with-245-gal-tank,MechMaxx,machine,"00Z, 01AAA, 0ZS, _ClogA12, coupon, Hot Water Pressure Washers, Janitorial & Cleaning, MECHMAXX Brand, Pressure Washers, Skid Mounted Pressure Washers, SMS",2025-03-24T20:02:19-07:00,2025-03-02T19:00:42-08:00,2026-07-20T11:17:44-07:00,204008,4899.00,5499.00,true,340194,https://cdn.shopify.com/s/files/1/0653/3470/6391/files/HPW40DBT_1_9.webp?v=1781574029
8853326266583,"4000 PSI 4 GPM ZONSEN E-Start Engine Hot Water Pressure Washer with Hose Reel,  HPW40D",4000-psi-4-gpm-15-hp-e-start-gas-engine-hot-water-pressure-washer-with-hose-reel,MechMaxx,machine,"00renew, 00Z, 01AAA, 0ZS, _ClogA12, blackfriday, coupon, Hot Water Pressure Washers, Janitorial & Cleaning, MECHMAXX Brand, Portable Pressure Washers, Pressure Washers, SMS",2025-03-24T20:02:11-07:00,2025-03-02T18:59:29-08:00,2026-07-20T11:17:44-07:00,204006,3399.00,3999.00,true,229971,https://cdn.shopify.com/s/files/1/0653/3470/6391/files/DSC03025-01.webp?v=1781572320
8969810706647,"4000 PSI High Pressure Water Pump (for SKU: 204002, 204003, 204004, 204006, 204007, 204008, 204010, 204011, 204012)",high-pressure-pump,MechMaxx,accessories,"01BBB, 0zs, 204002, 204003, 204004, 204006, 204007, 204008, 204010, 204011, 204012, SMS",2025-10-18T02:25:17-07:00,2025-07-10T23:14:48-07:00,2026-07-20T11:17:44-07:00,464008,299.99,399.99,true,10886,https://cdn.shopify.com/s/files/1/0653/3470/6391/files/hotwaterpressurewasheraccessories_24.webp?v=1755104830
9175250305239,"4000 PSI Turbo Rotary Nozzle, 4.0 Orifice, 1/4"" Quick Connect, for Hot and Cold Pressure Washers (for SKU: 204002, 204003, 204004, 204006, 204007, 204008, 204010, 204011, 204012)",4000-psi-rotary-nozzle,MechMaxx,accessories,"0zs, Janitorial & Cleaning, Portable Pressure Washers, Pressure Washers, Skid Mounted Pressure Washers, Spare Parts",2026-03-11T19:53:30-07:00,2026-02-04T20:08:18-08:00,2026-07-20T11:17:44-07:00,464035,69.99,89.99,true,408,https://cdn.shopify.com/s/files/1/0653/3470/6391/files/4000PSITurboRotaryNozzle_1.webp?v=1773283230
8822866116823,"40mm Threaded Shaft for WB Wheel Balancer (for SKU: 200009, 200010)",threaded-shaft-for-wb-wheel-balancers-for-sku-200009-200010,MechMaxx,accessories,"01BBB, 0ZS, auto-parts, Automotive Equipments & Tools, SMS, Wheel Balancer Accessories & Parts, Wheel Balancers",2025-08-14T03:35:00-07:00,2025-01-27T05:00:39-08:00,2026-07-20T11:17:44-07:00,460036,45.99,55.99,true,1406,https://cdn.shopify.com/s/files/1/0653/3470/6391/files/DSC02538.webp?v=1737982727
9123713351895,"42 in Rotary Tiller, 3 Point Hitch Cat.1, Chain Drive, PTO Shaft Included with Shear Bolt, 15–35 HP, LRT42",42-in-rotary-tiller-3-point-hitch-cat-1-chain-drive-pto-shaft-included-with-shear-bolt-15-35-hp-lrt42,MechMaxx,machine,"00growth, 01AAA, 0zs, _ClogA02, coupon, Rotary Tillers, Tillage, Tractor Implements & Attachments",2026-02-04T04:10:43-08:00,2025-12-01T18:07:32-08:00,2026-07-20T11:17:44-07:00,201103,1599.00,2199.00,false,172497,https://cdn.shopify.com/s/files/1/0653/3470/6391/files/42_Light_Rotary_Tiller_9.webp?v=1770252374
8760693948631,"42"" Mini Skid Steer Skeleton Grapple Attachment,   24"" Arm Opening,  2000 lb Weight Capacity",150503-mini-skid-steer-round-grapple,MechMaxx,machine,"01AAA, 02D--series, _ClogA04, AAA15, AAA15skid, active, CROBA Brand, Grapple Bucket, Mini Grapple, mini root grapple, Mini Skid Steer Attachments, Mini Track Loader Attachments, sales, SMS",2024-11-19T00:27:55-08:00,2024-11-11T23:23:24-08:00,2026-07-20T11:17:44-07:00,150503,1299.00,,true,133810,https://cdn.shopify.com/s/files/1/0653/3470/6391/files/RG42grapple-_11.webp?v=1739258983
8893591322839,"42'' Mini Skid Steer Brush Cutter, Hydraulic Motor",42-inch-cutting-width-mini-skid-steer-brush-cutter,MechMaxx,machine,"01AAA, 02D--series, _ClogA04, AAA15, AAA15skid, active, Brush Cutter for 101000, CROBA Brand, Mini Skid Steer Attachments, Mini Track Loader Attachments, sales, SMS",2025-04-27T03:43:51-07:00,2025-04-23T19:42:36-07:00,2026-07-20T11:17:44-07:00,150517,2999.00,3399.00,true,288031,https://cdn.shopify.com/s/files/1/0653/3470/6391/files/BC42--_7.webp?v=1768461355
8834239168727,"44"" 4-In-1 Combo Mini Skid Steer Bucket Attachment With Quick Attach,  Universal Mount",4-in-1-combo-mini-skid-steer-bucket-attachment-with-quick-attach-universal-mount,MechMaxx,machine,"01AAA, 02D--series, 4-In-1 Bucket, _ClogA04, AAA15, AAA15skid, active, CROBA Brand, Mini Skid Steer Attachments, Mini Track Loader Attachments, sales, SMS",2025-04-26T03:10:42-07:00,2025-02-07T23:37:12-08:00,2026-07-20T11:17:44-07:00,150504,1899.00,,true,58060,https://cdn.shopify.com/s/files/1/0653/3470/6391/files/SkidSteerBucket-1_5.webp?v=1741681345
8893591191767,44'' Mini Skid Steer Land leveler,44-inch-working-width-mini-skid-steer-land-leveler,MechMaxx,machine,"01AAA, 02D--series, _ClogA04, AAA15, AAA15skid, active, CROBA Brand, Land leveler for 101000, Mini Skid Steer Attachments, Mini Track Loader Attachments, sales, SMS",2025-04-27T03:43:51-07:00,2025-04-23T19:42:14-07:00,2026-07-20T11:17:44-07:00,150516,829.00,999.00,true,93894,https://cdn.shopify.com/s/files/1/0653/3470/6391/files/Landleveler-_4.webp?v=1745475694
8872021917911,"44'' Mini Skid Steer Rock Bucket,  25'' Overall Depth",45-mini-skid-steer-rock-bucket-25-overall-depth,MechMaxx,machine,"01AAA, 02D--series, _ClogA04, AAA15, AAA15skid, active, CROBA Brand, Mini Skid Steer Attachments, Mini Track Loader Attachments, Rock Bucket, sales, SMS",2025-04-25T01:15:27-07:00,2025-03-24T20:40:20-07:00,2026-07-20T11:17:44-07:00,150505,799.00,1099.00,true,92986,https://cdn.shopify.com/s/files/1/0653/3470/6391/files/Rockbucket-_5.webp?v=1747124565
8893591552215,44'' Mini Skid Steer Timber Grab 24'' Max Opening,24-max-opening-mini-skid-steer-timber-grab,MechMaxx,machine,"01AAA, 02D--series, _ClogA04, AAA15, AAA15skid, active, CROBA Brand, Mini Skid Steer Attachments, Mini Track Loader Attachments, sales, SMS, Timber Grab",2025-04-26T03:10:43-07:00,2025-04-23T19:43:07-07:00,2026-07-20T11:17:44-07:00,150518,1799.00,1999.00,true,230879,https://cdn.shopify.com/s/files/1/0653/3470/6391/files/Timbergrab-_1.webp?v=1745476237
8771625156823,"4400 lb Capacity Stationary Electric Hydraulic Double Scissor Lift Table - 63"" x 39.4"" Platform,  70.1"" Lift Height,  UL Certified Motor,  ELTD44L",stationary-electric-hydraulic-lift-table-4400lb-capacity-platform-size63-x-39-4-height70-1,MechMaxx,machine,"00C, 00renew, 01AAA, 02H-series, 4400lbs Electric Stationary Lift Tables, _ClogA08, AAA30, active, bfsales1, bfsales1-1127, blackfriday, coupon, Electric Stationary Lift Table, Lift table, Material Handling Equipments, MECHMAXX Brand, New Products, sales, SMS",2024-12-20T23:40:43-08:00,2024-11-26T23:27:50-08:00,2026-07-20T11:17:44-07:00,310007,3299.00,4499.00,true,430006,https://cdn.shopify.com/s/files/1/0653/3470/6391/files/ELTD44Lmain.webp?v=1749694990
8771624108247,"4400lbs Capacity Stationary Electric Hydraulic Double Scissor Lift Table,  51.2"" x 33.5"" Platform,  70.1"" Lift Height,  UL Certified Motor,  ELTD44",stationary-electric-hydraulic-lift-table4400lb-capacity-platform-size51-2-x-33-5-height70-1,MechMaxx,machine,"00C, 00renew, 01AAA, 02H-series, 4400lbs Electric Stationary Lift Tables, _ClogA08, AAA30, active, bfsales1, bfsales1-1127, blackfriday, coupon, Electric Stationary Lift Table, Lift table, Material Handling Equipments, MECHMAXX Brand, New Products, sales, SMS",2024-12-20T23:40:42-08:00,2024-11-26T23:22:15-08:00,2026-07-20T11:17:44-07:00,310006,2899.00,3399.00,true,390089,https://cdn.shopify.com/s/files/1/0653/3470/6391/files/ELTD44main.webp?v=1749695115
8771607986391,"4400lbs Capacity Stationary Powered Hydraulic Lift Table,  51.2"" x 33.5"" Platform,  41.3"" Lift Height,  UL Certified Motor,  ELT44",stationary-powered-hydraulic-lift-table-4400lb-capacity-platform-size51-2-x-33-5-height41-3,MechMaxx,machine,"00C, 00renew, 01AAA, 02H-series, 4400lbs Electric Stationary Lift Tables, _ClogA08, AAA30, active, blackfriday, coupon, Electric Stationary Lift Table, Lift table, Material Handling Equipments, MECHMAXX Brand, New Products, SMS",2024-12-20T23:40:39-08:00,2024-11-26T22:40:53-08:00,2026-07-20T11:17:44-07:00,310002,2599.00,2699.00,true,279866,https://cdn.shopify.com/s/files/1/0653/3470/6391/files/ELT44main6_1.webp?v=1759209856
9116892168407,"4400lbs Capacity Stationary Powered Hydraulic Lift Table,  51.2"" x 33.5"" Platform,  41.3"" Lift Height,  UL Certified Motor,  ELT44",4400lbs-capacity-stationary-powered-hydraulic-lift-table-51-2-x-33-5-platform-41-3-lift-height-ul-certified-moto-elt44,MechMaxx,machine,"00C, 00renew, 01AAA, 02H-series, 4400lbs Electric Stationary Lift Tables, _ClogA08, AAA30, active, coupon, Electric Stationary Lift Table, Lift table, Material Handling Equipments, MECHMAXX Brand, New Products, SMS",2025-11-27T22:43:10-08:00,2025-11-25T02:16:25-08:00,2026-07-20T11:17:44-07:00,310002Y,2599.00,,true,279866,https://cdn.shopify.com/s/files/1/0653/3470/6391/files/310002Y.webp?v=1764312181
9116893184215,"4400lbs Capacity Stationary Powered Hydraulic Lift Table,  51.2"" x 33.5"" Platform,  41.3"" Lift Height,  UL Certified Motor,  ELT44",4400lbs-capacity-stationary-powered-hydraulic-lift-table-51-2-x-33-5-platform-41-3-lift-height-ul-certified-moto-elt44-1,MechMaxx,,"00C, 00renew, 01AAA, 02H-series, 4400lbs Electric Stationary Lift Tables, _ClogA08, AAA30, active, blackfriday, coupon, Electric Stationary Lift Table, Lift table, Material Handling Equipments, MECHMAXX Brand, New Products, SMS",2025-11-28T01:23:19-08:00,2025-11-25T02:20:35-08:00,2026-07-20T11:17:44-07:00,310002B,2599.00,,true,279866,https://cdn.shopify.com/s/files/1/0653/3470/6391/files/310002B.webp?v=1764321801
8648954151127,"4400lbs Lithium-ion Electric Pallet Jack,  45""x27"" Fork,  48V 30Ah Removable Battery,  Walkie Type Truck,  LPT44",4400lbs-capacity-lithium-full-electric-pallet-jack-truck-48-x-27-fork,MechMaxx,machine,"00renew, 00Z, 01AAA, 02H-series, 0ZS, 4400lbs Electric Pallet Jack, 4400lbs Lithium Electric Pallet Jacks, _ClogA08, AAA20, coupon, Electric Pallet Jacks, Material Handling & Storage, Material Handling Equipments, MECHMAXX Brand, Pallet Jacks, sales, SMS",2024-08-08T03:07:21-07:00,2024-07-24T19:22:02-07:00,2026-07-20T11:17:44-07:00,202002,2399.00,3199.00,true,203209,https://cdn.shopify.com/s/files/1/0653/3470/6391/files/Electric_Pallet_Jack_LPT_22.webp?v=1760356848
8969755492567,"4400lbs Lithium-ion Electric Pallet Jack,  45""x27"" Fork,  48V 50Ah Battery,  Walkie Type Truck,  EPT44",full-electric-powered-pallet-jack-truck-4400lbs-capacity-45-x-27-fork-ept44,MechMaxx,machine,"00renew, 00Z, 01AAA, 02H-series, 0ZS, 3300lbs Lithium Electric Pallet Jacks, 4400lbs Electric Pallet Jack, _ClogA08, AAA20, bfsales0, coupon, Electric Pallet Jacks, Material Handling & Storage, Material Handling Equipments, MECHMAXX Brand, Pallet Jacks, SMS",2025-08-05T18:21:32-07:00,2025-07-10T22:47:24-07:00,2026-07-20T11:17:44-07:00,202011,2599.00,3099.00,false,229971,https://cdn.shopify.com/s/files/1/0653/3470/6391/files/Electric_Pallet_Jack_EPT44_2.webp?v=1754199328
9123714203863,"45 in Rotary Tiller,  3 Point Hitch Cat.1,  Chain Drive,  PTO Shaft Included with Shear Bolt,  15-35 HP,  LRT45",45-in-rotary-tiller-3-point-hitch-cat-1-chain-drive-pto-shaft-included-with-shear-bolt-15-35-hp-lrt45,MechMaxx,machine,"00growth, 01AAA, 0zs, _ClogA02, coupon, on-sale, Rotary Tillers, Tillage, Tractor Implements & Attachments",2026-02-04T04:10:45-08:00,2025-12-01T18:08:00-08:00,2026-07-20T11:17:44-07:00,201104,1679.00,2279.00,false,177500,https://cdn.shopify.com/s/files/1/0653/3470/6391/files/45_Light_Rotary_Tiller_9.webp?v=1770252380
9229052117207,"47"" Portable Industrial Fan with Variable High-Efficiency PMSM Motor,Mobile High Volume Floor Fan for Warehouse,Workshop & Gym",portable-industrial-fan-mf-47,MechMaxx,machine,"01AAA, blowout, HVAC, Material Handling Equipments, New Products, Portable Industrial Fan",2026-05-13T20:11:34-07:00,2026-03-30T19:24:15-07:00,2026-07-20T11:17:44-07:00,331001,2199.00,,true,115666,https://cdn.shopify.com/s/files/1/0653/3470/6391/files/331001_3.webp?v=1778649080
9087308300503,"47'' Width Digging Bucket for Mini Compact Excavator MEC17, MEC17PRO (SKU: 150533; 150534）",47-width-digging-bucket-for-mini-compact-excavator-mec17-sku-150533-150534,MechMaxx,machine,"01AAA, 02K-series, 150533, 150534, _ClogA11, active, Digging Bucket, Excavator Digging Bucket, Mini Excavator Attachments, SMS",2025-11-05T02:10:55-08:00,2025-10-31T00:24:35-07:00,2026-07-20T11:17:44-07:00,150548,659.00,859.00,true,83007,https://cdn.shopify.com/s/files/1/0653/3470/6391/files/150548-_1.webp?v=1761895466
9123716038871,"48 in Rotary Tiller,  3 Point Hitch Cat.1 & 2,  Gear Drive,  PTO Shaft Included with Slip Clutch,  25-50 HP,  MRT48",48-in-rotary-tiller-3-point-hitch-cat-1-2-gear-drive-pto-shaft-included-with-slip-clutch-25-50-hp-mrt48,MechMaxx,machine,"00growth, 01AAA, 0zs, _ClogA02, coupon, New Products, on-sale, Rotary Tillers, Tillage, Tractor Implements & Attachments",2026-02-04T04:10:45-08:00,2025-12-01T18:09:29-08:00,2026-07-20T11:17:44-07:00,201110,2399.00,3199.00,true,406664,https://cdn.shopify.com/s/files/1/0653/3470/6391/files/48_Medium_Duty_Rotary_Tiller_13.webp?v=1770098709
9123714891991,"48 in Rotary Tiller,  3 Point Hitch Cat.1,  Chain Drive,  PTO Shaft Included with Shear Bolt,  18-35 HP,  LRT48",48in-rotary-tiller-3-point-hitch-cat-1-chain-drive-pto-shaft-included-with-shear-bolt-18-35-hp-lrt48,MechMaxx,machine,"00growth, 01AAA, 0zs, _ClogA02, coupon, on-sale, Rotary Tillers, Tillage, Tractor Implements & Attachments",2026-02-10T00:33:47-08:00,2025-12-01T18:08:31-08:00,2026-07-20T11:17:44-07:00,201105,1749.00,2349.00,false,189996,https://cdn.shopify.com/s/files/1/0653/3470/6391/files/201105_2.webp?v=1773214135
9123721445591,"48 in Stone Burier Reverse Rotary Tiller,  3 Point Hitch Cat.1,  Chain Drive,  PTO Shaft Included with Slip Clutch,  20-45 HP,  RSB48",48-in-stone-burier-reverse-rotary-tiller-3-point-hitch-cat-1-chain-drive-pto-shaft-included-with-slip-clutch-20-45-hp-rsb48,MechMaxx,machine,"00growth, 01AAA, 0zs, _ClogA02, coupon, Rotary Tillers, Tillage, Tractor Implements & Attachments",2026-02-24T00:03:44-08:00,2025-12-01T18:13:57-08:00,2026-07-20T11:17:44-07:00,201119,2799.00,3599.00,false,373329,https://cdn.shopify.com/s/files/1/0653/3470/6391/files/48_stone_burier_5.webp?v=1771147614
8969835708631,"48"" 3 Point PTO Snow Blower 24"" Impeller Diameter 360° Snow Chute (PTO Shaft Included with Slip Clutch),  20-45 HP,  TSB48",48-3-point-hitch-snow-blower-pto-driven-for-hp-tractors-tsb48,MechMaxx,machine,"00Z, 01AAA, 02B-series, 0LimitedTimeOffer, 0ZS, _ClogA02, active, Clearance Sale, coupon, MECHMAXX Brand, SMS, Snow Blower, Tractor",2025-10-25T02:49:59-07:00,2025-07-10T23:25:53-07:00,2026-07-20T11:17:44-07:00,201042,2399.00,3199.00,false,369678,https://cdn.shopify.com/s/files/1/0653/3470/6391/files/Snow_blower_TSB48_1.webp?v=1759239845
8969838559447,"48"" 3 Point PTO Snow Blower 24"" Impeller Diameter 360° Snow Chute (PTO Shaft Included with Slip Clutch),  20-45 HP,  TSB48T",48-3-point-hitch-snow-blower-pto-driven-for-hp-tractors-tsb48t,MechMaxx,machine,"00Z, 01AAA, 02B-series, 0LimitedTimeOffer, 0ZS, _ClogA02, active, Clearance Sale, coupon, MECHMAXX Brand, SMS, Snow Blower, Tractor",2025-10-25T02:50:00-07:00,2025-07-10T23:27:20-07:00,2026-07-20T11:17:44-07:00,201042T,2399.00,3199.00,false,369678,https://cdn.shopify.com/s/files/1/0653/3470/6391/files/Snow_blower_TSB48T_2.webp?v=1759240124
9006537179351,"48"" Manual Pan and Box Brake - 16 Gauge Mild Steel Capacity, 135° Bending Angle, 16 Precision Fingers, Durable Construction for Accurate Bends""",pb4816,MechMaxx,machine,"00precision, 01AAA, _ClogA05, coupon, Manual Bending Brake, Metalworking Machines, New Products, sales, Sheet Metal & Fabrication, SMS",2025-08-11T22:48:54-07:00,2025-08-10T19:18:19-07:00,2026-07-20T11:17:44-07:00,500301,1469.00,1999.00,true,209106,https://cdn.shopify.com/s/files/1/0653/3470/6391/files/DSC00059-01.webp?v=1754885359
9120476856535,"48"" Skid Steer Stump Bucket Wrecker with Universal Quick Attach, Bolt-On Cutting Teeth, SBE53",skid-steer-stump-bucket-sbe53,MechMaxx,machine,"00growth, 01AAA, 0zs, _ClogA14, Skid Steer Attachments, Skid Steer Stump Bucket",2025-12-23T02:45:27-08:00,2025-11-28T01:37:14-08:00,2026-07-20T11:17:44-07:00,201048,1299.00,1699.00,true,186880,https://cdn.shopify.com/s/files/1/0653/3470/6391/files/Stump_Bucket.webp?v=1766211108
8969963503831,"48"" Snow Blower Replacement Cutting Blade (for SKU: 201042, 201042T)",48-snow-blower-replacement-cutting-blade,MechMaxx,accessories,"00Z, 01BBB, 0ZS, 201042, active, other spare part, SMS, Snow Blower, Tractor Implements & Attachments part",2025-11-13T23:23:05-08:00,2025-07-11T02:44:52-07:00,2026-07-20T11:17:44-07:00,461129,209.99,229.99,true,11204,https://cdn.shopify.com/s/files/1/0653/3470/6391/files/48_cutting_blade_2.webp?v=1763101644
7937842970839,"48"" Standard 3 Point Offset Flail Ditch Bank Mower,  25-50HP,  VAM48",mechmaxx-3point-flail-mower-vam48,MechMaxx,machine,"00growth, 01AAA, 02B-series, _ClogA02, All Flail Mowers, blackfriday, coupon, Dealsinpage, Flail Mower, MECHMAXX Brand, Mower, PTO Flail Mower, sales, SMS, Standard Ditch Bank Flail Mowers, Tractor",2023-05-17T00:17:30-07:00,2023-03-29T01:59:27-07:00,2026-07-20T11:17:44-07:00,150143,2499.00,3399.00,true,315247,https://cdn.shopify.com/s/files/1/0653/3470/6391/files/mowervam48-_25.webp?v=1718349001
9170967068887,"48"" Standard 3 Point Offset Flail Ditch Bank Mower,  25-50HP,  VAM48",48-standard-3-point-offset-flail-ditch-bank-mower-25-50hp-vam48,MechMaxx,machine,"00growth, 01AAA, 02B-series, _ClogA02, All Flail Mowers, coupon, Flail Mower, MECHMAXX Brand, Mower, PTO Flail Mower, SMS, Standard Ditch Bank Flail Mowers, Tractor",2026-02-05T01:57:02-08:00,2026-01-29T18:43:43-08:00,2026-07-20T11:17:45-07:00,150143G,2499.00,3399.00,true,315247,https://cdn.shopify.com/s/files/1/0653/3470/6391/files/FlailmowerVAM48-green-_11.webp?v=1769741130
8918984425687,"48'' Industrial Magnetic Pan and BOX Heavy Duty Sheet Metal Brake 20 Gauge Capacity Shear Press Brake,  MSMB1250E",48-industrial-magnetic-pan-and-box-heavy-duty-sheet-metal-brake,MechMaxx,machine,"00precision, 01AAA, _ClogA05, BalckFriday, coupon, Magnetic Bending Machines, MECHMAXX Brand, Metalworking Machines, New Products, sales, Sheet Metal & Fabrication, SMS",2025-05-26T01:48:08-07:00,2025-05-23T22:38:19-07:00,2026-07-20T11:17:45-07:00,500001,2699.00,2899.00,true,175087,https://cdn.shopify.com/s/files/1/0653/3470/6391/files/48MSMB-11.webp?v=1748233054
9282362474711,"48'' Industrial Magnetic Pan and BOX Heavy Duty Sheet Metal Brake 20 Gauge Capacity Shear Press Brake,  MSMB1250E-R",48-industrial-magnetic-pan-and-box-heavy-duty-sheet-metal-brake-20-gauge-capacity-shear-press-brake-msmb1250e-r,MechMaxx,machine,"00precision, 01AAA, _ClogA05, BalckFriday, coupon, Magnetic Bending Machines, MECHMAXX Brand, Metalworking Machines, New Products, sales, Sheet Metal & Fabrication, SMS",2026-06-01T09:40:16-07:00,2026-06-01T09:34:01-07:00,2026-07-20T11:17:45-07:00,500322,2699.00,2899.00,true,175087,https://cdn.shopify.com/s/files/1/0653/3470/6391/files/500322_MSMB1250E-R_DSC07688.webp?v=1780331599
7937840054487,"48'' Light-duty Flail Mower 3 Point 15-35HP ,  PTO Driven,  EFS48",mechmaxx-3point-flail-mower-efs48,MechMaxx,machine,"00growth, 01AAA, 02B-series, _ClogA02, All Flail Mowers, blackfriday, coupon, Flail Mower, MECHMAXX Brand, Mower, PTO Flail Mower, sales, SMS, Standard Flail Mower, Tractor",2023-10-30T23:37:44-07:00,2023-03-29T01:56:22-07:00,2026-07-20T11:17:45-07:00,150134,1699.00,1969.00,true,212281,https://cdn.shopify.com/s/files/1/0653/3470/6391/files/1_79650603-e943-4997-a739-986c8ee8f9b5.webp?v=1735969325
9175425941719,"48'' Light-duty Flail Mower 3 Point 15-35HP ,  PTO Driven,  EFS48",48-light-duty-flail-mower-3-point-15-35hp-pto-driven-efs48,MechMaxx,machine,"00growth, 01AAA, 02B-series, _ClogA02, All Flail Mowers, coupon, Flail Mower, MECHMAXX Brand, Mower, PTO Flail Mower, SMS, Standard Flail Mower, Tractor",2026-02-07T00:40:34-08:00,2026-02-05T00:49:36-08:00,2026-07-20T11:17:45-07:00,150134G,1699.00,1969.00,true,212281,https://cdn.shopify.com/s/files/1/0653/3470/6391/files/flailmowerefs48green--_13.webp?v=1770368423
9107822739671,"48'' Width, 20"" Intake, Hydraulic Snow Blower for Mini Skid Steer, Remote Control Chute Rotation and Deflector, MSB48",48-cutting-width-20-cutting-height-remote-control-hydraulic-mini-skid-steer-snow-blower-msb48,MechMaxx,machine,"01AAA, 02D--series, AAA15, AAA15skid, active, SMS",2025-11-19T06:36:08-08:00,2025-11-17T22:16:10-08:00,2026-07-20T11:17:45-07:00,150524,3399.00,4499.00,false,255826,https://cdn.shopify.com/s/files/1/0653/3470/6391/files/MSB48--_4.webp?v=1769046959
9030961987799,48V Lead Acid Battery Charger for E50; EH50 ( SKU: 101200; 101200Y;101201R;101201 ),48v-lead-acid-battery-charger-for-e50-eh50-sku-101200-101200y-101201r-101201,MechMaxx,accessories,"01BBB, 101200, 101201, SMS",2025-09-23T05:04:00-07:00,2025-09-10T01:33:02-07:00,2026-07-20T11:17:45-07:00,412054,59.99,,true,907,https://cdn.shopify.com/s/files/1/0653/3470/6391/files/412054-_1.webp?v=1757498644
9006537343191,"48” Manual Pan and Box Brake - Heavy Duty, Durable Construction, 12 Gauge Mild Steel, 135° Bending Angle, Individual Bending Fingers"" PB4812",pb4812,MechMaxx,machine,"00precision, 01AAA, _ClogA05, BalckFriday, bfsales2-1127, coupon, Manual Bending Brake, Metalworking Machines, New Products, on-sale, Sheet Metal & Fabrication, SMS",2025-08-17T21:31:52-07:00,2025-08-10T19:18:55-07:00,2026-07-20T11:17:45-07:00,500302,2999.00,3429.00,true,544311,https://cdn.shopify.com/s/files/1/0653/3470/6391/files/DSC09731.webp?v=1755491479
8399378514135,"4FT 3-Point Gear Drive Rotary Tiller, 18-35HP Tractor, PTO Shaft Included (With Slip Clutch), Cat. 1 Hookup , RT400",rotary-tiller-48,MechMaxx,machine,"01AAA, 02B-series, coupon, MECHMAXX Brand, PTO Rotary Tiller, Rotary Tillers, SMS, soldout, Tillage, Tractor, Tractor Implements & Attachments",2026-02-04T04:23:07-08:00,2024-04-14T23:08:20-07:00,2026-07-20T11:17:45-07:00,150190,2299.00,2599.00,false,326587,https://cdn.shopify.com/s/files/1/0653/3470/6391/files/DSC08828.webp?v=1719536985
8077243875543,"4” Skid Steer Wood Chipper Attachment 14-20gal/min , BX42H",mechmaxx-4-skid-steer-wood-chipper-attachment-with-universal-quick-tach-14-20-gpm,MechMaxx,machine,"01AAA, 02E--series, _ClogA14, AAA15, MECHMAXX Brand, Skid Steer, SMS, Wood Chipper for skid steer",2023-08-25T03:32:14-07:00,2023-07-26T20:36:31-07:00,2026-07-20T11:17:45-07:00,150170,2499.00,2899.00,false,427284,https://cdn.shopify.com/s/files/1/0653/3470/6391/files/WoodChipperAttachment150170-4.webp?v=1708914407
9130688250071,"5 Cu-Ft 3-Point Hitch Cement Mixer, PTO Shaft Included, Category 1 & 2 Hookup",5-cu-ft-3-point-hitch-cement-mixer-pto-shaft-included-category-1-2-hookup,MechMaxx,machine,"00renew, 01AAA, _ClogA02, coupon, PTO Cement Mixer, SMS, Tractor Implements & Attachments",2025-12-09T02:55:05-08:00,2025-12-08T23:55:48-08:00,2026-07-20T11:17:45-07:00,150250,1699.00,2199.00,true,146057,https://cdn.shopify.com/s/files/1/0653/3470/6391/files/CementMixer-_5.webp?v=1765279881
8564579926231,5 Gallons Bead Blaster Seater Tire Inflator,5-gallons-bead-blaster-seater-tire-inflator-145psi,MechMaxx,accessories,"00Z, 01BBB, 0ZS, AAA20, Accessories, Automotive Equipment & Tools, SMS, Tire Changer, Tire Changer Accessories & Parts, Vehicle Equipment & Tools",2024-06-19T20:15:02-07:00,2024-06-06T03:02:01-07:00,2026-07-20T11:17:45-07:00,200014,109.99,119.00,false,10886,https://cdn.shopify.com/s/files/1/0653/3470/6391/files/BB05-_10.webp?v=1718848974
9050435092695,5 in 4 Jaw Lathe Chuck for Metal Lathe Machine 10'' x 30'' SKU: 500003 | Model: 0831V  SKU: 500004 | Model: 0831VD SKU: 500005 | Model: 1030V SKU: 500006 | Model: 1030VD SKU: 500014 | Model: 1022V SKU: 500015 | Model: 1022VD,5-in-4-jaw-lathe-chuck-for-sku-500005-model-1030v,MechMaxx,accessories,"01BBB, 1030V, 500005, Metalworking Machines part, Spare Parts",2025-09-28T09:53:45-07:00,2025-09-28T09:53:42-07:00,2026-07-20T11:17:45-07:00,485101,150.00,,true,4990,https://cdn.shopify.com/s/files/1/0653/3470/6391/files/5_in_4_Jaw_Lathe_Chuck_-3_for_SKU_500005_Model_1030V.webp?v=1759077747
8423160283351,"5 inch E-start DUCAR 420cc 15hp Gasoline Engine Powered Disc Wood Chipper with Taillight ,  P4205",gasoline-engine-self-feeding-electric-start-wood-chipper-p4205rato,MechMaxx,machine,"00renew, 01AAA, 02A-series, 5 in Wood Chipper, _ClogA01, AAA11, bfsales1, bfsales1-1127, blackfriday, coupon, HOME&GARDEN, MECHMAXX Brand, SMS, Wood Chipper",2024-04-19T09:39:53-07:00,2024-04-19T06:38:47-07:00,2026-07-20T11:17:45-07:00,110602,2299.00,2299.00,true,284402,https://cdn.shopify.com/s/files/1/0653/3470/6391/files/woodchipperp4205-_2.webp?v=1734924535
8614781976791,"5 inch E-start DUCAR 420cc 15hp Gasoline Engine Powered Disc Wood Chipper with Taillight ,  P4205",5-inch-e-start-ducar-420cc-15hp-gasoline-engine-powered-disc-wood-chipper-with-taillight,MechMaxx,machine,"00renew, 01AAA, 02A-series, 5 in Wood Chipper, _ClogA01, AAA11, bfsales1, bfsales1-1127, blackfriday, coupon, HOME&GARDEN, MECHMAXX Brand, sales, SMS, Wood Chipper",2024-07-12T17:38:59-07:00,2024-06-30T20:14:52-07:00,2026-07-20T11:17:45-07:00,110602Y,2299.00,2499.00,true,284402,https://cdn.shopify.com/s/files/1/0653/3470/6391/files/p4205chipper-_6_ea5c9448-24f6-431d-9685-6b1dd00bdde6.webp?v=1713752072
8423147700439,"5 inch E-start DUCAR 420cc 15hp Gasoline Engine Powered Drum Wood Chipper with Towbar ,  PGS1500",15hp-gasoline-engine-wood-chipper-shredder-machine-1,MechMaxx,machine,"00renew, 01AAA, 02A-series, 5 in Wood Chipper, _ClogA01, AAA11, blackfriday, coupon, HOME&GARDEN, MECHMAXX Brand, sales, SMS, Wood Chipper",2024-04-19T09:39:53-07:00,2024-04-19T06:28:20-07:00,2026-07-20T11:17:45-07:00,110400,2099.00,2099.00,true,248569,https://cdn.shopify.com/s/files/1/0653/3470/6391/files/woodchipperpgs1500-_9.webp?v=1715053618
8777740419287,"5 inch E-start DUCAR 420cc Gasoline Engine Powered Wood Chipper,  GS1500",5-inch-e-start-ducar-420cc-gasoline-engine-powered-wood-chipper-gs1500-110200y,MechMaxx,machine,"00renew, 01AAA, 02A-series, 5 in Wood Chipper, _ClogA01, AAA11, blackfriday, coupon, HOME&GARDEN, MECHMAXX Brand, sales, SMS, Wood Chipper",2024-12-16T23:32:40-08:00,2024-12-06T01:59:00-08:00,2026-07-20T11:17:45-07:00,110200Y,2099.00,2299.00,true,225435,https://cdn.shopify.com/s/files/1/0653/3470/6391/files/110200Y-wood_chipper_GS1500_1.webp?v=1739241799
8423159496919,"5 inch E-Start KOHLER 429cc 14hp Gasoline Engine Powered Disc Wood Chipper with Taillight ,  P4205",5-in-wood-chipper,MechMaxx,machine,"00renew, 01AAA, 02A-series, 5 in Wood Chipper, _ClogA01, AAA11, bfsales1, bfsales1-1127, blackfriday, coupon, HOME&GARDEN, MECHMAXX Brand, sales, SMS, Wood Chipper",2024-04-19T09:39:53-07:00,2024-04-19T06:38:06-07:00,2026-07-20T11:17:45-07:00,110601,2799.00,2799.00,true,277599,https://cdn.shopify.com/s/files/1/0653/3470/6391/files/woodchipper110601-_14.webp?v=1756107107
8466902745303,"5 inch E-start KOHLER 429cc Gasoline Engine Powered Wood Chipper,  GS1500",5-inch-e-start-kohler-408cc-gasoline-engine-powered-wood-chipper-model-gs1500,MechMaxx,machine,"00renew, 01AAA, 02A-series, 5 in Wood Chipper, _ClogA01, AAA11, bfsales1, bfsales1-1127, blackfriday, coupon, HOME&GARDEN, MECHMAXX Brand, sales, SMS, Wood Chipper",2024-05-03T06:23:10-07:00,2024-04-28T19:15:16-07:00,2026-07-20T11:17:45-07:00,110200K,2499.00,2699.00,true,225435,https://cdn.shopify.com/s/files/1/0653/3470/6391/files/GS1500k-_4_d4ac69f9-5b8f-4e4b-ab3b-b4905efdaee0.webp?v=1714369490
8423130562775,"5 inch E-start ZONSEN 459cc Gasoline Engine Powered Wood Chipper ,  GS1500",gs1500,MechMaxx,machine,"00renew, 01AAA, 02A-series, 5 in Wood Chipper, _ClogA01, AAA11, blackfriday, coupon, HOME&GARDEN, MECHMAXX Brand, sales, SMS, Wood Chipper",2024-04-19T09:39:51-07:00,2024-04-19T06:11:45-07:00,2026-07-20T11:17:45-07:00,110200,2099.00,2099.00,true,225435,https://cdn.shopify.com/s/files/1/0653/3470/6391/files/gs1500zonsen-_7.webp?v=1777097291
9120463913175,"5 Sets Jaw Covers & 5 Sets Shovel Covers & 10 Sets Plastic Inserts for TC Tire Changer (for SKU: 200001, 200002, 200005, 200027, 200006, 200028)",5-sets-jaw-covers-5-sets-shovel-covers-10-sets-plastic-inserts-for-tc-tire-changer,MechMaxx,accessories,"0zs, 460051tag, Automotive Equipments & Tools, Tire Changer Accessories & Parts, Tire Changers",2025-12-10T17:25:10-08:00,2025-11-28T00:39:59-08:00,2026-07-20T11:17:45-07:00,460051,69.99,89.99,true,1179,https://cdn.shopify.com/s/files/1/0653/3470/6391/files/Protection_Kit.webp?v=1765356062
9316889231575,5-Piece Mini Excavator Attachment Set for Mini Compact Excavator (SKU: 150536),150554-5-piece-mini-excavator-attachment-set-for-mini-compact-excavator,MechMaxx,,"01AAA, 02K-series, 150536, _ClogA11, active, CROBA Brand, Excavator Compactor, Mini Excavator Attachments, SMS",2026-07-09T21:02:37-07:00,2026-07-02T23:23:16-07:00,2026-07-20T11:17:45-07:00,150554,599.00,799.00,true,67132,https://cdn.shopify.com/s/files/1/0653/3470/6391/files/150554-_4.webp?v=1783066028
9122448408791,"5.8 HP 23 in Walk-Behind Concrete Power Trowel with Blades and Float Pan, PT22Z",power-trowel-pt22z,MechMaxx,machine,"01AAA, 0zs, Construction Equipment, New Products, Walk-Behind Trowels",2026-06-12T03:16:45-07:00,2025-12-01T00:17:39-08:00,2026-07-20T11:17:45-07:00,205010Z,999.00,1199.00,true,57153,https://cdn.shopify.com/s/files/1/0653/3470/6391/files/PT22Z_5.webp?v=1780558799
9122449326295,"5.8 HP 36 in Walk-Behind Concrete Power Trowel with Blades and Float Pan, PT36Z",power-trowel-pt36z,MechMaxx,machine,"01AAA, 0zs, Construction Equipment, New Products, Walk-Behind Trowels",2026-06-12T03:16:47-07:00,2025-12-01T00:18:15-08:00,2026-07-20T11:17:45-07:00,205011Z,1199.00,1399.00,true,81647,https://cdn.shopify.com/s/files/1/0653/3470/6391/files/PT36Z_4.webp?v=1780559012
9122436284631,"5.8 HP Reversible Plate Compactor with Wheel Kit and Extension Plates, 5625 lb Centrifugal Force, PC150Z",reversible-plate-compactor-pc150z,MechMaxx,machine,"01AAA, 0zs, Construction Equipment, New Products, Plate Compactors, Reversible Plate Compactors",2026-06-12T03:16:38-07:00,2025-12-01T00:09:23-08:00,2026-07-20T11:17:45-07:00,205006Z,1799.00,2099.00,true,148778,https://cdn.shopify.com/s/files/1/0653/3470/6391/files/PC150Z_5.webp?v=1780557846
9122431959255,"5.8 HP Vibratory Plate Compactor with Wheel Kit, 3150 lb Centrifugal Force for Soil, Gravel, Asphalt and Paver Base, PC80Z",plate-compactor-pc80z,MechMaxx,machine,"01AAA, 0zs, Construction Equipment, Forward Plate Compactors, New Products, Plate Compactors",2026-06-12T03:16:34-07:00,2025-12-01T00:07:18-08:00,2026-07-20T11:17:45-07:00,205004Z,899.00,1099.00,true,76204,https://cdn.shopify.com/s/files/1/0653/3470/6391/files/PC80Z_10.webp?v=1780557516
9122435236055,"5.8 HP Vibratory Plate Compactor with Wheel Kit, 3600 lb Centrifugal Force for Soil, Gravel, Asphalt and Paver Base, PC90Z",plate-compactor-pc90z,MechMaxx,machine,"01AAA, 0zs, Construction Equipment, Forward Plate Compactors, New Products, Plate Compactors",2026-06-12T03:16:36-07:00,2025-12-01T00:08:43-08:00,2026-07-20T11:17:45-07:00,205005Z,899.00,1099.00,true,88904,https://cdn.shopify.com/s/files/1/0653/3470/6391/files/DSC00646.webp?v=1781158792
9122446934231,"5.8 HP Walk-Behind Concrete Floor Saw, 14 in Blade, 4 in Cutting Depth, FS350Z",walk-behind-saw-fs350z,MechMaxx,machine,"01AAA, 0zs, Construction Equipment, New Products, Walk-Behind Saws",2026-06-12T03:16:42-07:00,2025-12-01T00:16:33-08:00,2026-07-20T11:17:45-07:00,205008Z,999.00,1199.00,true,81193,https://cdn.shopify.com/s/files/1/0653/3470/6391/files/FS350Z_10.webp?v=1780558139
9122453127383,"50 Ton H-Frame Air/Hydraulic Shop Press with Hand Winch & Press Pin Kit,  Fully Welded Steel Frame,  Safety Guard,  Foot Pedal Control,  HSP50",50-ton-h-frame-air-hydraulic-shop-press-with-hand-winch-press-pin-kit-fully-welded-steel-frame-safety-guard-foot-pedal-control-hsp50,MechMaxx,machine,"00renew, 01AAA, 0zs, _ClogA07, Automotive Equipment & Tools, New Products, on-sale, Shop Press",2026-02-12T21:50:30-08:00,2025-12-01T00:20:11-08:00,2026-07-20T11:17:45-07:00,200062,1999.00,2299.00,false,303998,https://cdn.shopify.com/s/files/1/0653/3470/6391/files/50_Ton_Hydraulic_Shop_Press.webp?v=1770889086
9052139749591,"50"" 3 Point Drum Filled Plug Aerator Fits Cat 1 And 2 Tractors,  DLA50",50-3-point-drum-filled-plug-aerator-fits-cat-1-and-2-tractors,MechMaxx,machine,"00growth, 01AAA, _ClogA02, BalckFriday, bfsales0, bfsales2-1127, coupon, Drum Plug Aerator, New Products, sales, Tractor Implements & Attachments",2025-09-30T02:56:46-07:00,2025-09-29T20:08:02-07:00,2026-07-20T11:17:45-07:00,150270,2399.00,2999.00,true,363781,https://cdn.shopify.com/s/files/1/0653/3470/6391/files/150270PlugAeratorDLA50_5.webp?v=1759217118
7918986559703,"50"" Skid Steer Rotary Log Grapple,  360° Rotation,  3000 Lbs Capacity",skid-steer-mount-log-grapple-forestry-claw,MechMaxx,machine,"00Z, 01AAA, 02E--series, _ClogA14, AAA15, blackfriday, coupon, Grapples, MECHMAXX Brand, sales, Skid Steer, SMS",2023-04-08T02:42:20-07:00,2023-03-06T21:34:14-08:00,2026-07-20T11:17:45-07:00,150157,3899.00,3899.00,true,330669,https://cdn.shopify.com/s/files/1/0653/3470/6391/files/skidsteerrotaryloggrappl_23.webp?v=1733534924
9006538817751,"50-Inch Foot Clamp Pan and Box Brake, Industrial Heavy Duty Sheet Metal Folding Machine, 0–135° Bending Angle, 1.9"" Clamping Lift, 2"" Box Depth PB2A5014",pb2a5014,MechMaxx,machine,"00precision, 01AAA, _ClogA05, BalckFriday, coupon, Foot Clamp Brake, Metalworking Machines, New Products, Sheet Metal & Fabrication, SMS",2025-08-28T02:57:21-07:00,2025-08-10T19:24:27-07:00,2026-07-20T11:17:45-07:00,500311,2999.00,3599.00,true,408687,https://cdn.shopify.com/s/files/1/0653/3470/6391/files/PB2A5014-BD_3.webp?v=1756374856
9006538719447,"50-Inch Foot Clamp Pan and Box Brake, Light Duty Sheet Metal Folding Machine, 0–135° Bending Angle, 1.9"" Clamping Lift, 2"" Box Depth PBA5014",pba5014,MechMaxx,machine,"00precision, 01AAA, _ClogA05, BalckFriday, coupon, Foot Clamp Brake, Metalworking Machines, New Products, Sheet Metal & Fabrication, SMS",2025-08-28T02:50:18-07:00,2025-08-10T19:24:08-07:00,2026-07-20T11:17:45-07:00,500310,2899.00,3499.00,true,360152,https://cdn.shopify.com/s/files/1/0653/3470/6391/files/PBA5014-BD_1.webp?v=1756374630
8751754182871,50CFM Refrigerated Air Dryer 1Phase 115V For Air Compressor,50cfm-refrigerated-air-dryer-1phase-115v-for-air-compressor,MechMaxx,machine,"00C, 00renew, 01AAA, 02I-series, _ClogA09, AAA-pneu, AAA30, active, Air Dryer, bfsales0, coupon, MECHMAXX Brand, New Products, Pneumatic Equipment, Pneumatic Equipment & Accessories, sales, SMS",2024-11-03T23:42:42-08:00,2024-10-29T20:25:43-07:00,2026-07-20T11:17:45-07:00,300012,1249.00,1299.00,true,74843,https://cdn.shopify.com/s/files/1/0653/3470/6391/files/300012_Air_Dryer_M50AD115V-1.webp?v=1758796770
8751741862103,"50HP Rotary Screw Air Compressor - 220 CFM,  116 PSI,  230V 3-Phase | Industrial-Grade",220cfm-industrial-rotary-screw-air-compressor-50hp-116psi-230v-3phase,MechMaxx,machine,"00C, 00renew, 01AAA, 02I-series, _ClogA09, AAA-pneu, AAA30, active, Air Compressor, bfsales1, bfsales1-1127, coupon, MECHMAXX Brand, New Products, Pneumatic Equipment, Pneumatic Equipment & Accessories, sales, SMS",2024-11-03T23:55:22-08:00,2024-10-29T19:42:04-07:00,2026-07-20T11:17:45-07:00,300007,7299.00,7499.00,true,673585,https://cdn.shopify.com/s/files/1/0653/3470/6391/files/300007_Air_Compressor_M50AC230-2_50f05815-8281-40e5-8232-e48f19b2dd9a.webp?v=1758788838
8751742877911,"50HP Rotary Screw Air Compressor - 220 CFM,  116 PSI,  460V 3-Phase | Industrial-Grade",220cfm-industrial-rotary-screw-air-compressor-50hp-116psi-460v-3phase,MechMaxx,machine,"00C, 00renew, 01AAA, 02I-series, _ClogA09, AAA-pneu, AAA30, active, Air Compressor, bfsales1, bfsales1-1127, coupon, MECHMAXX Brand, Pneumatic Equipment, Pneumatic Equipment & Accessories, sales, SMS",2024-11-03T23:55:22-08:00,2024-10-29T19:49:12-07:00,2026-07-20T11:17:45-07:00,300008,7299.00,7499.00,true,673585,https://cdn.shopify.com/s/files/1/0653/3470/6391/files/300008_Air_Compressor_M50AC460-2.webp?v=1758788270
9006538490071,"52-inch 3-in-1 Heavy Duty Pan and Box Brake – Slip Roll, Shear, Bending Machine for Sheet Metal, 16 Gauge Mild Steel, Adjustable Fingers, Heavy Duty, Metalworking, Fabrication, Rolling, Bending MMCB5216",mmcb5216,MechMaxx,machine,"01AAA, _ClogA05, BalckFriday, Combination Shear Brake & Roll, coupon, Metalworking Machines, Sheet Metal & Fabrication, SMS, soldout",2025-08-28T02:05:54-07:00,2025-08-10T19:23:26-07:00,2026-07-20T11:17:45-07:00,500309,2779.00,3500.00,false,210013,https://cdn.shopify.com/s/files/1/0653/3470/6391/files/5220-zt-bd.webp?v=1756371624
9006538424535,"52-inch 3-in-1 Pan and Box Brake – Slip Roll, Shear, Bending Machine for Sheet Metal, 20 Gauge Mild Steel, Adjustable Fingers, Heavy Duty, Metalworking, Fabrication, Rolling, Bending MMCB5220",mmcb5220,MechMaxx,machine,"00precision, 01AAA, _ClogA05, BalckFriday, Combination Shear Brake & Roll, coupon, Metalworking Machines, New Products, Sheet Metal & Fabrication, SMS",2025-08-28T01:20:12-07:00,2025-08-10T19:23:07-07:00,2026-07-20T11:17:45-07:00,500308,2449.00,3299.00,true,356977,https://cdn.shopify.com/s/files/1/0653/3470/6391/files/MMCB5220R-ZT_4.webp?v=1756369207
8960823886039,"53 CFM Compressed Air Oil-Water Separator Precision Filter,0.01μm,Oil Content 0.001ppm, With Auto Drain, Pressure Indicator",53-cfm-compressed-air-oil-water-separator-precision-filter-0-01μm-oil-content-0-001ppm-with-auto-drain-pressure-indicator,MechMaxx,accessories,"01BBB, Air Compressor Accessories, Compressed Air Filter, SMS",2025-07-08T01:29:36-07:00,2025-07-02T23:57:49-07:00,2026-07-20T11:17:45-07:00,480053,179.99,,true,1089,https://cdn.shopify.com/s/files/1/0653/3470/6391/files/480053.webp?v=1751684113
8960823034071,"53 CFM Compressed Air Oil-Water Separator Precision Filter,0.01μm,Oil Content 0.01ppm, With Auto Drain, Pressure Indicator",53-cfm-compressed-air-oil-water-separator-precision-filter-0-01μm-oil-content-0-01ppm-with-auto-drain-pressure-indicator,MechMaxx,accessories,"01BBB, Air Compressor Accessories, Compressed Air Filter, SMS",2025-07-08T01:29:36-07:00,2025-07-02T23:57:00-07:00,2026-07-20T11:17:45-07:00,480052,179.99,,true,1089,https://cdn.shopify.com/s/files/1/0653/3470/6391/files/480052.webp?v=1751683254
8960819855575,"53 CFM Compressed Air Oil-Water Separator Precision Filter,1μm,Oil Content 1ppm, With Auto Drain, Pressure Indicator",53-cfm-compressed-air-oil-water-separator-precision-filter-1μm-oil-content-1ppm-with-auto-drain-pressure-indicator,MechMaxx,accessories,"01BBB, Air Compressor Accessories, Compressed Air Filter, SMS",2025-07-08T01:29:35-07:00,2025-07-02T23:54:15-07:00,2026-07-20T11:17:45-07:00,480051,179.99,,true,1089,https://cdn.shopify.com/s/files/1/0653/3470/6391/files/480051_5.webp?v=1751683062
9123715449047,"53 in Rotary Tiller,  3 Point Hitch Cat.1,  Chain Drive,  PTO Shaft Included with Shear Bolt,  18-35 HP,  LRT53",53-in-rotary-tiller-3-point-hitch-cat-1-chain-drive-pto-shaft-included-with-shear-bolt-18-35-hp-lrt53,MechMaxx,machine,"00growth, 01AAA, 0zs, _ClogA02, coupon, Rotary Tillers, Tillage, Tractor Implements & Attachments",2026-02-10T00:33:47-08:00,2025-12-01T18:09:00-08:00,2026-07-20T11:17:45-07:00,201106,1819.00,2419.00,false,192500,https://cdn.shopify.com/s/files/1/0653/3470/6391/files/201106_1.webp?v=1770706239
9291184668887,"53'' 3-Point Drum Mower for Tractor, 25-40HP Tractor, DM53",53-3-point-drum-mower-for-tractor-25-40hp-tractor-dm53,MechMaxx,machine,"00growth, 01AAA, 02B-series, 02F-series, _ClogA02, _ClogA06, active, coupon, Drum Mower, hay equipment, MECHMAXX Brand, on-sale, sales, SMS, Tractor",2026-06-17T21:04:12-07:00,2026-06-06T00:35:46-07:00,2026-07-20T11:17:45-07:00,150235,2199.00,2599.00,true,215003,https://cdn.shopify.com/s/files/1/0653/3470/6391/files/DiscMowerdm53-_3.webp?v=1781513317
9131464425687,53.5″ Wide CB-H2 Horizontal Laminar Flow Clean Bench with HEPA Filtration & UV Sterilization | ISO Class 5,cb-h2,MechMaxx,,"00renew, 01AAA, _ClogA10, Clean Bench, coupon, Laboratory Equipment & Supplies, Laminar Flow Air Clean Bench, New Products",2026-02-02T06:03:06-08:00,2025-12-10T01:02:46-08:00,2026-07-20T11:17:45-07:00,321003,2249.00,,true,129727,https://cdn.shopify.com/s/files/1/0653/3470/6391/files/321003_18.webp?v=1768901389
9131464523991,53.5″ Wide CB-V2 Vertical Laminar Flow Clean Bench with HEPA Filtration & UV Sterilization | ISO Class 5,cb-v2,MechMaxx,,"00renew, 01AAA, _ClogA10, Clean Bench, coupon, Laboratory Equipment & Supplies, Laminar Flow Air Clean Bench, New Products",2026-02-02T06:03:06-08:00,2025-12-10T01:03:16-08:00,2026-07-20T11:17:45-07:00,321004,2249.00,,true,0,https://cdn.shopify.com/s/files/1/0653/3470/6391/files/321004.webp?v=1768903064
8893591814359,57'' Hydraulic  Mini Skid Steer Dozer Blade,57-inch-hydraulic-mini-skid-steer-dozer-blade,MechMaxx,machine,"01AAA, 02D--series, _ClogA04, AAA15, AAA15skid, active, CROBA Brand, Dozer Blade for 101000, Mini Skid Steer Attachments, Mini Track Loader Attachments, sales, SMS",2025-04-28T05:13:55-07:00,2025-04-23T19:43:52-07:00,2026-07-20T11:17:45-07:00,150520,1999.00,2399.00,true,174179,https://cdn.shopify.com/s/files/1/0653/3470/6391/files/57_HydraulicMiniSkidSteerDozerBlade-_2.webp?v=1768449640
9131465310423,57.5″ Wide CB-H2Pro Horizontal Laminar Flow Clean Bench with HEPA Filtration & UV Sterilization | ISO Class 5,cb-h2pro,MechMaxx,,"00renew, 01AAA, 321007, _ClogA10, Clean Bench, coupon, Laboratory Equipment & Supplies, Laminar Flow Air Clean Bench, New Products",2026-02-03T02:21:41-08:00,2025-12-10T01:05:25-08:00,2026-07-20T11:17:45-07:00,321007,3199.00,,true,184612,https://cdn.shopify.com/s/files/1/0653/3470/6391/files/321007.webp?v=1770033696
9131465572567,57.5″ Wide CB-V2Pro Vertical Laminar Flow Clean Bench with HEPA Filtration & UV Sterilization | ISO Class 5,cb-v2pro,MechMaxx,,"00renew, 01AAA, _ClogA10, Clean Bench, coupon, Laboratory Equipment & Supplies, Laminar Flow Air Clean Bench, New Products, on-sale",2026-02-02T06:03:04-08:00,2025-12-10T01:06:03-08:00,2026-07-20T11:17:45-07:00,321008,3299.00,,true,184612,https://cdn.shopify.com/s/files/1/0653/3470/6391/files/321008.webp?v=1770034453
8760693588183,"59"" Multi-purpose Hydraulic Rotating Log Grapple For Mini Skid Steer, 1500lbs Lift Capacity, 360° Rotational Ability",150502-mini-skid-steer-grapple,MechMaxx,machine,"01AAA, 02D--series, _ClogA04, AAA15, AAA15skid, active, bfsales2-1127, CROBA Brand, Mini Grapple, Mini Log Grapple, Mini Skid Steer Attachments, Mini Track Loader Attachments, SMS",2024-11-19T00:27:32-08:00,2024-11-11T23:22:16-08:00,2026-07-20T11:17:45-07:00,150502,2699.00,3399.00,true,185519,https://cdn.shopify.com/s/files/1/0653/3470/6391/files/RLG61--_14.webp?v=1768457489
9229052641495,"59"" Portable Industrial Fan with Variable High-Efficiency PMSM Motor,Mobile High Volume Floor Fan for Warehouse,Workshop & Gym",portable-industrial-fan-mf-59,MechMaxx,machine,"01AAA, blowout, HVAC, Material Handling Equipments, New Products, Portable Industrial Fan",2026-05-13T20:11:35-07:00,2026-03-30T19:25:30-07:00,2026-07-20T11:17:45-07:00,331002,2499.00,,true,163293,https://cdn.shopify.com/s/files/1/0653/3470/6391/files/310002.webp?v=1778650031
9229053526231,"59"" Portable Industrial Fan with Variable High-Efficiency PMSM Motor,Tiltable Mobile High Volume Floor Fan for Warehouse,Workshop & Gym",portable-industrial-fan-mf-59t,MechMaxx,machine,"01AAA, blowout, HVAC, Material Handling Equipments, New Products, Portable Industrial Fan",2026-05-13T20:11:36-07:00,2026-03-30T19:26:14-07:00,2026-07-20T11:17:45-07:00,331003,2699.00,,true,175087,https://cdn.shopify.com/s/files/1/0653/3470/6391/files/331003_22.webp?v=1778665650
8401004921047,"5FT 3-Point Gear Drive Rotary Tiller, 25-50HP Tractor, PTO Shaft Included (With Slip Clutch), Cat. 1 &2 Hookup , RT500",rotary-tiller-60,MechMaxx,machine,"01AAA, 02B-series, coupon, MECHMAXX Brand, PTO Rotary Tiller, Rotary Tillers, SMS, soldout, Tillage, Tractor, Tractor Implements & Attachments",2026-02-04T04:23:08-08:00,2024-04-15T18:45:36-07:00,2026-07-20T11:17:45-07:00,150192,2499.00,2999.00,false,359699,https://cdn.shopify.com/s/files/1/0653/3470/6391/files/76125def500f6ea993ffbe52389ceafd.webp?v=1719536722
9232981295319,5PC HSS CENTER DRILLS SET for SKU: 500200 | Model: VM18L SKU: 500201 | Model: VM18LD SKU: 500202 | Model: VM25L SKU: 500203 | Model: VM25LD SKU: 500204 | Model: VM32L SKU: 500205 | Model: VM32LD,5pc-hss-center-drills-set-for-sku-500200-model-vm18l-sku-500201-model-vm18ld-sku-500202-model-vm25l-sku-500203-model-vm25ld-sku-500204-model-vm32l-sku-500205-model-vm32ld,MechMaxx,accessories,"01BBB, 1030V, 500005, Metal Lathe Machine, Metalworking Machines part, Spare Parts",2026-04-02T21:23:43-07:00,2026-04-02T21:22:00-07:00,2026-07-20T11:17:45-07:00,485481,30.00,,true,249,https://cdn.shopify.com/s/files/1/0653/3470/6391/files/485481_DSC09379.webp?v=1775190225
8268343804119,"6 inch E-start B&S VANGUARD 408cc 14hp Gasoline Engine Powered Drum Wood Chipper ,  P4206",110801deposit-6-inch-e-start-b-s-vanguard-408cc-14hp-gasoline-engine-powered-drum-wood-chipper-model-p4206,MechMaxx,machine,"00renew, 01AAA, 02A-series, 6 in Wood Chipper, _ClogA01, AAA11, blackfriday, coupon, HOME&GARDEN, MECHMAXX Brand, sales, SMS, Wood Chipper",2024-04-19T09:39:54-07:00,2024-02-09T11:24:32-08:00,2026-07-20T11:17:45-07:00,110801,2799.00,2799.00,true,285310,https://cdn.shopify.com/s/files/1/0653/3470/6391/files/110801-Wood_Chipper_P4206_vanguard_red.webp?v=1733965554
8781026787543,"6 inch E-start B&S VANGUARD 408cc 14hp Gasoline Engine Powered Drum Wood Chipper,   P4206",6-inch-e-start-b-s-vanguard-408cc-14hp-gasoline-engine-powered-drum-wood-chipper-p4206-110801y,MechMaxx,machine,"00renew, 01AAA, 02A-series, 6 in Wood Chipper, _ClogA01, AAA11, blackfriday, coupon, HOME&GARDEN, MECHMAXX Brand, sales, SMS, Wood Chipper",2024-12-20T19:54:58-08:00,2024-12-11T17:05:42-08:00,2026-07-20T11:17:45-07:00,110801Y,2799.00,2999.00,true,285310,https://cdn.shopify.com/s/files/1/0653/3470/6391/files/woodchipper-110801Y-_7.webp?v=1779356216
8646465814743,"6 inch E-start Zonsen 420cc 13.4hp Gas Powered 4 - Wheel Drum Wood Chipper with Taillight ,  B150",6-inch-e-start-ducar-420cc-15hp-gas-powered-4-wheel-drum-wood-chipper-with-taillight-b150,MechMaxx,machine,"00renew, 01AAA, 02A-series, 6 in Wood Chipper, _ClogA01, AAA11, blackfriday, coupon, HOME&GARDEN, MECHMAXX Brand, sales, SMS, Wood Chipper",2024-12-24T00:22:06-08:00,2024-07-23T01:56:39-07:00,2026-07-20T11:17:45-07:00,110803Y,2599.00,2799.00,true,289846,https://cdn.shopify.com/s/files/1/0653/3470/6391/files/110803Y.-01.webp?v=1774925116
8423163920599,"6 inch E-start ZONSEN 420cc 13.4hp Gasoline Engine Powered Drum Wood Chipper ,  P4206",gasoline-engine-self-feeding-wood-shredder-chipper-p4206rato,MechMaxx,machine,"00renew, 01AAA, 02A-series, 6 in Wood Chipper, _ClogA01, AAA11, bfsales1, bfsales1-1127, blackfriday, coupon, HOME&GARDEN, MECHMAXX Brand, sales, SMS, Wood Chipper",2024-04-19T09:39:54-07:00,2024-04-19T06:41:41-07:00,2026-07-20T11:17:45-07:00,110802,2399.00,2399.00,true,263991,https://cdn.shopify.com/s/files/1/0653/3470/6391/files/WoodChipperP4206--_8_303f496c-eb08-4e6f-9cd6-74990111830a.webp?v=1784526464
8689387012311,"6 inch E-start ZONSEN 420cc 13.4hp Gasoline Engine Powered Drum Wood Chipper ,  P4206",6-inch-e-start-ducar-420cc-15hp-gasoline-engine-powered-drum-wood-chipper-p4206,MechMaxx,machine,"00renew, 01AAA, 02A-series, 6 in Wood Chipper, _ClogA01, AAA11, bfsales1, bfsales1-1127, blackfriday, coupon, HOME&GARDEN, MECHMAXX Brand, sales, SMS, Wood Chipper",2024-09-01T23:46:43-07:00,2024-09-01T18:48:13-07:00,2026-07-20T11:17:45-07:00,110802R,2399.00,2599.00,true,263991,https://cdn.shopify.com/s/files/1/0653/3470/6391/files/Woodchipperp4206red-_13.webp?v=1784168741
8426687594711,"6 inch E-start ZONSEN 420cc 13.4hp Gasoline Engine Powered Drum Wood Chipper,  P4206",6-inch-e-start-ducar-420cc-15hp-gasoline-engine-powered-drum-wood-chipper-model-p4206,MechMaxx,machine,"00renew, 01AAA, 02A-series, 6 in Wood Chipper, _ClogA01, AAA11, blackfriday, coupon, HOME&GARDEN, MECHMAXX Brand, sales, SMS, Wood Chipper",2024-05-24T22:42:52-07:00,2024-04-21T23:05:52-07:00,2026-07-20T11:17:45-07:00,110802Y,2399.00,2599.00,true,263991,https://cdn.shopify.com/s/files/1/0653/3470/6391/files/WoodChipperP4206-yellow-_4.webp?v=1784273268
8614825853143,"6 inch HONDA E-Start Gasoline Engine Powered 4 - Wheel Drum Wood Chipper with Taillight ,  B150",6-inch-honda-gasoline-engine-powered-4-wheel-drum-wood-chipper-with-taillight-b150,MechMaxx,machine,"00renew, 01AAA, 02A-series, 6 in Wood Chipper, _ClogA01, AAA11, blackfriday, coupon, HOME&GARDEN, Honda, MECHMAXX Brand, sales, SMS, Wood Chipper",2024-07-08T01:26:47-07:00,2024-06-30T20:49:50-07:00,2026-07-20T11:17:45-07:00,110805,3499.00,3499.00,true,283042,https://cdn.shopify.com/s/files/1/0653/3470/6391/files/B150Honda--_14.webp?v=1737539854
8268358287575,"6 inch KOHLER E-Start 429cc 14HP Gas Powered 4 - Wheel Drum Wood Chipper with Taillight ,  B150",6-inch-e-start-kohler-429cc-14hp-gas-powered-4-wheel-drum-wood-chipper-with-taillight-b150,MechMaxx,machine,"00renew, 01AAA, 02A-series, 6 in Wood Chipper, _ClogA01, AAA11, bfsales1, bfsales1-1127, blackfriday, coupon, HOME&GARDEN, MECHMAXX Brand, sales, SMS, Wood Chipper",2024-04-19T09:39:54-07:00,2024-02-09T12:08:58-08:00,2026-07-20T11:17:45-07:00,110804,2999.00,2999.00,true,299371,https://cdn.shopify.com/s/files/1/0653/3470/6391/files/woodchipperB150Kohlerred-_19.webp?v=1719988917
8749626491095,"6 inch KOHLER E-Start 429cc 14HP Gasoline Engine Powered Drum Wood Chipper , P4206",6-inch-kohler-e-start-429cc-14hp-gasoline-engine-powered-drum-wood-chipper-p4206,MechMaxx,machine,,2025-08-11T03:22:38-07:00,2024-10-25T20:15:52-07:00,2026-07-20T11:17:45-07:00,110800,2699.00,2699.00,false,285310,https://cdn.shopify.com/s/files/1/0653/3470/6391/files/P4206-kohler-_8.webp?v=1730086098
8423091601623,"6 inch ZONSEN E-Start 459cc 15hp Gas Powered 4 - Wheel Drum Wood Chipper with Taillight ,  B150",6-inch-e-start-rato-420cc-15hp-gas-powered-4-wheel-drum-wood-chipper-with-taillight-model-b150,MechMaxx,machine,"00renew, 01AAA, 02A-series, 6 in Wood Chipper, _ClogA01, AAA11, blackfriday, coupon, HOME&GARDEN, MECHMAXX Brand, sales, SMS, Wood Chipper",2024-04-19T09:39:54-07:00,2024-04-19T05:36:57-07:00,2026-07-20T11:17:45-07:00,110803,2599.00,2599.00,true,293021,https://cdn.shopify.com/s/files/1/0653/3470/6391/files/B150ducarred--_16.webp?v=1748238825
8564529692887,"6 Ton Heavy Duty Jack Stand, 1 Pair, Blue",6-ton-heavy-duty-jack-stand-1-pair-blue,MechMaxx,accessories,"00Z, 01BBB, 0ZS, AAA20, Accessories, Automotive Equipment & Tools, SMS, Tire Changer, Tire Changer Accessories & Parts, Vehicle Equipment & Tools",2024-06-19T20:15:45-07:00,2024-06-06T02:48:16-07:00,2026-07-20T11:17:45-07:00,200012,79.99,89.00,false,10433,https://cdn.shopify.com/s/files/1/0653/3470/6391/files/200012.webp?v=1736820721
8084676575447,"6"" 3 Point Hydraulic Feeding PTO Wood Chipper for 20-50HP Tractor,  WC68H",6in-20-50-hp-3-point-hydraulic-wood-chipper-for-tractors-wc68h,MechMaxx,machine,"01AAA, 02B-series, _ClogA02, _ClogA03, bfsales2-1127, blowout, coupon, Hydraulic PTO Wood Chipper, MECHMAXX Brand, Pto Wood Chipper, SMS, Tractor",2025-11-14T00:53:32-08:00,2023-07-29T02:12:56-07:00,2026-07-20T11:17:45-07:00,150180,2699.00,3499.00,true,362874,https://cdn.shopify.com/s/files/1/0653/3470/6391/files/ptowoodchipperwc68h-_5.webp?v=1764554930
8971111661783,"6""x20'' Benchtop Mill Drill Machine with DRO Brushless Motor, Variable Speed, R8 Spindle, 1 HP, 110V, Compact Milling Drilling Tool for Garage Shop, DIY Metalworking without Stand VM18LD",6x20-benchtop-mill-drill-machine-with-dro-variable-speed-r8-spindle-1-hp-110v-compact-milling-drilling-tool-for-garage-shop-diy-metalworking-without-stand,MechMaxx,machine,"00precision, 01AAA, _ClogA05, coupon, Drills & Mills, MECHMAXX Brand, Metalworking Machines, Mill/Drill Machine, Milling Machines, SMS",2025-07-13T17:15:01-07:00,2025-07-13T17:15:00-07:00,2026-07-20T11:17:45-07:00,500201,1799.00,2199.00,true,97069,https://cdn.shopify.com/s/files/1/0653/3470/6391/files/500200_19.jpg?v=1752502304
9153810661591,"6""x20'' Benchtop Mill Drill Machine, Variable Speed, R8 Spindle, 1 HP, 110V, Brushless Motor Compact Milling Drilling Tool for Garage Shop",6x20-benchtop-mill-drill-machine-variable-speed-r8-spindle-1-hp-110v-brushless-motor-compact-milling-drilling-tool-for-garage-shop,MechMaxx,machine,"SMS, soldout",2026-01-13T00:19:12-08:00,2026-01-13T00:19:12-08:00,2026-07-20T11:17:45-07:00,500200-1,1499.00,1799.00,false,92079,https://cdn.shopify.com/s/files/1/0653/3470/6391/files/500200_4_38c431e9-acaa-473b-a894-6f7b7fad9195.jpg?v=1752220007
8969925132503,"6""x20'' Benchtop Mill Drill Machine, Variable Speed, R8 Spindle, 1 HP, 110V, Brushless Motor Compact Milling Drilling Tool for Garage Shop, DIY Metalworking without Stand VM18L",6x20-benchtop-mill-drill-machine-variable-speed-r8-spindle-1-hp-110v-compact-milling-drilling-tool-for-garage-shop-diy-metalworking-without-stand,MechMaxx,machine,"00precision, 01AAA, _ClogA05, coupon, Drills & Mills, MECHMAXX Brand, Metalworking Machines, Mill/Drill Machine, Milling Machines, SMS",2025-07-11T00:46:12-07:00,2025-07-11T00:46:10-07:00,2026-07-20T11:17:45-07:00,500200,1499.00,1799.00,true,92079,https://cdn.shopify.com/s/files/1/0653/3470/6391/files/500200_4_38c431e9-acaa-473b-a894-6f7b7fad9195.jpg?v=1752220007
9122428747991,"6.5 HP Tamping Rammer with Wheel Kit, 2700 lb Impact Force Jumping Jack Tamper Compactor for Soil, Gravel, Backfill and Foundation, TR90L",tamping-rammer-tr90l,MechMaxx,machine,"01AAA, 0zs, Construction Equipment, New Products, Tamping Rammers",2026-06-12T03:16:31-07:00,2025-12-01T00:05:49-08:00,2026-07-20T11:17:45-07:00,205002L,1299.00,1499.00,true,81647,https://cdn.shopify.com/s/files/1/0653/3470/6391/files/TR90L_10.webp?v=1780556884
9123722920151,"60 in Orchard Finish Mower,  3 Point Hitch Cat.1,  Hydraulic Offset,  PTO Shaft Included with Shear Bolt,  20-45 HP,  FMS60",60-in-orchard-finish-mower-3-point-hitch-cat-1-hydraulic-offset-pto-shaft-included-with-shear-bolt-20-45-hp-fms60,MechMaxx,machine,"00growth, 01AAA, 0zs, 60-72 inch Orchard Finish Mowers, _ClogA02, Orchard Finish Mower, PTO Finishing Mowers, Tractor Implements & Attachments",2026-02-24T00:03:44-08:00,2025-12-01T18:15:07-08:00,2026-07-20T11:17:45-07:00,201123,2999.00,3799.00,false,367496,https://cdn.shopify.com/s/files/1/0653/3470/6391/files/60_orchard_finish_mower_6.webp?v=1771148136
9123717415127,"60 in Rotary Tiller,  3 Point Hitch Cat.1 & 2,  Gear Drive,  PTO Shaft Included with Slip Clutch,  30-60 HP,  MRT60",60-in-rotary-tiller-3-point-hitch-cat-1-2-gear-drive-pto-shaft-included-with-slip-clutch-30-60-hp-mrt60,MechMaxx,machine,"00growth, 01AAA, 0zs, _ClogA02, coupon, New Products, on-sale, Rotary Tillers, Tillage, Tractor Implements & Attachments",2026-02-04T04:10:46-08:00,2025-12-01T18:10:43-08:00,2026-07-20T11:17:45-07:00,201112,2599.00,3399.00,true,433330,https://cdn.shopify.com/s/files/1/0653/3470/6391/files/60_Medium_Duty_Rotary_Tiller_20.webp?v=1770867674
8767281529047,"60"" 3 Point PTO Snow Blower 24"" Impeller Diameter 360° Snow Chute (PTO Shaft Included with Slip Clutch),  25-65 HP,  TSB60",mechmaxx-60-3-point-hitch-snow-blower-pto-driven-for-18-30-hp-tractors-tsb60,MechMaxx,machine,"00renew, 00Z, 01AAA, 02B-series, 0LimitedTimeOffer, 0ZS, _ClogA02, active, Clearance Sale, coupon, MECHMAXX Brand, sales, SMS, Snow Blower, Tractor",2024-11-22T16:53:44-08:00,2024-11-20T22:42:43-08:00,2026-07-20T11:17:45-07:00,201015,2399.00,3499.00,true,398708,https://cdn.shopify.com/s/files/1/0653/3470/6391/files/Snow_blower_TSB60_3.webp?v=1759245384
8969839739095,"60"" 3 Point PTO Snow Blower 24"" Impeller Diameter 360° Snow Chute (PTO Shaft Included with Slip Clutch),  25-65 HP,  TSB60T",60-3-point-hitch-snow-blower-pto-driven-for-hp-tractors-tsb60t,MechMaxx,machine,"00renew, 00Z, 01AAA, 02B-series, 0LimitedTimeOffer, 0ZS, _ClogA02, active, Clearance Sale, coupon, MECHMAXX Brand, sales, SMS, Snow Blower, Tractor",2025-09-30T21:18:36-07:00,2025-07-10T23:27:56-07:00,2026-07-20T11:17:45-07:00,201015T,2399.00,3499.00,false,398708,https://cdn.shopify.com/s/files/1/0653/3470/6391/files/Snow_blower_TSB60T_3.webp?v=1759239966
9030914932951,"60"" 6-Way Rear Blade 3 Point Hitch Tractor Attachment,  RB60S",grader-blade-rb60s,MechMaxx,machine,"01AAA, 0zs, _ClogA02, coupon, Landscaping, Rear Blades, SMS, Tractor Implements & Attachments",2025-11-25T19:26:22-08:00,2025-09-09T23:46:40-07:00,2026-07-20T11:17:45-07:00,201036,1359.00,1659.00,true,150139,https://cdn.shopify.com/s/files/1/0653/3470/6391/files/60_6-Way_Rear_Blade.webp?v=1763780560
8887452238039,"60"" Box Blade Scraper with 5 Shanks 3 Point Hitch Tractor Attachment,  BB60",60-box-blade-tractor-attachment,MechMaxx,machine,"01AAA, 0zs, _ClogA02, bfsales0, Box Blades, coupon, Landscaping, SMS, soldout, Tractor Implements & Attachments",2025-05-06T17:58:30-07:00,2025-04-15T09:06:43-07:00,2026-07-20T11:17:45-07:00,201019,1249.00,1649.00,true,189148,https://cdn.shopify.com/s/files/1/0653/3470/6391/files/DSC07554.webp?v=1745767710
9175167500503,"60"" Cultipacker with 26 Ductile Iron Wheels,  Scraper Bar Included,  Category 1 and 2,  3 Point Hitch Tractor Attachment,  TCP1060",60-cultipacker,MechMaxx,machine,"01AAA, 0zs, _ClogA02, Cultipackers, Tillage, Tractor Implements & Attachments",2026-03-07T03:24:38-08:00,2026-02-04T18:08:17-08:00,2026-07-20T11:17:45-07:00,201131,1799.00,2199.00,false,232239,https://cdn.shopify.com/s/files/1/0653/3470/6391/files/60_Cultipacker_18.webp?v=1772701676
9120476102871,"60"" Drum Spike Aerator Cat. 1 3-Point Hitch Tractor Attachment, DSA60",60-drum-spike-aerator-tractor-attachment,MechMaxx,machine,"01AAA, 0zs, _ClogA02, coupon, Drum Plug Aerator, Tractor Implements & Attachments",2025-12-23T02:45:25-08:00,2025-11-28T01:36:30-08:00,2026-07-20T11:17:45-07:00,201046,899.00,1199.00,true,106141,https://cdn.shopify.com/s/files/1/0653/3470/6391/files/60_Drum_Spike_Aerator.webp?v=1766211108
9030915260631,"60"" Heavy Duty 6-Way Rear Blade 3 Point Hitch Tractor Attachment,  RB60SE",heavy-duty-grader-blade-rb60se,MechMaxx,machine,"00growth, 00renew, 01AAA, 0zs, _ClogA02, coupon, Landscaping, Rear Blades, SMS, Tractor Implements & Attachments",2025-11-25T19:29:11-08:00,2025-09-09T23:48:13-07:00,2026-07-20T11:17:45-07:00,201039,1699.00,1999.00,true,264898,https://cdn.shopify.com/s/files/1/0653/3470/6391/files/60_Heavy_Duty_6-Way_Rear_Blade.webp?v=1763780560
9175164944599,"60"" Heavy Duty Soil Pulverizer,  Double Spiked Roller,  21 Shanks,  Category 1 and 2,  3 Point Hitch Tractor Attachment,  TSP60D",60-soil-pulverizer-two-roller,MechMaxx,machine,"01AAA, 0zs, _ClogA02, Soil Pulverizers, Tillage, Tractor Implements & Attachments",2026-03-07T03:24:40-08:00,2026-02-04T18:04:05-08:00,2026-07-20T11:17:45-07:00,201128,2399.00,2999.00,false,373987,https://cdn.shopify.com/s/files/1/0653/3470/6391/files/60_Soil_Pulverizer_double_3.webp?v=1772784188
9175164453079,"60"" Heavy Duty Soil Pulverizer,  Single Spiked Roller,  21 Shanks,  Category 1 and 2,  3 Point Hitch Tractor Attachment,  TSP60",60-soil-pulverizer-one-roller,MechMaxx,,"01AAA, 0zs, _ClogA02, on-sale, Soil Pulverizers, Tillage, Tractor Implements & Attachments",2026-03-07T03:24:41-08:00,2026-02-04T18:01:47-08:00,2026-07-20T11:17:45-07:00,201125,1899.00,1599.00,false,306175,https://cdn.shopify.com/s/files/1/0653/3470/6391/files/60_Soil_Pulverizer.webp?v=1772847551
8969963602135,"60"" Snow Blower Replacement Cutting Blade (for SKU: 201015, 201015T)",60-snow-blower-replacement-cutting-blade,MechMaxx,accessories,"00Z, 01BBB, 0ZS, 201015, active, other spare part, SMS, Snow Blower, Tractor Implements & Attachments part",2025-11-13T23:24:48-08:00,2025-07-11T02:45:18-07:00,2026-07-20T11:17:45-07:00,461130,229.99,249.99,true,14288,https://cdn.shopify.com/s/files/1/0653/3470/6391/files/60_cutting_blade_1.webp?v=1763101711
8969871720663,"60"" Snow Blower Transmission Shaft Kit (for SKU: 201015, 201015T)",tsb60-drive-as-torque-limiter,MechMaxx,accessories,"00Z, 01BBB, 0ZS, 201015, active, other spare part, SMS, Snow Blower, Tractor Implements & Attachments part",2025-10-19T22:51:56-07:00,2025-07-10T23:43:14-07:00,2026-07-20T11:17:45-07:00,461034,199.99,249.99,true,7711,https://cdn.shopify.com/s/files/1/0653/3470/6391/files/461034-1.webp?v=1757570137
7937843331287,"60"" Standard 3Point Offset Flail Ditch Bank Mower,  25-60HP,  VAM60",mechmaxx-3point-flail-mower-vam57,MechMaxx,machine,"00growth, 01AAA, 02B-series, _ClogA02, All Flail Mowers, blackfriday, coupon, Flail Mower, MECHMAXX Brand, Mower, PTO Flail Mower, sales, SMS, Standard Ditch Bank Flail Mowers, Tractor",2023-05-22T20:24:22-07:00,2023-03-29T01:59:48-07:00,2026-07-20T11:17:45-07:00,150144,2699.00,3599.00,true,340194,https://cdn.shopify.com/s/files/1/0653/3470/6391/files/VAM60mower--_20.webp?v=1726650406
9171000623319,"60"" Standard 3Point Offset Flail Ditch Bank Mower,  25-60HP,  VAM60",60-standard-3point-offset-flail-ditch-bank-mower-25-60hp-vam60,MechMaxx,machine,"00growth, 01AAA, 02B-series, _ClogA02, All Flail Mowers, coupon, Flail Mower, MECHMAXX Brand, Mower, PTO Flail Mower, SMS, Standard Ditch Bank Flail Mowers, Tractor",2026-02-05T01:57:02-08:00,2026-01-29T19:24:16-08:00,2026-07-20T11:17:45-07:00,150144G,2699.00,3599.00,true,340194,https://cdn.shopify.com/s/files/1/0653/3470/6391/files/FlailmowerVAM60--_41.webp?v=1769743567
8534546055383,"60"" Tractor Notched Disc Harrow Disc Plow 3 Point Hitch,  DH60",60-tractor-notched-disc-harrow-disc-plow-3-point-hitch,MechMaxx,machine,"00growth, 00Z, 01AAA, 02B-series, 0zs, _ClogA02, AAA20, coupon, Disc Harrows, MECHMAXX Brand, Plow, sales, SMS, Tillage, Tractor, Tractor Implements & Attachments",2024-06-19T20:03:06-07:00,2024-05-28T00:24:12-07:00,2026-07-20T11:17:45-07:00,201006,1699.00,,true,255826,https://cdn.shopify.com/s/files/1/0653/3470/6391/files/206006.webp?v=1768984620
7937840480471,"60'' Light-duty Flail Mower 3 Point 15-35HP ,  PTO Driven,  EFS60",mechmaxx-3point-flail-mower-efs60,MechMaxx,machine,"00growth, 01AAA, 02B-series, _ClogA02, All Flail Mowers, blackfriday, coupon, Flail Mower, MECHMAXX Brand, Mower, PTO Flail Mower, sales, SMS, Standard Flail Mower, Tractor",2023-10-30T23:37:45-07:00,2023-03-29T01:56:41-07:00,2026-07-20T11:17:45-07:00,150135,1899.00,2169.00,true,334751,https://cdn.shopify.com/s/files/1/0653/3470/6391/files/EFS60-mower-_1.webp?v=1767593963
9176327028951,"60'' Light-duty Flail Mower 3 Point 15-35HP ,  PTO Driven,  EFS60",60-light-duty-flail-mower-3-point-15-35hp-pto-driven-efs60,MechMaxx,machine,"00growth, 01AAA, 02B-series, _ClogA02, All Flail Mowers, coupon, Flail Mower, MECHMAXX Brand, Mower, PTO Flail Mower, SMS, Standard Flail Mower, Tractor",2026-02-07T00:40:34-08:00,2026-02-06T01:32:41-08:00,2026-07-20T11:17:45-07:00,150135G,1899.00,2169.00,true,228157,https://cdn.shopify.com/s/files/1/0653/3470/6391/files/flailmowerefs60green-_9.webp?v=1770453605
7937841135831,"60'' PTO Driven Flail Mower 3 Point 30-60hp ,  NAM60",mechmaxx-3point-flail-mower-nam60,MechMaxx,machine,"00growth, 01AAA, 02B-series, _ClogA02, All Flail Mowers, blackfriday, coupon, Flail Mower, MECHMAXX Brand, Medium Duty Flail Mower, Mower, PTO Flail Mower, sales, SMS, Tractor",2023-05-16T18:44:22-07:00,2023-03-29T01:57:21-07:00,2026-07-20T11:17:45-07:00,150137,2499.00,2699.00,true,321143,https://cdn.shopify.com/s/files/1/0653/3470/6391/files/PTOmowerNam60--_5.webp?v=1764814542
8084538949847,"60”  Heavy Duty Skid Steer Brush Cutter Rotary Mower Attachment,15-25gal/min , SBC60",mechmaxx-extreme-duty-open-front-skid-steer-brush-cutter,MechMaxx,machine,"01AAA, 02E--series, _ClogA14, AAA15, AAA15skid, MECHMAXX Brand, Mower for Skid Steer, Skid Steer, Skid Steer Mower, SMS",2023-08-15T23:40:08-07:00,2023-07-28T00:00:44-07:00,2026-07-20T11:17:45-07:00,150177,3399.00,5999.00,false,434088,https://cdn.shopify.com/s/files/1/0653/3470/6391/files/mower150177-2.webp?v=1690527647
7937842151639,"60” PTO Flail Mower with Hydraulic Side Shift 3 Point 30-60hp , NAM60H",mechmaxx-3point-flail-mower-nam60h,MechMaxx,machine,"01AAA, AAA15, All Flail Mowers, coupon, MECHMAXX Brand, SMS, soldout",2024-11-23T04:14:10-08:00,2023-03-29T01:58:26-07:00,2026-07-20T11:17:45-07:00,150140,2399.00,2999.00,false,374214,https://cdn.shopify.com/s/files/1/0653/3470/6391/files/Flailmower150140-7.webp?v=1704448277
9052140142807,"62"" 3 Point Drum Filled Plug Aerator Fits Cat 1 And 2 Tractors,  DLA60",62-3-point-drum-filled-plug-aerator-fits-cat-1-and-2-tractors,MechMaxx,machine,"00growth, 01AAA, _ClogA02, coupon, Drum Plug Aerator, sales, Tractor Implements & Attachments",2025-09-30T02:56:46-07:00,2025-09-29T20:08:26-07:00,2026-07-20T11:17:45-07:00,150271,2699.00,3299.00,false,425923,https://cdn.shopify.com/s/files/1/0653/3470/6391/files/150271PlugAeratorDLA60_3.webp?v=1759217117
8960831193303,"63 CFM Compressed Air Oil-Water Separator Precision Filter,0.01μm,Oil Content 0.001ppm, With Auto Drain, Pressure Indicator",63-cfm-compressed-air-oil-water-separator-precision-filter-0-01μm-oil-content-0-001ppm-with-auto-drain-pressure-indicator,MechMaxx,accessories,"01BBB, Air Compressor Accessories, Compressed Air Filter, SMS",2025-07-08T01:29:39-07:00,2025-07-03T00:04:47-07:00,2026-07-20T11:17:45-07:00,480056,199.99,,true,1406,https://cdn.shopify.com/s/files/1/0653/3470/6391/files/480056_2.webp?v=1751684784
8960827261143,"63 CFM Compressed Air Oil-Water Separator Precision Filter,0.01μm,Oil Content 0.01ppm, With Auto Drain, Pressure Indicator",63-cfm-compressed-air-oil-water-separator-precision-filter-0-01μm-oil-content-0-01ppm-with-auto-drain-pressure-indicator,MechMaxx,accessories,"01BBB, Air Compressor Accessories, Compressed Air Filter, SMS",2025-07-08T01:29:38-07:00,2025-07-03T00:01:01-07:00,2026-07-20T11:17:45-07:00,480055,199.99,,true,1406,https://cdn.shopify.com/s/files/1/0653/3470/6391/files/480055.webp?v=1751684607
8960826147031,"63 CFM Compressed Air Oil-Water Separator Precision Filter,1μm,Oil Content 1ppm, With Auto Drain, Pressure Indicator",63-cfm-compressed-air-oil-water-separator-precision-filter-1μm-oil-content-1ppm-with-auto-drain-pressure-indicator,MechMaxx,accessories,"01BBB, Air Compressor Accessories, Compressed Air Filter, SMS",2025-07-08T01:29:37-07:00,2025-07-02T23:59:56-07:00,2026-07-20T11:17:45-07:00,480054,199.99,,true,1406,https://cdn.shopify.com/s/files/1/0653/3470/6391/files/480053_8a83859b-e537-4a29-9c78-6701496e45f0.webp?v=1751684296
9038417232087,"63"" Heavy Duty PTO Flail Mower with Hydraulic Side Shift 3 Point 50-75 hp,  KDK63H",63-heavy-duty-pto-flail-mower-with-hydraulic-side-shift-3-point-50-75-hp-kdk63h,MechMaxx,machine,"00growth, 01AAA, 02B-series, _ClogA02, All Flail Mowers, blackfriday, coupon, Flail Mower, Heavy Duty Flail Mower, Hydraulic Flail Mower, MECHMAXX Brand, Mower, on-sale, PTO Flail Mower, sales, SMS, Tractor",2025-09-25T19:50:47-07:00,2025-09-17T20:04:08-07:00,2026-07-20T11:17:45-07:00,150205,3599.00,4999.00,true,529796,https://cdn.shopify.com/s/files/1/0653/3470/6391/files/mowerKDK63H--_4.webp?v=1758524494
9066377248983,"63"" Wide Format Pneumatic Laminator Manual Cold Laminating Machine 60"" Max Laminating Width,Pneumatic Roller Lift & Wear-Resistant Rubber Roller Portable Stand Included, 0.78"" Max Thickness (Requires Air Compressor, Not Included) 1600-C1",https-mechmaxx-com-products-63-wide-format-laminator-manual-cold-laminating-machine-posters-1600-c1,MechMaxx,machine,"00precision, 01AAA, 63 inch Laminating Machines, _ClogA13, Advertising Equipments, coupon, Laminating Machines",2025-10-12T23:38:22-07:00,2025-10-09T20:11:27-07:00,2026-07-20T11:17:45-07:00,501017,1449.00,1799.00,true,129727,https://cdn.shopify.com/s/files/1/0653/3470/6391/files/501017_1600-C1.webp?v=1760337260
9066465263831,"63"" Wide Format Pneumatic Laminator Manual Cold Laminating Machine 60"" Max Laminating Width,Pneumatic Roller Lift Portable Stand Included, 0.78"" Max Thickness (Requires Air Compressor, Not Included) 1600-C2",https-mechmaxx-com-products-63-wide-format-laminator-manual-cold-laminating-machine-posters-1600-c2,MechMaxx,machine,"00precision, 01AAA, 63 inch Laminating Machines, _ClogA13, Advertising Equipments, BalckFriday, bfsales0, bfsales2-1127, coupon, Laminating Machines, New Products",2025-10-13T00:39:21-07:00,2025-10-09T23:22:02-07:00,2026-07-20T11:17:45-07:00,501018,1699.00,2199.00,true,129727,https://cdn.shopify.com/s/files/1/0653/3470/6391/files/501018_1600-C2.webp?v=1760339915
9066485154007,"63"" Wide Format Pneumatic Laminator Manual Cold Laminating Machine 60"" Max Laminating Width,Pneumatic Roller Lift Portable Stand Included, 0.78"" Max Thickness (Requires Air Compressor, Not Included) 1600-C3Pro",https-mechmaxx-com-products-63-wide-format-laminator-manual-cold-laminating-machine-posters-1600-c3pro,MechMaxx,machine,"00precision, 01AAA, 63 inch Laminating Machines, _ClogA13, Advertising Equipments, coupon, Laminating Machines",2025-10-13T00:45:44-07:00,2025-10-09T23:48:32-07:00,2026-07-20T11:17:45-07:00,501019,1799.00,2199.00,false,149685,https://cdn.shopify.com/s/files/1/0653/3470/6391/files/501019_1600-C3pro.webp?v=1760341375
9123722428631,"65 in Stone Burier Reverse Rotary Tiller,  3 Point Hitch Cat.1,  Chain Drive,  PTO Shaft Included with Slip Clutch,  30-55 HP,  RSB65",65-in-stone-burier-reverse-rotary-tiller-3-point-hitch-cat-1-chain-drive-pto-shaft-included-with-slip-clutch-30-55-hp-rsb65,MechMaxx,machine,"00growth, 01AAA, 0zs, _ClogA02, coupon, Rotary Tillers, Tillage, Tractor Implements & Attachments",2026-02-24T00:03:44-08:00,2025-12-01T18:14:44-08:00,2026-07-20T11:17:45-07:00,201121,3199.00,4199.00,false,433330,https://cdn.shopify.com/s/files/1/0653/3470/6391/files/65_stone_burier_1.webp?v=1771147890
7937843658967,"65"" Standard 3 Point Offset Flail Ditch Bank Mower,  30-60HP,  VAM65",mechmaxx-3point-flail-mower-vam65,MechMaxx,machine,"00growth, 01AAA, 02B-series, _ClogA02, All Flail Mowers, blackfriday, coupon, Flail Mower, MECHMAXX Brand, Mower, PTO Flail Mower, sales, SMS, Standard Ditch Bank Flail Mowers, Tractor",2023-05-17T02:00:57-07:00,2023-03-29T02:00:07-07:00,2026-07-20T11:17:45-07:00,150145,2999.00,3899.00,true,379203,https://cdn.shopify.com/s/files/1/0653/3470/6391/files/vam65mower--_8.webp?v=1737527214
9171030933719,"65"" Standard 3 Point Offset Flail Ditch Bank Mower, 30-60HP, VAM65",65-standard-3-point-offset-flail-ditch-bank-mower-30-60hp-vam65,MechMaxx,machine,"00growth, 01AAA, 02B-series, _ClogA02, All Flail Mowers, blackfriday, coupon, Flail Mower, MECHMAXX Brand, Mower, PTO Flail Mower, sales, SMS, Standard Ditch Bank Flail Mowers, Tractor",2026-05-05T20:55:53-07:00,2026-01-29T19:51:21-08:00,2026-07-20T11:17:45-07:00,150145G,2999.00,3899.00,true,379203,https://cdn.shopify.com/s/files/1/0653/3470/6391/files/flailmowerVAM65-green-_8.webp?v=1768552558
9050092568791,"65"" Wide Format Full-Auto Cold & Heat Assisted Pneumatic Laminator Machine with 4 Trimmers, Max Speed 40ft/min, 63"" Max Width, 1.1"" Max Thickness, Infrared Heating, Digital Control Pneumatic Roller Lifting (Requires Air Compressor, Not Included) 1700-B1",https-mechmaxx-com-products-65-wide-format-full-auto-cold-heat-assisted-laminator-machine-1700-b1,MechMaxx,machine,"00precision, 01AAA, 65 inch Laminating Machines, _ClogA13, Advertising Equipments, BalckFriday, bfsales0, bfsales2-1127, coupon, Laminating Machines, New Products, sales",2025-09-28T03:13:34-07:00,2025-09-28T02:42:21-07:00,2026-07-20T11:17:45-07:00,501014,2899.00,3400.00,true,199581,https://cdn.shopify.com/s/files/1/0653/3470/6391/files/501014_1700-B1_laminator.webp?v=1759991053
9050745274583,"65"" Wide Format Full-Auto Cold & Heat Assisted Pneumatic Laminator Machine with 4 Trimmers, Max Speed 40ft/min, 63"" Max Width, 1.1"" Max Thickness, Infrared Heating, Digital Control Pneumatic Roller Lifting (Requires Air Compressor, Not Included) 1700-B2",https-mechmaxx-com-products-65-wide-format-full-auto-cold-heat-assisted-laminator-machine-1700-b2,MechMaxx,machine,"00precision, 01AAA, 65 inch Laminating Machines, _ClogA13, Advertising Equipments, BalckFriday, bfsales0, bfsales2-1127, coupon, Laminating Machines, New Products",2025-10-01T02:52:09-07:00,2025-09-29T00:14:15-07:00,2026-07-20T11:17:45-07:00,501015,2699.00,3200.00,true,169644,https://cdn.shopify.com/s/files/1/0653/3470/6391/files/501015_1700-B2.webp?v=1759155196
7937840840919,"65'' Light-duty Flail Mower 3 Point 25-45HP , PTO Driven, EFS65",mechmaxx-3point-flail-mower-efs65,MechMaxx,machine,"01AAA, AAA15, All Flail Mowers, coupon, MECHMAXX Brand, SMS",2024-11-23T04:13:39-08:00,2023-03-29T01:57:03-07:00,2026-07-20T11:17:45-07:00,150136,2399.00,,false,275331,https://cdn.shopify.com/s/files/1/0653/3470/6391/files/150136-0.webp?v=1699620010
7788752994519,"660lbs Capacity 6.5HP Gas Powered Wheelbarrow  Cart T25 4F+1R Gearbox , T25",660lbs-capacity-7hp-gas-powered-wheelbarrow-steel-dump-cart-t25-4f-1r-gearbox,MechMaxx,machine,"00renew, 01AAA, _ClogA01, coupon, Mini Dumper, SMS",2023-05-07T18:48:15-07:00,2022-09-19T23:31:01-07:00,2026-07-20T11:17:45-07:00,100101,1899.00,,true,156036,https://cdn.shopify.com/s/files/1/0653/3470/6391/files/t25minidumper-_2.jpg?v=1710922982
8247115415767,"660lbs Capacity 7HP Gas Powered Wheelbarrow  Cart T30 3F+1R Gearbox , T30",660lbs-capacity-7hp-gas-powered-wheelbarrow-cart-t30,MechMaxx,machine,"00renew, 01AAA, 02A-series, _ClogA01, AAA10, coupon, HOME&GARDEN, MECHMAXX Brand, Mini Dumper, SMS",2024-01-17T21:39:44-08:00,2024-01-17T18:41:42-08:00,2026-07-20T11:17:45-07:00,100200,1899.00,,true,158304,https://cdn.shopify.com/s/files/1/0653/3470/6391/files/minidumper100200-2_c889cab8-1988-4346-a2fb-f66adfc15a56.webp?v=1705545708
8423057195223,"660lbs Capacity 7HP Gas Powered Wheelbarrow Cart with Snow Shovel , T30",300kg-loading-4x4-wheeled-power-barrow-mini-dumper-1,MechMaxx,machine,"01AAA, 02A-series, _ClogA01, AAA10, coupon, HOME&GARDEN, MECHMAXX Brand, Mini Dumper, SMS",2024-04-19T09:39:51-07:00,2024-04-19T05:10:22-07:00,2026-07-20T11:17:45-07:00,100200A,2299.00,,false,181437,https://cdn.shopify.com/s/files/1/0653/3470/6391/files/DSC04824_c583430c-43dd-4f30-a289-f9a3bbec4408.jpg?v=1713543820
9053088088279,"67"" Wide Format Full - Auto Cold & Heat Assisted Pneumatic Laminator Machine (Model 1700 - A1) with 4 Trimmers, Max Speed 65.6 ft/min, 63"" Max Width, 1.88"" Max Thickness, Infrared Heating, Digital Control (Requires Air Compressor, Not Included)-1700-A1",https-mechmaxx-com-products-67-wide-format-full-auto-cold-heat-assisted-laminator-machine-1700-a1,MechMaxx,machine,"00precision, 01AAA, 67 inch Laminating Machines, _ClogA13, Advertising Equipments, BalckFriday, bfsales0, bfsales2-1127, coupon, Laminating Machines, New Products",2025-10-01T02:45:35-07:00,2025-09-30T20:07:27-07:00,2026-07-20T11:17:45-07:00,501016,4699.00,5200.00,true,249476,https://cdn.shopify.com/s/files/1/0653/3470/6391/files/501016-1700-A1.webp?v=1759287927
9065738272983,"67"" Wide Format Full Auto Cold & Heat Assisted Pneumatic Laminator Machine with 4 Trimmers, Max Speed 52.5 ft/min, 63"" Max Laminating Width, 1.1"" Max Thickness, Infrared Heating, Digital Control (Requires Air Compressor, Not Included)-1700-A3",https-mechmaxx-com-products-67-wide-format-full-auto-cold-heat-assisted-laminator-machine-posters-1700-a3,MechMaxx,machine,"00precision, 01AAA, 67 inch Laminating Machines, _ClogA13, Advertising Equipments, BalckFriday, bfsales0, bfsales2-1127, coupon, Laminating Machines, New Products",2025-10-13T07:01:45-07:00,2025-10-09T01:35:09-07:00,2026-07-20T11:17:45-07:00,501020,4499.00,5100.00,true,219539,https://cdn.shopify.com/s/files/1/0653/3470/6391/files/501020_1700-A3.webp?v=1760333500
7937842381015,"68"" PTO Flail Mower with Hydraulic Side Shift 3 Point 30-60hp ,  NAM68H",mechmaxx-3point-flail-mower-nam68h,MechMaxx,machine,"00growth, 01AAA, 02B-series, _ClogA02, All Flail Mowers, blackfriday, coupon, Flail Mower, Hydraulic Flail Mower, MECHMAXX Brand, Medium Duty Flail Mower, Mower, on-sale, PTO Flail Mower, sales, SMS, Tractor",2023-05-16T18:44:15-07:00,2023-03-29T01:58:45-07:00,2026-07-20T11:17:45-07:00,150141,2899.00,3299.00,true,386007,https://cdn.shopify.com/s/files/1/0653/3470/6391/files/NAM68H-_37.webp?v=1729070875
7937841397975,"68'' PTO Driven Flail Mower 3 Point 30-60hp ,  NAM68",mechmaxx-3point-flail-mower-nam68,MechMaxx,machine,"00growth, 01AAA, 02B-series, _ClogA02, All Flail Mowers, blackfriday, coupon, Flail Mower, MECHMAXX Brand, Medium Duty Flail Mower, Mower, PTO Flail Mower, sales, SMS, Tractor",2023-05-14T21:10:45-07:00,2023-03-29T01:57:46-07:00,2026-07-20T11:17:45-07:00,150138,2599.00,2899.00,true,342009,https://cdn.shopify.com/s/files/1/0653/3470/6391/files/MowerNAM68-_23.webp?v=1728722071
8791751196887,"6FT 3-Point Disc Mower,  4 Disc,  35-80HP Tractor,  Cat.2,  DM6",disc-mower-150231,MechMaxx,machine,"00growth, 01AAA, 02B-series, 02F-series, 6 FT Disc Mower, _ClogA02, _ClogA06, active, bfsales1-1127, blackfriday, coupon, Disc Mower, hay equipment, MECHMAXX Brand, on-sale, sales, SMS, Tractor",2025-01-03T01:55:24-08:00,2024-12-29T22:35:46-08:00,2026-07-20T11:17:45-07:00,150231,5299.00,5499.00,true,537961,https://cdn.shopify.com/s/files/1/0653/3470/6391/files/DiscmowerDM6-_14_2363ead1-b6f1-43db-933c-2757e460be1e.webp?v=1741246378
8450872213719,"6FT 3-Point Gear Drive Rotary Tiller, 30-60HP Tractor, PTO Shaft Included (With Slip Clutch), Cat. 2 Hookup, RT600",6ft-3-point-gear-drive-rotary-tiller-30-60hp-tractor-pto-shaft-included-with-slip-clutch-cat-1-2-hookup-model-rt500,MechMaxx,machine,"01AAA, 02B-series, coupon, MECHMAXX Brand, PTO Rotary Tiller, Rotary Tillers, SMS, soldout, Tillage, Tractor, Tractor Implements & Attachments",2026-02-04T04:23:10-08:00,2024-04-25T02:01:28-07:00,2026-07-20T11:17:45-07:00,150193,2699.00,3299.00,false,390089,https://cdn.shopify.com/s/files/1/0653/3470/6391/files/DSC09615_240d2e6b-f864-4545-9b5a-f610b97a7c79.webp?v=1719537204
9251768139991,"7"" x 12"" Metal Band Saw, 1.5 HP 115V/230V Dual Voltage 4-Speed Horizontal Vertical Bandsaw with Hydraulic Downfeed, Coolant System & Adjustable Angle Cutting for Steel, Aluminum, Pipe & Structural Metal BS-712N",7-x-12-metal-band-saw-1-5-hp-115v-230v-dual-voltage-4-speed-horizontal-vertical-bandsaw-with-hydraulic-downfeed-coolant-system-adjustable-angle-cutting-for-steel-aluminum-pipe-structural-metal-bs-712n,MechMaxx,machine,"00precision, 01AAA, _ClogA05, BalckFriday, coupon, MECHMAXX Brand, Metal Band Saws, Metalworking Machines, New Products, SMS",2026-05-19T23:33:47-07:00,2026-04-27T23:44:08-07:00,2026-07-20T11:17:45-07:00,500406,1899.00,2199.00,true,199581,https://cdn.shopify.com/s/files/1/0653/3470/6391/files/500406_BS-712N_DSC02888_dc9fc0b2-2835-4844-9b61-1219fd471991.webp?v=1777452208
9175212425431,"7' Tractor Backhoe Attachment with Hydraulic Thumb,  12"" Bucket,  ISO/SAE Switchable Controls,  Self-Contained Hydraulic System,  3 Point Hitch Cat.1,  15-50 HP,  BH660H",7-backhoe-with-hydraulic-thumb,MechMaxx,machine,"00Z, 01AAA, 02B-series, 0ZS, _ClogA02, All PTO Backhoes, BACKHOE, backhoe for tractor, coupon, MECHMAXX Brand, SMS, Tractor",2026-03-10T03:20:33-07:00,2026-02-04T19:07:35-08:00,2026-07-20T11:17:45-07:00,201162,4799.00,5799.00,true,597835,https://cdn.shopify.com/s/files/1/0653/3470/6391/files/BH660H-1_7de9da39-7c8d-40d9-b962-4cb05cc86bdc.webp?v=1773143538
8105364390103,"7' Tractor Backhoe Attachment with Mechanical Thumb,  12"" Bucket,  ISO/SAE Switchable Controls,  Self-Contained Hydraulic System,  3 Point Hitch Cat.1,  15-50 HP,  BH660M",mechmaxx-pto-backhoe-bh660,MechMaxx,machine,"00Z, 01AAA, 02B-series, 0ZS, _ClogA02, All PTO Backhoes, BACKHOE, backhoe for tractor, blackfriday, coupon, MECHMAXX Brand, sales, SMS, soldout, Tractor",2023-08-25T03:29:25-07:00,2023-07-31T20:31:31-07:00,2026-07-20T11:17:45-07:00,150162,4499.00,5499.00,true,586041,https://cdn.shopify.com/s/files/1/0653/3470/6391/files/backhoebh660-_1_ca80ec76-3acb-4fb2-821d-e0ed4f19b431.webp?v=1768455371
9174393127127,"72 in Orchard Finish Mower,  3 Point Hitch Cat.1,  Hydraulic Offset,  PTO Shaft Included with Shear Bolt,  25-50 HP,  FMS72",72-in-orchard-finish-mower-3-point-hitch-cat-1-hydraulic-offset-pto-shaft-included-with-shear-bolt-20-50-hp-fms72,MechMaxx,machine,"00growth, 01AAA, 0zs, 60-72 inch Orchard Finish Mowers, _ClogA02, Orchard Finish Mower, PTO Finishing Mowers, Tractor Implements & Attachments",2026-02-24T00:03:44-08:00,2026-02-02T23:56:28-08:00,2026-07-20T11:17:45-07:00,201124,3399.00,4599.00,false,394997,https://cdn.shopify.com/s/files/1/0653/3470/6391/files/72_orchard_finish_mower_4.webp?v=1771148358
9123720233175,"72 in Rotary Tiller,  3 Point Hitch Cat.1 & 2,  Gear Drive,  PTO Shaft Included with Slip Clutch,  35-70 HP,  MRT72",72-in-rotary-tiller-3-point-hitch-cat-1-2-gear-drive-pto-shaft-included-with-slip-clutch-35-70-hp-mrt72,MechMaxx,machine,"00growth, 01AAA, 0zs, _ClogA02, coupon, New Products, on-sale, Rotary Tillers, Tillage, Tractor Implements & Attachments",2026-02-11T19:59:16-08:00,2025-12-01T18:12:03-08:00,2026-07-20T11:17:45-07:00,201113,2799.00,3599.00,false,473328,https://cdn.shopify.com/s/files/1/0653/3470/6391/files/72_medium_duty_rotary_tiller_5.webp?v=1770867622
8767281856727,"72"" 3 Point PTO Snow Blower 24"" Impeller Diameter 360° Snow Chute (PTO Shaft Included with Slip Clutch),  30-75 HP,  TSB72",mechmaxx-72-3-point-hitch-snow-blower-pto-driven-for-25-65-hp-tractors-tsb72,MechMaxx,machine,"00renew, 00Z, 01AAA, 02B-series, 0LimitedTimeOffer, 0ZS, _ClogA02, active, Clearance Sale, coupon, MECHMAXX Brand, sales, SMS, Snow Blower, Tractor",2024-11-21T04:44:09-08:00,2024-11-20T22:43:11-08:00,2026-07-20T11:17:45-07:00,201016,2599.00,3799.00,true,429552,https://cdn.shopify.com/s/files/1/0653/3470/6391/files/Snow_blower_TSB72_ed598175-d5b7-46a7-8c9a-02e4633e4f91.webp?v=1759248421
8969840820439,"72"" 3 Point PTO Snow Blower 24"" Impeller Diameter 360° Snow Chute (PTO Shaft Included with Slip Clutch),  30-75 HP,  TSB72T",72-3-point-hitch-snow-blower-pto-driven-for-hp-tractors-tsb72t,MechMaxx,machine,"00renew, 00Z, 01AAA, 02B-series, 0LimitedTimeOffer, 0ZS, _ClogA02, active, Clearance Sale, coupon, MECHMAXX Brand, sales, SMS, Snow Blower, Tractor",2025-09-30T21:18:36-07:00,2025-07-10T23:28:25-07:00,2026-07-20T11:17:45-07:00,201016T,2599.00,3799.00,true,429552,https://cdn.shopify.com/s/files/1/0653/3470/6391/files/Snow_blower_TSB72T_8.webp?v=1759248407
9030914965719,"72"" 6-Way Rear Blade 3 Point Hitch Tractor Attachment,  RB72S",grader-blade-rb72s,MechMaxx,machine,"00growth, 01AAA, 0zs, _ClogA02, coupon, Landscaping, Rear Blades, SMS, Tractor Implements & Attachments",2025-11-25T19:26:17-08:00,2025-09-09T23:47:19-07:00,2026-07-20T11:17:45-07:00,201037,1459.00,1759.00,true,162840,https://cdn.shopify.com/s/files/1/0653/3470/6391/files/72_6-Way_Rear_Blade.webp?v=1763780560
9030914670807,"72"" Arena Spin Harrow Groomer with 35 Tines and Rake Cat.1 3 Point Hitch Grooming Attachment,  AHG72R",arena-spin-harrow-groomer-ahg72r,MechMaxx,machine,"00growth, 01AAA, 0zs, _ClogA02, Arena Spin Harrow Groomers, coupon, Landscaping, SMS, Tractor Implements & Attachments",2025-11-25T18:59:59-08:00,2025-09-09T23:45:51-07:00,2026-07-20T11:17:45-07:00,201034,1499.00,1699.00,true,218178,https://cdn.shopify.com/s/files/1/0653/3470/6391/files/Arena_Spin_Harrow_Groomer_with_Rake.webp?v=1763780559
9030914605271,"72"" Arena Spin Harrow Groomer with 35 Tines Cat.1 3 Point Hitch Grooming Attachment,  AHG72",arena-spin-harrow-groomer-ahg72,MechMaxx,machine,"00growth, 01AAA, 0zs, _ClogA02, Arena Spin Harrow Groomers, coupon, Landscaping, SMS, Tractor Implements & Attachments",2025-11-25T19:00:04-08:00,2025-09-09T23:45:15-07:00,2026-07-20T11:17:45-07:00,201033,1199.00,1399.00,true,166015,https://cdn.shopify.com/s/files/1/0653/3470/6391/files/Arena_Spin_Harrow_Groomer.webp?v=1763780559
8887452532951,"72"" Box Blade Scraper with 6 Shanks 3 Point Hitch Tractor Attachment,  BB72",72-box-blade-tractor-attachment,MechMaxx,machine,"00growth, 01AAA, 0zs, _ClogA02, bfsales0, Box Blades, coupon, Landscaping, SMS, Tractor Implements & Attachments",2025-05-06T17:58:32-07:00,2025-04-15T09:08:16-07:00,2026-07-20T11:17:45-07:00,201020,1399.00,1799.00,true,214096,https://cdn.shopify.com/s/files/1/0653/3470/6391/files/DSC07570.webp?v=1745810546
9175167566039,"72"" Cultipacker with 32 Ductile Iron Wheels,  Scraper Bar Included,  Category 1 and 2,  3 Point Hitch Tractor Attachment,  TCP1072",72-cultipacker,MechMaxx,machine,"01AAA, 0zs, _ClogA02, Cultipackers, on-sale, Tillage, Tractor Implements & Attachments",2026-03-07T03:24:38-08:00,2026-02-04T18:08:34-08:00,2026-07-20T11:17:45-07:00,201132,2099.00,2599.00,false,269887,https://cdn.shopify.com/s/files/1/0653/3470/6391/files/72_Cultipacker.webp?v=1772864947
9120476430551,"72"" Drum Spike Aerator Cat. 1 3-Point Hitch Tractor Attachment, DSA72",72-drum-spike-aerator-tractor-attachment,MechMaxx,machine,"01AAA, 0zs, _ClogA02, coupon, Drum Plug Aerator, soldout, Tractor Implements & Attachments",2025-12-23T02:45:25-08:00,2025-11-28T01:36:48-08:00,2026-07-20T11:17:45-07:00,201047,1099.00,1499.00,true,117934,https://cdn.shopify.com/s/files/1/0653/3470/6391/files/72_Drum_Spike_Aerator.webp?v=1766211108
8759233642711,"72"" Heavy Duty 3Point Offset Ditch Bank Verge Flail Mower,  70-110HP,  PTO Driven,  AGF72",flail-mower-agf72,MechMaxx,machine,"00growth, 01AAA, 02B-series, _ClogA02, active, All Flail Mowers, blackfriday, coupon, Flail Mower, Heavy Duty Ditch Bank Flail Mowers, MECHMAXX Brand, Mower, New Products, PTO Flail Mower, sales, SMS, Tractor",2024-11-12T02:10:48-08:00,2024-11-08T01:55:23-08:00,2026-07-20T11:17:45-07:00,150202,4599.00,4699.00,true,637297,https://cdn.shopify.com/s/files/1/0653/3470/6391/files/AGF72--_22.webp?v=1731399742
9030915326167,"72"" Heavy Duty 6-Way Rear Blade 3 Point Hitch Tractor Attachment,  RB72SE",heavy-duty-grader-blade-rb72se,MechMaxx,machine,"01AAA, 0zs, _ClogA02, coupon, Landscaping, Rear Blades, SMS, Tractor Implements & Attachments",2025-11-25T19:29:13-08:00,2025-09-09T23:48:41-07:00,2026-07-20T11:17:45-07:00,201040,1799.00,2099.00,true,284856,https://cdn.shopify.com/s/files/1/0653/3470/6391/files/72_Heavy_Duty_6-Way_Rear_Blade.webp?v=1763780560
8534381986007,"72"" Heavy Duty Land Leveler Land Plane Scraper Grader with Shanks 3 Point Hitch,  LP72",72-tractor-land-leveler-land-plane-scraper-grader-with-shanks-3-point-hitch,MechMaxx,machine,"00growth, 00Z, 01AAA, 02B-series, 0zs, _ClogA02, AAA20, coupon, Land Leveler, Land Planes, Landscaping, MECHMAXX Brand, on-sale, SMS, Tractor, Tractor Implements & Attachments",2024-05-28T19:50:24-07:00,2024-05-27T23:51:23-07:00,2026-07-20T11:17:45-07:00,201004,1999.00,2599.00,true,265352,https://cdn.shopify.com/s/files/1/0653/3470/6391/files/lp72-_7.webp?v=1716878584
8759233446103,"72"" Heavy Duty Offset Ditch Bank Flail Mower,  90° Tilt,  70-100 HP Tractor,  3-Point Hitch,  PTO Driven,  VAM72",flail-mower-vam72,MechMaxx,machine,"00growth, 01AAA, 02B-series, 150201, _ClogA02, active, All Flail Mowers, blackfriday, coupon, Flail Mower, Heavy Duty Ditch Bank Flail Mowers, MECHMAXX Brand, Mower, on-sale, PTO Flail Mower, sales, SMS, Tractor",2024-11-12T02:06:45-08:00,2024-11-08T01:54:50-08:00,2026-07-20T11:17:45-07:00,150201,4099.00,4199.00,true,605999,https://cdn.shopify.com/s/files/1/0653/3470/6391/files/flailmowervam72-_21.webp?v=1731314119
9041197269207,"72"" Heavy Duty PTO Flail Mower with Hydraulic Side Shift 3 Point 50-75 hp,  KDK72H",72-heavy-duty-pto-flail-mower-with-hydraulic-side-shift-3-point-50-75-hp-kdk72h,MechMaxx,machine,"00growth, 01AAA, 02B-series, _ClogA02, All Flail Mowers, blackfriday, coupon, Flail Mower, Heavy Duty Flail Mower, Hydraulic Flail Mower, MECHMAXX Brand, Mower, PTO Flail Mower, sales, SMS, Tractor",2025-09-25T19:50:47-07:00,2025-09-22T02:43:32-07:00,2026-07-20T11:17:45-07:00,150206,3899.00,5199.00,true,558826,https://cdn.shopify.com/s/files/1/0653/3470/6391/files/mowerKDK72H--_22.webp?v=1758701258
9175165108439,"72"" Heavy Duty Soil Pulverizer,  Double Spiked Roller,  25 Shanks,  Category 1 and 2,  3 Point Hitch Tractor Attachment,  TSP72D",72-soil-pulverizer-two-roller,MechMaxx,machine,"01AAA, 0zs, _ClogA02, Soil Pulverizers, Tillage, Tractor Implements & Attachments",2026-03-07T03:24:40-08:00,2026-02-04T18:05:35-08:00,2026-07-20T11:17:45-07:00,201129,2699.00,3299.00,false,432999,https://cdn.shopify.com/s/files/1/0653/3470/6391/files/72_Soil_Pulverizer_double_3.webp?v=1772784455
9175164551383,"72"" Heavy Duty Soil Pulverizer,  Single Spiked Roller,  25 Shanks,  Category 1 and 2,  3 Point Hitch Tractor Attachment,  TSP72",72-soil-pulverizer-one-roller,MechMaxx,machine,"01AAA, 0zs, _ClogA02, Soil Pulverizers, Tillage, Tractor Implements & Attachments",2026-03-07T03:24:40-08:00,2026-02-04T18:02:11-08:00,2026-07-20T11:17:45-07:00,201126,2199.00,2899.00,false,355163,https://cdn.shopify.com/s/files/1/0653/3470/6391/files/72_Soil_Pulverizer_6.webp?v=1772847864
8105049817303,"72"" Heavy Verge 3Point Offset Flail Ditch Bank Mower, 60-85hp ,  BEMZ180",bemz180,MechMaxx,machine,"01AAA, AAA15, coupon, MECHMAXX Brand, SMS",2024-11-23T04:13:16-08:00,2023-07-31T19:46:20-07:00,2026-07-20T11:17:45-07:00,150160,5599.00,5599.00,false,589216,https://cdn.shopify.com/s/files/1/0653/3470/6391/files/150160BEMZ180.webp?v=1696489422
8096672514263,"72"" Heavy Verge 3Point Offset Flail Ditch Bank Mower, 65-100hp , AGFK180",bcr180,MechMaxx,machine,"01AAA, AAA15, coupon, MECHMAXX Brand, SMS",2024-11-23T04:12:01-08:00,2023-07-31T01:00:05-07:00,2026-07-20T11:17:45-07:00,150158,5499.00,5499.00,false,736180,https://cdn.shopify.com/s/files/1/0653/3470/6391/files/150158AGFK180.webp?v=1696489399
8887452991703,"72"" Landscape Rake with 36 Tines 3 Point Hitch Tractor Attachment,  LR72",72-landscape-rake-tractor-attachment,MechMaxx,machine,"00growth, 01AAA, 0zs, _ClogA02, bfsales0, coupon, Landscape Rakes, Landscaping, MECHMAXX Brand, SMS, Tractor Implements & Attachments",2025-05-06T18:15:21-07:00,2025-04-15T09:09:59-07:00,2026-07-20T11:17:45-07:00,201023,849.00,1149.00,true,111130,https://cdn.shopify.com/s/files/1/0653/3470/6391/files/72_Landscape_Rake_1.webp?v=1766195871
8887453352151,"72"" Landscape Rake with Bolt-On Wheels & 36 Tines 3 Point Hitch Tractor Attachment, LR72W",72-landscape-rake-with-wheels-tractor-attachment,MechMaxx,machine,"00growth, 01AAA, 0zs, _ClogA02, bfsales0, coupon, Landscape Rakes, Landscaping, MECHMAXX Brand, SMS, Tractor Implements & Attachments",2025-05-06T18:15:27-07:00,2025-04-15T09:11:22-07:00,2026-07-20T11:17:45-07:00,201026,999.00,1299.00,true,137892,https://cdn.shopify.com/s/files/1/0653/3470/6391/files/72_Landscape_Rake_with_wheel_3.webp?v=1766196280
7937842708695,"72"" PTO Flail Mower with Hydraulic Side Shift 3 Point 45-85hp ,  NAM72H",mechmaxx-3point-flail-mower-nam72h,MechMaxx,machine,"00growth, 01AAA, 02B-series, _ClogA02, All Flail Mowers, blackfriday, coupon, Flail Mower, Hydraulic Flail Mower, MECHMAXX Brand, Medium Duty Flail Mower, Mower, PTO Flail Mower, sales, SMS, Tractor",2023-05-16T23:48:44-07:00,2023-03-29T01:59:08-07:00,2026-07-20T11:17:45-07:00,150142,3199.00,3599.00,true,393265,https://cdn.shopify.com/s/files/1/0653/3470/6391/files/NAM72H--_30.webp?v=1763778483
9030911492311,"72"" Skid Steer Land Plane with 7 Adjustable Scarifier Shanks, Removable Sift Screen and Bolt-On Cutting Blades, SSLP72",skid-steer-leveler-sslp72,MechMaxx,machine,"00renew, 01AAA, 0zs, _ClogA14, Skid Steer Attachments, Skid Steer Land Planes, SMS",2025-11-25T18:46:05-08:00,2025-09-09T23:25:58-07:00,2026-07-20T11:17:45-07:00,201030,2099.00,2399.00,true,298917,https://cdn.shopify.com/s/files/1/0653/3470/6391/files/72_Skid_Steer_Land_Plane.webp?v=1763811309
8969963733207,"72"" Snow Blower Replacement Cutting Blade (for SKU: 201016, 201016T)",72-snow-blower-replacement-cutting-blade,MechMaxx,accessories,"00Z, 01BBB, 0ZS, 201016, active, other spare part, SMS, Snow Blower, Tractor Implements & Attachments part",2025-11-13T23:24:48-08:00,2025-07-11T02:45:47-07:00,2026-07-20T11:17:45-07:00,461131,249.99,269.99,true,17282,https://cdn.shopify.com/s/files/1/0653/3470/6391/files/72_cutting_blade_1.webp?v=1763101740
8969872867543,"72"" Snow Blower Transmission Shaft Kit (for SKU: 201016, 201016T)",tsb72-drive-as-torque-limiter,MechMaxx,accessories,"00Z, 01BBB, 0ZS, 201016, active, other spare part, SMS, Snow Blower, Tractor Implements & Attachments part",2025-10-19T22:51:56-07:00,2025-07-10T23:43:46-07:00,2026-07-20T11:17:45-07:00,461035,219.99,269.99,true,8618,https://cdn.shopify.com/s/files/1/0653/3470/6391/files/461035-1.webp?v=1757570724
8534587998423,"72"" Tractor Notched Disc Harrow Disc Plow 3 Point Hitch,  DH72",72-tractor-notched-disc-harrow-disc-plow-3-point-hitch,MechMaxx,machine,"00growth, 00Z, 01AAA, 02B-series, 0zs, _ClogA02, AAA20, coupon, Disc Harrows, MECHMAXX Brand, on-sale, Plow, SMS, Tillage, Tractor, Tractor Implements & Attachments",2024-06-19T20:03:32-07:00,2024-05-28T00:37:20-07:00,2026-07-20T11:17:45-07:00,201007,1999.00,,false,300278,https://cdn.shopify.com/s/files/1/0653/3470/6391/files/DSC08026_b38c397d-69ad-4944-9ae6-4330f36deae6.webp?v=1745808978
7937841823959,"72'' PTO Driven Flail Mower 3 Point 45-85hp ,  NAM72",mechmaxx-3point-flail-mower-nam72,MechMaxx,machine,"00growth, 01AAA, 02B-series, _ClogA02, All Flail Mowers, blackfriday, coupon, Flail Mower, MECHMAXX Brand, Medium Duty Flail Mower, Mower, PTO Flail Mower, sales, SMS, Tractor",2023-05-17T18:27:13-07:00,2023-03-29T01:58:07-07:00,2026-07-20T11:17:45-07:00,150139,2799.00,3099.00,true,372399,https://cdn.shopify.com/s/files/1/0653/3470/6391/files/NAM72mower-_13.webp?v=1727146034
8082556616919,"72” Skid Steer Rotary Tiller Attachment 6in Depth Rototiller Cultivator 18.5-23.8gal/min , HRT72",mechmaxx-skid-steer-rotary-tiller,MechMaxx,machine,"01AAA, 02E--series, _ClogA14, AAA15, MECHMAXX Brand, Rotary Tiller and Ripper Scarifier, Skid Steer, Skid Steer Rotary Tiller, SMS",2023-08-25T03:36:14-07:00,2023-07-27T18:41:31-07:00,2026-07-20T11:17:45-07:00,150175,2499.00,3399.00,false,388275,https://cdn.shopify.com/s/files/1/0653/3470/6391/files/SkidSteerRotaryTiller150175-2.webp?v=1690508493
7937837695191,"72” Skid Steer Skeleton Rock Bucket Grapple Rake, SSG72",150124,MechMaxx,machine,"01AAA, 02E--series, _ClogA14, AAA15, Grapples, MECHMAXX Brand, Member-Only Deals, Skid Steer, SMS",2023-04-10T01:11:35-07:00,2023-03-29T01:53:43-07:00,2026-07-20T11:17:45-07:00,150124,1599.00,2599.00,false,342009,https://cdn.shopify.com/s/files/1/0653/3470/6391/products/ForkGrappleForStone-150124-10.webp?v=1693970745
7937837269207,"72” Skid Steer Solid Bottom Grapple Bucket, 38.5in Grab Opening, 3000lbs Capacity , SWG72",150123,MechMaxx,machine,"01AAA, 02E--series, _ClogA14, AAA15, Grapples, MECHMAXX Brand, Member-Only Deals, Skid Steer, SMS",2023-04-10T01:11:34-07:00,2023-03-29T01:53:12-07:00,2026-07-20T11:17:45-07:00,150123,1599.00,2599.00,false,303907,https://cdn.shopify.com/s/files/1/0653/3470/6391/products/ForkGrappleForWood-150123-4.webp?v=1693970132
9122453422295,"75 Ton H-Frame Air/Hydraulic Shop Press with Hand Winch,  Fully Welded Steel Frame,  Safety Guard,  Foot Pedal Control,  HSP75",75-ton-h-frame-air-hydraulic-shop-press-with-hand-winch-fully-welded-steel-frame-safety-guard-foot-pedal-control-hsp75,MechMaxx,machine,"00renew, 01AAA, 0zs, _ClogA07, Automotive Equipment & Tools, New Products, on-sale, Shop Press",2026-02-12T21:50:30-08:00,2025-12-01T00:20:29-08:00,2026-07-20T11:17:45-07:00,200063,3799.00,4399.00,false,454999,https://cdn.shopify.com/s/files/1/0653/3470/6391/files/75_Ton_Hydraulic_Shop_Press.webp?v=1770889095
9122453684439,"75 Ton H-Frame Electric Hydraulic Shop Press with Hand Winch, 110V Motor, Fully Welded Steel Frame, Safety Guard, HSP75E",75-ton-h-frame-electric-hydraulic-shop-press-with-hand-winch-110v-motor-fully-welded-steel-frame-safety-guard-foot-pedal-control-hsp75e,MechMaxx,machine,"00renew, 01AAA, 0zs, _ClogA07, Automotive Equipment & Tools, New Products, Shop Press",2026-02-12T21:50:28-08:00,2025-12-01T00:20:44-08:00,2026-07-20T11:17:45-07:00,200064,4799.00,5499.00,false,467971,https://cdn.shopify.com/s/files/1/0653/3470/6391/files/75_Ton_Electric_Hydraulic_Shop_Press.webp?v=1770889104
8759233773783,"78"" Heavy Duty 3 Point Offset Ditch Bank Verge Flail Mower Italy CMR Gearbox,  80-110HP,  PTO Driven,  VBM78",flail-mower-vbm78,MechMaxx,forbidliftgate,"00growth, 01AAA, 02B-series, _ClogA02, active, All Flail Mowers, blackfriday, coupon, Flail Mower, Heavy Duty Ditch Bank Flail Mowers, MECHMAXX Brand, Mower, on-sale, PTO Flail Mower, sales, SMS, Tractor",2024-11-12T01:42:48-08:00,2024-11-08T01:55:43-08:00,2026-07-20T11:17:45-07:00,150203,5399.00,5699.00,true,923060,https://cdn.shopify.com/s/files/1/0653/3470/6391/files/mowervbm78-_5.webp?v=1731568956
9041960042711,"78"" Heavy Duty PTO Flail Mower with Hydraulic Side Shift 3 Point 50-85 hp,  KDK78H",78-heavy-duty-pto-flail-mower-with-hydraulic-side-shift-3-point-50-85-hp-kdk78h,MechMaxx,forbidliftgate,"00growth, 01AAA, 02B-series, _ClogA02, All Flail Mowers, blackfriday, coupon, Flail Mower, Heavy Duty Flail Mower, Hydraulic Flail Mower, MECHMAXX Brand, Mower, PTO Flail Mower, sales, SMS, Tractor",2025-09-25T19:50:47-07:00,2025-09-23T02:22:48-07:00,2026-07-20T11:17:45-07:00,150207,4099.00,5399.00,true,592845,https://cdn.shopify.com/s/files/1/0653/3470/6391/files/mowerKDK78h--_31.webp?v=1758703145
8097625833687,"78"" Heavy Verge 3Point Offset Flail Ditch Bank Mower, 75-110hp , AGFK200",bcr200,MechMaxx,machine,"01AAA, AAA15, coupon, MECHMAXX Brand, SMS, soldout",2024-11-23T04:15:21-08:00,2023-07-31T02:58:26-07:00,2026-07-20T11:17:45-07:00,150159,5799.00,5799.00,false,775643,https://cdn.shopify.com/s/files/1/0653/3470/6391/files/150159AGFK200.webp?v=1696489410
7938754183383,"78” Skid Steer Heavy Root Rake Grapple Attachment,52in Jaw Opening , HGG-78",mechmaxx-72in-heavy-grass-fork-grapple-universal-mount,MechMaxx,machine,"01AAA, 02E--series, _ClogA14, AAA15, Grapples, MECHMAXX Brand, Member-Only Deals, Skid Steer, SMS",2023-04-10T01:11:35-07:00,2023-03-29T18:16:51-07:00,2026-07-20T11:17:45-07:00,150125,1899.00,2499.00,false,290299,https://cdn.shopify.com/s/files/1/0653/3470/6391/files/HeavyGrassForkGrapple150125-7.webp?v=1693969959
9229054247127,"79"" Portable Industrial Fan with Variable High-Efficiency PMSM Motor,Mobile High Volume Floor Fan for Warehouse,Workshop & Gym",portable-industrial-fan-mf-79,MechMaxx,machine,"01AAA, blowout, HVAC, Material Handling Equipments, New Products, Portable Industrial Fan",2026-05-13T20:11:36-07:00,2026-03-30T19:27:21-07:00,2026-07-20T11:17:45-07:00,331004,3099.00,,true,222260,https://cdn.shopify.com/s/files/1/0653/3470/6391/files/331004_3.webp?v=1778652082
9229054279895,"79"" Portable Industrial Fan with Variable High-Efficiency PMSM Motor,Tiltable Mobile High Volume Floor Fan for Warehouse,Workshop & Gym",portable-industrial-fan-mf-79t,MechMaxx,machine,"01AAA, blowout, HVAC, Material Handling Equipments, New Products, Portable Industrial Fan",2026-05-13T20:11:37-07:00,2026-03-30T19:27:45-07:00,2026-07-20T11:17:45-07:00,331005,3399.00,,true,242218,https://cdn.shopify.com/s/files/1/0653/3470/6391/files/331005_7.webp?v=1778668116
8736626311383,"7HP 212cc Gasoline Engine Powered Bale Wrapper,  20 inch Wrapping Diameter,  HW20",bale-wrapper-20-inch-wrappeing-diameter,MechMaxx,machine,"00growth, 01AAA, 02F-series, _ClogA02, _ClogA06, AAA15, active, BalckFriday, bfsales0, coupon, hay equipment, hay wrapper, MECHMAXX Brand, New Products, on-sale, sales, SMS, Tractor",2024-11-08T02:00:37-08:00,2024-10-16T00:43:44-07:00,2026-07-20T11:17:45-07:00,150216,2199.00,2499.00,true,130635,https://cdn.shopify.com/s/files/1/0653/3470/6391/files/BaleWrapper-_7.webp?v=1730964494
9232979919063,7PCS HSS END MILLS SET for SKU: 500200 | Model: VM18L SKU: 500201 | Model: VM18LD SKU: 500202 | Model: VM25L SKU: 500203 | Model: VM25LD SKU: 500204 | Model: VM32L SKU: 500205 | Model: VM32LD,7pcs-hss-end-mills-set-for-sku-500200-model-vm18l-sku-500201-model-vm18ld-sku-500202-model-vm25l-sku-500203-model-vm25ld-sku-500204-model-vm32l-sku-500205-model-vm32ld,MechMaxx,accessories,"01BBB, 1030V, 500005, Metal Lathe Machine, Metalworking Machines part, Spare Parts",2026-04-02T21:18:34-07:00,2026-04-02T21:15:08-07:00,2026-07-20T11:17:45-07:00,485462,78.00,,true,748,https://cdn.shopify.com/s/files/1/0653/3470/6391/files/485462_DSC09343.webp?v=1775189916
8961860370647,"7‘’ x 27-1/2‘’ Benchtop Mini Mill Drill Machine, Variable Speed, Brshless Motor, R8 Spindle, 1.5 HP, 110V, Compact Milling Drilling Tool for Garage Shop, DIY Metalworking without Stand VM25L",benchtop-mini-mill-drill-machine-variable-speed-r8-spindle-1-5hp-110v-compact-milling-drilling-tool-for-garage-shop-diy-metalworking,MechMaxx,machine,"00precision, 01AAA, _ClogA05, BalckFriday, bfsales2-1127, coupon, Drills & Mills, MECHMAXX Brand, Metalworking Machines, Mill/Drill Machine, Milling Machines, New Products, on-sale, sales, SMS",2025-07-03T22:34:17-07:00,2025-07-03T19:15:10-07:00,2026-07-20T11:17:45-07:00,500202,2199.00,2399.00,true,130181,https://cdn.shopify.com/s/files/1/0653/3470/6391/files/VM25L500202_1.webp?v=1751704649
9029377130711,8 ft 2.4 in Hydraulic Hose Assembly for MechMaxx Heavy-Duty Dump Trailer ( SKU: 150255 ),8-ft-2-4-in-hydraulic-hose-assembly-for-mechmaxx-heavy-duty-dump-trailer-sku-150255,MechMaxx,accessories,"01BBB, 150255, other spare part, SMS",2025-09-09T08:13:39-07:00,2025-09-09T08:13:36-07:00,2026-07-20T11:17:45-07:00,410781-98,69.99,,true,2268,https://cdn.shopify.com/s/files/1/0653/3470/6391/files/410781.webp?v=1757553257
9125592596695,"8 Gallon Air Compressor 600W 110V Oil-Free Quiet Electric Air Pump - 0.7MPa, 40L/min",8-gallon-air-compressor-600w-110v-oil-free-quiet-electric-air-pump-0-7mpa-40l-min,MechMaxx,machine,"00precision, 01AAA, _ClogA13, Advertising Equipments, coupon, Heat Transferring and Sublimation, Pneumatic Heat Press Machines",2025-12-03T21:29:39-08:00,2025-12-02T22:50:31-08:00,2026-07-20T11:17:45-07:00,501013,209.00,299.00,false,20412,https://cdn.shopify.com/s/files/1/0653/3470/6391/files/501013-PC-30_DSC02047.webp?v=1764826181
9261434175703,"8 Inch 7-7/8"" x 7-7/8"" Capacity Double Column Horizontal Metal Cutting Band Saw, Vertical Lifting, Gearbox Driven Two-Speed Motor, Hydraulic Feed, Manual Clamping, Coolant System Industrial Bandsaw GH4220",8-inch-7-7-8-x-7-7-8-capacity-double-column-horizontal-metal-cutting-band-saw-vertical-lifting-gearbox-driven-two-speed-motor-hydraulic-feed-manual-clamping-coolant-system-industrial-bandsaw-gh4220,MechMaxx,machine,"00precision, 01AAA, _ClogA05, BalckFriday, coupon, Double Column Horizontal Band Saws, MECHMAXX Brand, Metalworking Machines, New Products, SMS",2026-05-19T23:36:37-07:00,2026-05-10T19:45:56-07:00,2026-07-20T11:17:45-07:00,500421,4599.00,4999.00,true,459943,https://cdn.shopify.com/s/files/1/0653/3470/6391/files/500421_GH4220_DSC09375-01.webp?v=1778469790
9102940569815,"8 inch HONDA E-Start 688cc 22hp Gas Powered 4 - Wheel Drum Wood Chipper with Taillight ,  B200",8-inch-zonsen-e-start-999cc-35hp-gas-powered-4-wheel-drum-wood-chipper-with-taillight-b200-copy,MechMaxx,machine,"00renew, 01AAA, 02A-series, 8 in Wood Chipper, _ClogA01, AAA11, coupon, HOME&GARDEN, MECHMAXX Brand, SMS, Wood Chipper",2025-11-21T22:50:21-08:00,2025-11-10T22:12:38-08:00,2026-07-20T11:17:45-07:00,110811,5399.00,6999.00,true,353802,https://cdn.shopify.com/s/files/1/0653/3470/6391/files/B200-honda.webp?v=1767669883
8662764683479,"8 inch ZONSEN E-Start 1000cc 35hp Gas Powered 4 - Wheel Drum Wood Chipper with Taillight ,  B200",8-inch-zonsen-e-start-999cc-35hp-gas-powered-4-wheel-drum-wood-chipper-with-taillight-b200,MechMaxx,machine,"00renew, 01AAA, 02A-series, 8 in Wood Chipper, _ClogA01, AAA11, bfsales1, bfsales1-1127, blackfriday, coupon, HOME&GARDEN, MECHMAXX Brand, sales, SMS, Wood Chipper",2024-10-15T19:54:11-07:00,2024-08-06T18:07:13-07:00,2026-07-20T11:17:45-07:00,110810,3599.00,4399.00,true,361060,https://cdn.shopify.com/s/files/1/0653/3470/6391/files/B200-zonsen.webp?v=1767669857
8106607771863,"8' Tractor Backhoe Attachment with Hydraulic Thumb,  15"" Bucket,  ISO/SAE Switchable Controls,  Self-Contained Hydraulic System,  3 Point Hitch Cat.1 & 2,  20-100 HP,  BH760H",mechmaxx-pto-backhoe-bh760,MechMaxx,machine,"00renew, 00Z, 01AAA, 02B-series, 0ZS, _ClogA02, All PTO Backhoes, BACKHOE, backhoe for tractor, bfsales1, bfsales1-1127, blackfriday, coupon, MECHMAXX Brand, sales, SMS, Tractor",2023-08-25T03:29:12-07:00,2023-07-31T23:32:19-07:00,2026-07-20T11:17:45-07:00,150163,5099.00,5999.00,true,609175,https://cdn.shopify.com/s/files/1/0653/3470/6391/files/BH760-tractor-_2.webp?v=1764992000
9175212589271,"8' Tractor Backhoe Attachment with Mechanical Thumb,  15"" Bucket,  ISO/SAE Switchable Controls,  Self-Contained Hydraulic System,  3 Point Hitch Cat.1 & 2,  20-100 HP,  BH760M",8-backhoe-with-mechanical-thumb,MechMaxx,machine,"00Z, 01AAA, 02B-series, 0ZS, _ClogA02, All PTO Backhoes, BACKHOE, backhoe for tractor, coupon, MECHMAXX Brand, SMS, Tractor",2026-03-10T03:24:28-07:00,2026-02-04T19:08:02-08:00,2026-07-20T11:17:45-07:00,201163,4799.00,5699.00,true,596928,https://cdn.shopify.com/s/files/1/0653/3470/6391/files/BH760M-1_ff314612-93f1-4000-b5c9-e2df193fa805.webp?v=1773143549
8964153409751,"8-1/4""x33'' Industrial Benchtop Mill Drill Machine Brushless Motor, Variable Speed, R8 Spindle, 2 HP, 110V, Compact Milling Drilling Tool for Garage Shop, DIY Metalworking without Stand VM32L",7-x-27-1-2-benchtop-mini-mill-drill-machine-variable-speed-r8-spindle-1-5-hp-110v-compact-milling-drilling-tool-for-garage-shop-diy-metalworking-without-stand-1,MechMaxx,machine,"00precision, 01AAA, _ClogA05, BalckFriday, coupon, Drills & Mills, MECHMAXX Brand, Metalworking Machines, Mill/Drill Machine, Milling Machines, SMS",2025-07-06T18:09:36-07:00,2025-07-06T18:09:34-07:00,2026-07-20T11:17:45-07:00,500204,2799.00,3199.00,true,239497,https://cdn.shopify.com/s/files/1/0653/3470/6391/files/VM32L500204_4.webp?v=1751705883
8964266000599,"8-1/4""x33'' Industrial Benchtop Mill Drill Machine with DRO, Variable Speed, Brushless Motor, R8 Spindle, 2 HP, 110V, Compact Milling Drilling Tool for Garage Shop, DIY Metalworking without Stand VM32LD",8-1-4x33-industrial-benchtop-mill-drill-machine-with-dro-variable-speed-r8-spindle-2-hp-110v-compact-milling-drilling-tool-for-garage-shop-diy-metalworking-without-stand,MechMaxx,machine,"00precision, 01AAA, _ClogA05, BalckFriday, coupon, Drills & Mills, MECHMAXX Brand, Metalworking Machines, Mill/Drill Machine, Milling Machines, New Products, sales, SMS",2025-07-06T19:17:36-07:00,2025-07-06T19:17:35-07:00,2026-07-20T11:17:45-07:00,500205,3499.00,3499.00,false,239950,https://cdn.shopify.com/s/files/1/0653/3470/6391/files/VM32LD500205_9.webp?v=1751853546
9123720790231,"80 in Heavy Duty Rotary Tiller,  3 Point Hitch Cat.2,  Gear Drive,  PTO Shaft Included with Slip Clutch,  40-80 HP,  HRT80",80-in-heavy-duty-rotary-tiller-3-point-hitch-cat-2-gear-drive-pto-shaft-included-with-slip-clutch-40-80-hp-hrt80,MechMaxx,machine,"00growth, 01AAA, 0zs, _ClogA02, coupon, New Products, on-sale, Rotary Tillers, Tillage, Tractor Implements & Attachments",2026-02-11T19:59:16-08:00,2025-12-01T18:12:38-08:00,2026-07-20T11:17:45-07:00,201115,4299.00,5599.00,false,623327,https://cdn.shopify.com/s/files/1/0653/3470/6391/files/80_heavy_duty_rotary_tiller_3.webp?v=1770868048
9030914867415,"80"" Crimper Roller 3 Point Hitch Tractor Attachment Agriculture Equipment,  CR82",3-point-8-ft-crimper-roller-cr82,MechMaxx,machine,"00growth, 01AAA, 0zs, _ClogA02, coupon, Crimper Rollers, Landscaping, on-sale, SMS, Tractor Implements & Attachments",2025-11-25T19:15:45-08:00,2025-09-09T23:46:14-07:00,2026-07-20T11:17:45-07:00,201035,3499.00,4299.00,true,532064,https://cdn.shopify.com/s/files/1/0653/3470/6391/files/Crimper_Roller.webp?v=1763811308
9006537769175,"80-inch Manual Sheet Metal Brake - 12 Gauge Bending Capacity, Adjustable Fingers, 6 Ft. Heavy-Duty Steel Construction for Precision Bending PB8012",pb8012,MechMaxx,forbidliftgate,"00precision, 01AAA, _ClogA05, BalckFriday, coupon, Manual Bending Brake, Metalworking Machines, Sheet Metal & Fabrication, SMS",2025-08-18T19:32:26-07:00,2025-08-10T19:20:32-07:00,2026-07-20T11:17:45-07:00,500303,6649.00,7200.00,true,1193402,https://cdn.shopify.com/s/files/1/0653/3470/6391/files/PB8012-BD_3.webp?v=1755570137
8792469471447,"81 Gal / 308L Heavy Duty Industrial Ultrasonic Parts Washer, 28kHz 40 Transducers,  SS304 Tank, 10kW Heater, 208–240V 3 Phase Power",81gal-ultrasonic-cleaner-220v-3ph,MechMaxx,machine,"00C, 00renew, 01AAA, 02J-series, 81 Gal Industrial Ultrasonic Cleaner, _ClogA10, _ClogA12, aaa-lab, AAA30, active, bfsales0, bfsales1, bfsales1-1127, blackfriday, coupon, Laboratory Equipment & Supplies, MECHMAXX Brand, New Products, sales, SMS, Ultrasonic Cleaner",2025-01-14T00:59:22-08:00,2025-01-02T01:13:33-08:00,2026-07-20T11:17:45-07:00,320004,7499.00,8299.00,true,301185,https://cdn.shopify.com/s/files/1/0653/3470/6391/files/UC81B.webp?v=1742199025
8792468783319,"81 Gal / 308L Heavy Duty Industrial Ultrasonic Parts Washer, 28kHz 40 Transducers, Oil Skimmer, SS304 Tank, 10kW Heater, 208–240V 3 Phase Power",81gal-ultrasonic-cleaner-with-automatic-oil-skimmer,MechMaxx,machine,"00C, 00renew, 01AAA, 02J-series, 81 Gal Industrial Ultrasonic Cleaner, _ClogA10, _ClogA12, aaa-lab, AAA30, active, bfsales0, bfsales1, bfsales1-1127, blackfriday, coupon, Laboratory Equipment & Supplies, MECHMAXX Brand, sales, SMS, Ultrasonic Cleaner",2025-01-14T00:59:21-08:00,2025-01-02T01:11:26-08:00,2026-07-20T11:17:45-07:00,320003,8499.00,9499.00,true,355163,https://cdn.shopify.com/s/files/1/0653/3470/6391/files/UC81A.webp?v=1782296641
8969837281495,"84"" 3 Point PTO Snow Blower 24"" Impeller Diameter 360° Snow Chute (PTO Shaft Included with Slip Clutch),  35-95 HP,  TSB84",84-3-point-hitch-snow-blower-pto-driven-for-hp-tractors-tsb84,MechMaxx,machine,"00renew, 00Z, 01AAA, 02B-series, 0LimitedTimeOffer, 0ZS, _ClogA02, active, Clearance Sale, coupon, MECHMAXX Brand, sales, SMS, Snow Blower, Tractor",2025-09-30T21:18:36-07:00,2025-07-10T23:26:40-07:00,2026-07-20T11:17:45-07:00,201043,2899.00,4099.00,true,489880,https://cdn.shopify.com/s/files/1/0653/3470/6391/files/Snow_blower_TSB84_2.webp?v=1759240030
8969841934551,"84"" 3 Point PTO Snow Blower 24"" Impeller Diameter 360° Snow Chute (PTO Shaft Included with Slip Clutch),  35-95 HP,  TSB84T",84-3-point-hitch-snow-blower-pto-driven-for-hp-tractors-tsb84t,MechMaxx,machine,"00renew, 00Z, 01AAA, 02B-series, 0LimitedTimeOffer, 0ZS, _ClogA02, active, Clearance Sale, coupon, MECHMAXX Brand, sales, SMS, Snow Blower, Tractor",2025-09-30T21:18:36-07:00,2025-07-10T23:29:03-07:00,2026-07-20T11:17:45-07:00,201043T,2899.00,4099.00,true,489880,https://cdn.shopify.com/s/files/1/0653/3470/6391/files/Snow_blower_TSB84T_8.webp?v=1759240065
9030915096791,"84"" 6-Way Rear Blade 3 Point Hitch Tractor Attachment,  RB84S",grader-blade-rb84s,MechMaxx,machine,"00growth, 01AAA, 0zs, _ClogA02, coupon, Landscaping, Rear Blades, SMS, Tractor Implements & Attachments",2025-11-25T19:26:14-08:00,2025-09-09T23:47:46-07:00,2026-07-20T11:17:45-07:00,201038,1559.00,1859.00,false,175087,https://cdn.shopify.com/s/files/1/0653/3470/6391/files/84_6-Way_Rear_Blade.webp?v=1763780560
8887452696791,"84"" Box Blade Scraper with 7 Shanks 3 Point Hitch Tractor Attachment,  BB84",84-box-blade-tractor-attachment,MechMaxx,machine,"00growth, 01AAA, 0zs, _ClogA02, bfsales0, Box Blades, coupon, Landscaping, on-sale, SMS, Tractor Implements & Attachments",2025-05-06T17:58:35-07:00,2025-04-15T09:08:57-07:00,2026-07-20T11:17:45-07:00,201021,1549.00,1949.00,true,279866,https://cdn.shopify.com/s/files/1/0653/3470/6391/files/DSC07763.webp?v=1746579770
9175167729879,"84"" Cultipacker with 37 Ductile Iron Wheels,  Scraper Bar Included,  Category 1 and 2,  3 Point Hitch Tractor Attachment,  TCP1084",84-cultipacker,MechMaxx,forbidliftgate,"01AAA, 0zs, _ClogA02, Cultipackers, Tillage, Tractor Implements & Attachments",2026-03-07T03:24:38-08:00,2026-02-04T18:09:30-08:00,2026-07-20T11:17:45-07:00,201133,2499.00,2799.00,false,303000,https://cdn.shopify.com/s/files/1/0653/3470/6391/files/84_Cultipacker_2.webp?v=1772783985
9030915555543,"84"" Heavy Duty 6-Way Rear Blade 3 Point Hitch Tractor Attachment,  RB84SE",heavy-duty-grader-blade-rb84se,MechMaxx,machine,"01AAA, 0zs, _ClogA02, coupon, Landscaping, Rear Blades, SMS, Tractor Implements & Attachments",2025-11-25T19:29:15-08:00,2025-09-09T23:50:04-07:00,2026-07-20T11:17:45-07:00,201041,1899.00,2199.00,true,299825,https://cdn.shopify.com/s/files/1/0653/3470/6391/files/84_Heavy_Duty_6-Way_Rear_Blade.webp?v=1763780560
8534519021783,"84"" Heavy Duty Land Leveler Land Plane Scraper Grader with Shanks 3 Point Hitch,  LP84",84-tractor-land-leveler-land-plane-scraper-grader-with-shanks-3-point-hitch,MechMaxx,machine,"00growth, 00Z, 01AAA, 02B-series, 0zs, _ClogA02, AAA20, coupon, Land Leveler, Land Planes, Landscaping, MECHMAXX Brand, SMS, Tractor, Tractor Implements & Attachments",2024-05-28T19:50:20-07:00,2024-05-28T00:15:25-07:00,2026-07-20T11:17:45-07:00,201005,2199.00,2099.00,true,297557,https://cdn.shopify.com/s/files/1/0653/3470/6391/files/201005.webp?v=1719778891
9175165272279,"84"" Heavy Duty Soil Pulverizer,  Double Spiked Roller,  29 Shanks,  Category 1 and 2,  3 Point Hitch Tractor Attachment,  TSP84D",84-soil-pulverizer-two-roller,MechMaxx,machine,"01AAA, 0zs, _ClogA02, Soil Pulverizers, Tillage, Tractor Implements & Attachments",2026-03-07T03:24:38-08:00,2026-02-04T18:06:25-08:00,2026-07-20T11:17:45-07:00,201130,2999.00,3999.00,false,477996,https://cdn.shopify.com/s/files/1/0653/3470/6391/files/84_Soil_Pulverizer_double_5.webp?v=1772784660
9175164715223,"84"" Heavy Duty Soil Pulverizer,  Single Spiked Roller,  29 Shanks,  Category 1 and 2,  3 Point Hitch Tractor Attachment,  TSP84",84-soil-pulverizer-one-roller,MechMaxx,machine,"01AAA, 0zs, _ClogA02, on-sale, Soil Pulverizers, Tillage, Tractor Implements & Attachments",2026-03-07T03:24:40-08:00,2026-02-04T18:03:06-08:00,2026-07-20T11:17:45-07:00,201127,2499.00,3599.00,true,390997,https://cdn.shopify.com/s/files/1/0653/3470/6391/files/84_Soil_Pulverizer_5.webp?v=1772847842
8887453188311,"84"" Landscape Rake with 42 Tines 3 Point Hitch Tractor Attachment,  LR84",84-landscape-rake-tractor-attachment,MechMaxx,machine,"00growth, 01AAA, 0zs, _ClogA02, bfsales0, coupon, Landscape Rakes, Landscaping, MECHMAXX Brand, New Products, on-sale, SMS, Tractor Implements & Attachments",2025-05-06T18:15:24-07:00,2025-04-15T09:10:41-07:00,2026-07-20T11:17:45-07:00,201024,949.00,1249.00,true,131088,https://cdn.shopify.com/s/files/1/0653/3470/6391/files/84_Landscape_Rake_3_dfaf73f9-98eb-4ffb-9c71-279474c01e90.webp?v=1766196649
8887453417687,"84"" Landscape Rake with Bolt-On Wheels & 42 Tines 3 Point Hitch Tractor Attachment,  LR84W",84-landscape-rake-with-wheels-tractor-attachment,MechMaxx,machine,"00growth, 01AAA, 0zs, _ClogA02, bfsales0, coupon, Landscape Rakes, Landscaping, MECHMAXX Brand, SMS, Tractor Implements & Attachments",2025-05-06T18:15:30-07:00,2025-04-15T09:12:00-07:00,2026-07-20T11:17:45-07:00,201027,1099.00,1399.00,true,156943,https://cdn.shopify.com/s/files/1/0653/3470/6391/files/84_Landscape_Rake_with_wheel_3.webp?v=1766197132
9030912475351,"84"" Skid Steer Land Plane with 8 Adjustable Scarifier Shanks, Removable Sift Screen and Bolt-On Cutting Blades, SSLP84",skid-steer-leveler-sslp84,MechMaxx,machine,"00renew, 01AAA, 0zs, _ClogA14, Skid Steer Attachments, Skid Steer Land Planes, SMS",2025-11-25T18:45:56-08:00,2025-09-09T23:31:14-07:00,2026-07-20T11:17:45-07:00,201031,2249.00,2599.00,true,335205,https://cdn.shopify.com/s/files/1/0653/3470/6391/files/84_Skid_Steer_Land_Plane.webp?v=1763811309
8969963831511,"84"" Snow Blower Replacement Cutting Blade (for SKU: 201043, 201043T)",84-snow-blower-replacement-cutting-blade,MechMaxx,accessories,"00Z, 01BBB, 0ZS, 201043, active, other spare part, SMS, Snow Blower, Tractor Implements & Attachments part",2025-11-13T23:24:48-08:00,2025-07-11T02:46:13-07:00,2026-07-20T11:17:45-07:00,461132,269.99,289.99,true,20412,https://cdn.shopify.com/s/files/1/0653/3470/6391/files/84_cutting_blade_1.webp?v=1763101776
8759233872087,"86"" Heavy Duty 3 Point Offset Ditch Bank Verge Flail Mower Italy CMR Gearbox,  90-120HP,  PTO Driven,  VBM86",vbm86-flail-mower-vbm86,MechMaxx,forbidliftgate,"00growth, 01AAA, 02B-series, _ClogA02, active, All Flail Mowers, blackfriday, coupon, Flail Mower, Heavy Duty Ditch Bank Flail Mowers, MECHMAXX Brand, Mower, PTO Flail Mower, sales, SMS, Tractor",2024-11-12T02:00:37-08:00,2024-11-08T01:56:10-08:00,2026-07-20T11:17:45-07:00,150204,5699.00,5899.00,true,962069,https://cdn.shopify.com/s/files/1/0653/3470/6391/files/VBM86-_21.webp?v=1731405254
9041988059351,"87"" Heavy Duty PTO Flail Mower with Hydraulic Side Shift 3 Point 50-90 hp,  KDK87H",87-heavy-duty-pto-flail-mower-with-hydraulic-side-shift-3-point-50-90-hp-kdk87h,MechMaxx,forbidliftgate,"00growth, 01AAA, 02B-series, _ClogA02, All Flail Mowers, blackfriday, coupon, Flail Mower, Heavy Duty Flail Mower, Hydraulic Flail Mower, MECHMAXX Brand, Mower, PTO Flail Mower, sales, SMS, Tractor",2025-09-26T04:53:51-07:00,2025-09-23T02:44:22-07:00,2026-07-20T11:17:45-07:00,150208,4599.00,5899.00,true,630040,https://cdn.shopify.com/s/files/1/0653/3470/6391/files/150208KDK87HFlailMower_2.webp?v=1758887623
8520554709207,"8800lbs 3-Point Hitch Forestry Log Skidding Winch,  200ft Cable Length,  25-60 HP Tractor,  Category 1 Hookup,  FW8800",3-point-hitch-forest-skidding-winch,MechMaxx,machine,"01AAA, 02B-series, 0LimitedTimeOffer, _ClogA02, _ClogA03, coupon, Forestry Logging Winch, MECHMAXX Brand, sales, SMS, Tractor",2024-05-28T19:50:17-07:00,2024-05-23T20:45:59-07:00,2026-07-20T11:17:45-07:00,150210,2499.00,3299.00,true,298917,https://cdn.shopify.com/s/files/1/0653/3470/6391/files/fw8800-_6.webp?v=1776247050
8771609002199,"8800lbs Capacity Stationary Hydraulic Lift Table,  66.9"" x 47.2"" Platform,  43.3"" Height,  UL Certified Motor,  ELT88",stationary-powered-hydraulic-lift-table-8800lb-capacity-platform-size66-9-x-47-2-height43-3,MechMaxx,machine,"00C, 00renew, 01AAA, 02H-series, 8800lbs Electric Stationary Lift Tables, _ClogA08, AAA30, active, coupon, Electric Stationary Lift Table, Lift table, Material Handling Equipments, MECHMAXX Brand, SMS",2024-12-20T23:40:40-08:00,2024-11-26T22:44:41-08:00,2026-07-20T11:17:45-07:00,310003,3399.00,3599.00,false,454953,https://cdn.shopify.com/s/files/1/0653/3470/6391/files/ELT88_main1.webp?v=1736411071
8791751393495,"8FT 3-Point Disc Mower,  6 Disc,  50-100HP Tractor,  Cat.2,  DM8",disc-mower-150232,MechMaxx,forbidliftgate,"00growth, 01AAA, 02B-series, 02F-series, 8 FT Disc Mower, _ClogA02, _ClogA06, active, bfsales1-1127, blackfriday, coupon, Disc Mower, hay equipment, MECHMAXX Brand, on-sale, sales, SMS, Tractor",2025-01-03T01:55:24-08:00,2024-12-29T22:38:52-08:00,2026-07-20T11:17:45-07:00,150232,5999.00,5999.00,true,630040,https://cdn.shopify.com/s/files/1/0653/3470/6391/files/DiscmowerDM8-_2.webp?v=1776328990
9029376213207,9 ft 10.1 in Hydraulic Hose Assembly for MechMaxx Heavy-Duty Dump Trailer ( SKU: 150255 ),9-ft-10-1-in-hydraulic-hose-assembly-for-mechmaxx-heavy-duty-dump-trailer-sku-150255,MechMaxx,accessories,"01BBB, 150255, other spare part, SMS",2025-09-09T08:17:51-07:00,2025-09-09T08:13:07-07:00,2026-07-20T11:17:45-07:00,410781-118,69.99,,true,2268,https://cdn.shopify.com/s/files/1/0653/3470/6391/files/410781.webp?v=1757553257
9122446147799,"9 HP Reversible Plate Compactor with Wheel Kit and Extension Plates, 6750 lb Centrifugal Force, PC180Z",reversible-plate-compactor-pc180z,MechMaxx,machine,"01AAA, 0zs, 205007Z, Construction Equipment, New Products, Plate Compactors, Reversible Plate Compactors",2026-06-18T00:26:49-07:00,2025-12-01T00:15:59-08:00,2026-07-20T11:17:45-07:00,205007Z,2099.00,2499.00,true,185519,https://cdn.shopify.com/s/files/1/0653/3470/6391/files/PC180Z_9.webp?v=1781597029
9257406398679,"9 Inch Horizontal Metal Cutting Band Saw BS-912B, 4-Speed Adjustable, 1.5HP 115V/230V Dual Voltage Pre-Wired 115V, Hydraulic Feed, Coolant System, 0-45° Miter Cutting, Portable Metal Band Saw for Steel, Stainless Steel, Aluminum, Metal Fabrication BS-912B",9-inch-horizontal-metal-cutting-band-saw-bs-912b-4-speed-adjustable-1-ph-115v-230v-dual-voltage-pre-wired-115v-hydraulic-feed-coolant-system-0-45-miter-cutting-portable-metal-band-saw-for-steel-stainless-steel-aluminum-metal-fabrication,MechMaxx,machine,"00precision, 01AAA, _ClogA05, BalckFriday, coupon, MECHMAXX Brand, Metal Band Saws, Metalworking Machines, New Products, SMS",2026-05-19T23:34:23-07:00,2026-05-06T01:04:36-07:00,2026-07-20T11:17:45-07:00,500408,2399.00,2599.00,true,259908,https://cdn.shopify.com/s/files/1/0653/3470/6391/files/500408_BS-912B_DSC03103.webp?v=1778143744
8637615276247,"9"" Backhoe Bucket without Pins, 3-Carbon Steel Teeth (for SKU: 150162, 150163, 150164, 201162, 201163, 201164)",9in-wide-backhoe-bucket-2-carbon-steel-teeth-for-sku-150162-150163-150164,MechMaxx,accessories,"00Z, 01BBB, 0ZS, AAA41, All PTO Backhoes, BACKHOE, Backhoe attachment, Backhoe Bucket, backhoe for tractor, SMS, Tractor Implements & Attachments part",2024-07-17T03:35:03-07:00,2024-07-17T03:35:03-07:00,2026-07-20T11:17:45-07:00,410301,229.99,259.00,true,32931,https://cdn.shopify.com/s/files/1/0653/3470/6391/files/DSC03080.webp?v=1735649391
8107002495191,"9' Tractor Backhoe Attachment with Hydraulic Thumb,  15"" Bucket,  ISO/SAE Switchable Controls,  Self-Contained Hydraulic System,  3 Point Hitch Cat.1 & 2,  25-100 HP,  BH860H",mechmaxx-pto-backhoe-bh860,MechMaxx,machine,"00renew, 00Z, 01AAA, 02B-series, 0ZS, _ClogA02, All PTO Backhoes, BACKHOE, backhoe for tractor, bfsales1, bfsales1-1127, blackfriday, coupon, MECHMAXX Brand, sales, SMS, Tractor",2025-04-10T02:24:52-07:00,2023-08-01T00:30:27-07:00,2026-07-20T11:17:45-07:00,150164,5499.00,6499.00,true,660884,https://cdn.shopify.com/s/files/1/0653/3470/6391/files/BH860-tractor-_4.webp?v=1773758246
9175213179095,"9' Tractor Backhoe Attachment with Mechanical Thumb,  15"" Bucket,  ISO/SAE Switchable Controls,  Self-Contained Hydraulic System,  3 Point Hitch Cat.1 & 2,  25-100 HP,  BH860M",9-backhoe-with-mechanical-thumb,MechMaxx,machine,"00Z, 01AAA, 02B-series, 0ZS, _ClogA02, All PTO Backhoes, BACKHOE, backhoe for tractor, coupon, MECHMAXX Brand, SMS, Tractor",2026-03-10T03:24:28-07:00,2026-02-04T19:09:48-08:00,2026-07-20T11:17:45-07:00,201164,5099.00,6099.00,true,649091,https://cdn.shopify.com/s/files/1/0653/3470/6391/files/BH860M-1.webp?v=1773143420
9123720954071,"90 in Heavy Duty Rotary Tiller,  3 Point Hitch Cat.2,  Gear Drive,  PTO Shaft Included with Slip Clutch,  50-90 HP,  HRT90",90-re-spin-hrt9090-in-heavy-duty-rotary-tiller-3-point-hitch-cat-2-gear-drive-pto-shaft-included-with-slip-clutch-50-90-hp-hrt90,MechMaxx,forbidliftgate,"00growth, 01AAA, 0zs, _ClogA02, coupon, New Products, on-sale, Rotary Tillers, Tillage, Tractor Implements & Attachments",2026-02-11T19:59:16-08:00,2025-12-01T18:13:11-08:00,2026-07-20T11:17:45-07:00,201117,4999.00,6299.00,false,666658,https://cdn.shopify.com/s/files/1/0653/3470/6391/files/1_cbdaa6c9-262a-487b-bc44-d334fe3bade3.webp?v=1770868224
9120475840727,"96"" Box Blade Scraper with 8 Shanks 3 Point Hitch Tractor Attachment,  BB96",96-box-blade-tractor-attachment,MechMaxx,forbidliftgate,"00growth, 01AAA, 0zs, _ClogA02, Box Blades, coupon, Landscaping, Tractor Implements & Attachments",2025-12-23T02:45:25-08:00,2025-11-28T01:36:14-08:00,2026-07-20T11:17:45-07:00,201045,1999.00,2399.00,false,325226,https://cdn.shopify.com/s/files/1/0653/3470/6391/files/Box_Blade_2.webp?v=1766560130
9120475513047,"96"" Heavy Duty Land Leveler Land Plane Scraper Grader with Shanks 3 Point Hitch,  LP96",96-tractor-land-leveler-land-plane-scraper-grader-with-shanks-3-point-hitch,MechMaxx,forbidliftgate,"00growth, 01AAA, 0zs, _ClogA02, coupon, Land Planes, Landscaping, on-sale, Tractor Implements & Attachments",2025-12-23T02:45:25-08:00,2025-11-28T01:35:52-08:00,2026-07-20T11:17:45-07:00,201044,2599.00,3399.00,false,359245,https://cdn.shopify.com/s/files/1/0653/3470/6391/files/96_land_leveler.webp?v=1766472817
8960901578967,"99 CFM Compressed Air Oil-Water Separator Precision Filter,0.01μm,Oil Content 0.001ppm, With Auto Drain, Pressure Gauge",53-cfm-compressed-air-oil-water-separator-precision-filter-0-01μm-oil-content-0-001ppm-with-auto-drain-pressure-gauge,MechMaxx,accessories,"01BBB, Air Compressor Accessories, Compressed Air Filter, SMS",2025-07-08T01:29:41-07:00,2025-07-03T01:11:44-07:00,2026-07-20T11:17:45-07:00,480059,249.99,,true,3221,https://cdn.shopify.com/s/files/1/0653/3470/6391/files/480059.webp?v=1751690525
8960899121367,"99 CFM Compressed Air Oil-Water Separator Precision Filter,0.01μm,Oil Content 0.01ppm, With Auto Drain, Pressure Gauge",99-cfm-compressed-air-oil-water-separator-precision-filter-0-01μm-oil-content-0-01ppm-with-auto-drain-pressure-gauge,MechMaxx,accessories,"01BBB, Air Compressor Accessories, Compressed Air Filter, SMS",2025-07-08T01:29:40-07:00,2025-07-03T01:08:39-07:00,2026-07-20T11:17:45-07:00,480058,249.99,,true,3221,https://cdn.shopify.com/s/files/1/0653/3470/6391/files/480058.webp?v=1751690378
8960898072791,"99 CFM Compressed Air Oil-Water Separator Precision Filter,1μm,Oil Content 1ppm, With Auto Drain, Pressure Gauge",99-cfm-compreh2-k2ater-separator-precision-filter-1μm-oil-content-1ppm-with-auto-drain-pressure-gauge,MechMaxx,accessories,"01BBB, Air Compressor Accessories, Compressed Air Filter, SMS",2025-07-08T01:29:40-07:00,2025-07-03T01:07:11-07:00,2026-07-20T11:17:45-07:00,480057,249.99,,true,3221,https://cdn.shopify.com/s/files/1/0653/3470/6391/files/480057_2.webp?v=1751684991
8920020386007,"Additional Stainless Steel Mesh Basket for Mechmaxx Ultrasonic Cleaner - 304 Grade, 22lbs Capacity, Fine Mesh",ultrasonic-cleaning-basket-steel-stainless-mesh,MechMaxx,accessories,"01BBB, 482016, Accessories, other spare part, SMS",2025-07-02T00:02:49-07:00,2025-05-26T19:56:53-07:00,2026-07-20T11:17:45-07:00,482016,129.99,,true,1814,https://cdn.shopify.com/s/files/1/0653/3470/6391/files/482016.webp?v=1751445632
9030914539735,"Adjustable Skid Steer Crane Jib Attachment, Manual Telescopic Manual Telescoping 6 FT - 10 FT, 5000 lbs Max Capacity, SSCJ50",skid-steer-crane-jib-sscj50,MechMaxx,machine,"00renew, 01AAA, 0zs, _ClogA14, Skid Steer Attachments, Skid Steer Crane Jibs, SMS",2025-11-25T18:55:31-08:00,2025-09-09T23:44:47-07:00,2026-07-20T11:17:45-07:00,201032,1499.00,1799.00,true,204117,https://cdn.shopify.com/s/files/1/0653/3470/6391/files/Skid_Steer_Crane_Jib.webp?v=1763811309
9314833498327,"Adjustment Rod Assembly for RSB Stone Burier (for SKU: 201119, 201121)",461218-adjustment-rod-assembly-for-rsb-stone-burier,MechMaxx,accessories,"0zs, 201119, 201121, Tractor Implements & Attachments part",2026-07-05T19:37:31-07:00,2026-07-01T20:28:33-07:00,2026-07-20T11:17:45-07:00,461218,69.99,79.99,true,2722,https://cdn.shopify.com/s/files/1/0653/3470/6391/files/DSC08059.webp?v=1783056621
9105548837079,Air Compressor Dedicated SKU for Non-Standard Repair Parts,air-compressor-non-standard-maintenance-parts-dedicated-sku,MechMaxx,accessories,,2026-04-21T18:28:08-07:00,2025-11-13T23:27:51-08:00,2026-07-20T11:17:45-07:00,484999,250.00,,true,0,
8822743957719,"Air Distributor for TC Tire Changer (for SKU: 200001, 200002, 200027, 200005, 200006, 200028)",air-distributor-for-tc-tire-changers-for-sku-200001-200002-200027-200005-200006-200028,MechMaxx,accessories,"01BBB, 0ZS, auto-parts, Automotive Equipments & Tools, SMS, Tire Changer Accessories & Parts, Tire Changers",2025-08-14T03:25:25-07:00,2025-01-26T18:50:38-08:00,2026-07-20T11:17:45-07:00,460009,39.99,49.99,true,318,https://cdn.shopify.com/s/files/1/0653/3470/6391/files/DSC02485.webp?v=1737946220
8858950729943,"Air Filter for Mini Skid Steer STL1000, ( SKU: 101000 )",air-filter-for-mini-skid-steer-stl1000-sku-101000,MechMaxx,accessories,"01BBB, 101000, AAA41, Accessories, active, filter, SMS",2025-03-11T03:20:32-07:00,2025-03-11T01:17:38-07:00,2026-07-20T11:17:45-07:00,410509,79.99,,true,408,https://cdn.shopify.com/s/files/1/0653/3470/6391/files/410509-_2.webp?v=1742378446
9117306650839,"Air Switch for Model: 1700-B1, 1700-B2, 1600-C1, 1600-C2, 1600-C3pro, 1700-A1, 1700-A3(SKU:501014, 501015, 501017, 501018, 501019, 501016, 501020)",air-switch-for-model-1700-b1-1700-b2-1600-c1-1600-c2-1600-c3pro-1700-a1-1700-a3sku-501014-501015-501017-501018-501019-501016-501020,MechMaxx,accessories,"01BBB, Advertising Equipments part, Laminating Machines part, other spare part, SMS",2025-11-25T19:50:06-08:00,2025-11-25T19:21:11-08:00,2026-07-20T11:17:45-07:00,486009,59.00,79.99,true,200,https://cdn.shopify.com/s/files/1/0653/3470/6391/files/486009-1.webp?v=1764126282
9314833039575,"Aluminum Crevice Tool for Industrial Vacuum Cleaner (for SKU: 202021, 202022, 202023)",aluminum-crevice-tool-for-industrial-vacuum-cleaner,MechMaxx,accessories,"0zs, 110V 1Phase Vacuum Cleaner, 202021, 202022, 202023, 230V 3Phase Vacuum Cleaner, 480V 3Phase Vacuum Cleaner, Janitorial & Cleaning, Vacuum Cleaners",2026-07-04T03:15:21-07:00,2026-07-01T20:24:06-07:00,2026-07-20T11:17:45-07:00,462011,69.99,79.99,true,680,https://cdn.shopify.com/s/files/1/0653/3470/6391/files/462011.webp?v=1783056911
9314833236183,"Aluminum Extension Tube & Bend Wand for Industrial Vacuum Cleaner (for SKU: 202021, 202022, 202023)",aluminum-extension-tube-bend-wand-for-industrial-vacuum-cleaner,MechMaxx,accessories,"0zs, 110V 1Phase Vacuum Cleaner, 202021, 202022, 202023, 230V 3Phase Vacuum Cleaner, 480V 3Phase Vacuum Cleaner, Janitorial & Cleaning, Vacuum Cleaners",2026-07-04T03:15:23-07:00,2026-07-01T20:26:26-07:00,2026-07-20T11:17:45-07:00,462013,99.99,119.99,true,1315,https://cdn.shopify.com/s/files/1/0653/3470/6391/files/462013.webp?v=1783057642
9117243834583,"Aluminum head for Model: 1700-B1, 1700-B2, 1700-A3, 1600-C3pro (SKU: 501014, 501015, 501020, 501019)",aluminum-head,MechMaxx,accessories,"01BBB, Advertising Equipments part, Laminating Machines part, other spare part, SMS",2025-11-25T17:32:21-08:00,2025-11-25T17:18:33-08:00,2026-07-20T11:17:45-07:00,486004,65.99,79.99,true,200,https://cdn.shopify.com/s/files/1/0653/3470/6391/files/486004.webp?v=1764120622
8865761362135,AMETEK Motor for Industrial Vacuum Cleaner (for SKU: 202021),ametek-motor-for-industrial-vacuum-cleaner,MechMaxx,accessories,"202021, SMS",2025-03-25T08:36:43-07:00,2025-03-17T06:48:43-07:00,2026-07-20T11:17:45-07:00,462003,149.99,229.99,true,2495,https://cdn.shopify.com/s/files/1/0653/3470/6391/files/DSC00247.webp?v=1742915156
8822869131479,"Angle Sensor for WB Wheel Balancer (for SKU: 200009, 200010)",angle-sensor-for-wb-wheel-balancers-for-sku-200009-200010,MechMaxx,accessories,"01BBB, 0ZS, auto-parts, Automotive Equipments & Tools, NOV8-14, SMS, Wheel Balancer Accessories & Parts, Wheel Balancers",2025-11-07T22:06:18-08:00,2025-01-27T05:06:48-08:00,2026-07-20T11:17:45-07:00,460039,39.99,49.99,true,100,https://cdn.shopify.com/s/files/1/0653/3470/6391/files/DSC02214.webp?v=1737983152
9071976644823,Anti-slip Device for Wood Chipper TX1000 (SKU: 110701),anti-slip-device-for-wood-chipper-tx1000-sku-110701,MechMaxx,accessories,"01BBB, 110701, 8 in Wood Chipper Part, ACCESSORIES, SMS",2025-10-21T03:33:13-07:00,2025-10-20T02:58:44-07:00,2026-07-20T11:17:45-07:00,412121,69.99,85.99,true,680,https://cdn.shopify.com/s/files/1/0653/3470/6391/files/412121.webp?v=1760954378
9232989192407,APMT 1604 - (H2) Set of 10 Pcs for Face Cutting SKU:485521 485522 485523,apmt-1604-h2-set-of-10-pcs-for-face-cutting-sku-485521-485522-485523,MechMaxx,accessories,"01BBB, 1030V, 500005, Metal Lathe Machine, Metalworking Machines part, Spare Parts",2026-04-02T21:56:05-07:00,2026-04-02T21:51:49-07:00,2026-07-20T11:17:45-07:00,485541,48.00,,false,100,https://cdn.shopify.com/s/files/1/0653/3470/6391/files/485541_DSC08784.webp?v=1775192167
9114236158167,"Arm Guide rails for Hay Rake Tedder, HT100 (SKU: 150217)",arm-guide-rails-for-hay-rake-tedder-ht100-sku-150217,MechMaxx,accessories,"01BBB, 150217, other spare part, SMS",2025-12-03T18:32:15-08:00,2025-11-20T23:39:16-08:00,2026-07-20T11:17:45-07:00,412098,79.99,,true,5897,https://cdn.shopify.com/s/files/1/0653/3470/6391/files/412098-_1.webp?v=1764660489
8822845604055,"Assist Arm Control Valve for TC Tire Changer (for SKU: 200027, 200005)",helper-control-valve-for-tc-tire-changers-for-sku-200027-200005,MechMaxx,accessories,"01BBB, 0ZS, auto-parts, Automotive Equipments & Tools, SMS, Tire Changer Accessories & Parts, Tire Changers",2025-08-14T03:27:44-07:00,2025-01-27T03:59:02-08:00,2026-07-20T11:17:45-07:00,460018,45.99,55.99,true,181,https://cdn.shopify.com/s/files/1/0653/3470/6391/files/DSC02478.webp?v=1737979389
9314831171799,Assist Arm Control Valve Plastic Cap for TC Tire Changer (for SKU: 200028),460077-assist-arm-control-valve-plastic-cap-for-tc-tire-changer,MechMaxx,accessories,"0zs, 200028, Automotive Equipments & Tools, Spare Parts, Tire Changer Accessories & Parts, Tire Changers",2026-07-05T19:35:16-07:00,2026-07-01T20:09:44-07:00,2026-07-20T11:17:45-07:00,460077,39.99,49.99,true,136,https://cdn.shopify.com/s/files/1/0653/3470/6391/files/IMG_1185.webp?v=1783055948
9314831139031,Assist Arm Cylinder for TC Tire Changer (for SKU: 200028),460076-assist-arm-cylinder-for-tc-tire-changer,MechMaxx,accessories,"0zs, 200028, Automotive Equipments & Tools, Spare Parts, Tire Changer Accessories & Parts, Tire Changers",2026-07-05T19:35:16-07:00,2026-07-01T20:09:22-07:00,2026-07-20T11:17:45-07:00,460076,119.99,139.99,true,3992,https://cdn.shopify.com/s/files/1/0653/3470/6391/files/IMG_1190.webp?v=1783055868
9103629779159,Assist Arm for Tilt Back Tire Changer (SKU: 200006),tire-changer-helper-arm,MechMaxx,accessories,"00Z, 01AAA, 02G-series, 0ZS, AAA-auto, AAA20, Automotive Equipment & Tools, coupon, SMS, Tire Changer, Vehicle Equipment & Tools",2025-11-13T00:55:31-08:00,2025-11-11T22:16:21-08:00,2026-07-20T11:17:45-07:00,200008,799.00,1099.00,false,78925,https://cdn.shopify.com/s/files/1/0653/3470/6391/files/TC968HATirechangerhelperarm.jpg?v=1763023803
9087307579607,"Attachment Set for Mini Compact Excavator MEC17, MEC17PRO (SKU: 150533; 150534）",attachment-set-for-mini-compact-excavator-mec17-sku-150533-150534,MechMaxx,machine,"01AAA, 02K-series, 150533, 150534, _ClogA11, active, Excavator Attachment Set, Mini Excavator Attachments, SMS",2025-11-05T04:42:33-08:00,2025-10-31T00:19:48-07:00,2026-07-20T11:17:45-07:00,150545,799.00,1039.00,true,82100,https://cdn.shopify.com/s/files/1/0653/3470/6391/files/150545-_1.webp?v=1761895177
8771108536535,"Backhoe Quick Attach (for SKU: 150162, 150163, 150164, 201162, 201163, 201164)",backhoe-quick-attach-forsku-150162-150163-150164,MechMaxx,accessories,"00Z, 01BBB, 0ZS, 150163, active, All PTO Backhoes, BACKHOE, Backhoe attachment, backhoe for tractor, other spare part, SMS, Tractor",2024-12-02T22:54:40-08:00,2024-11-25T23:50:42-08:00,2026-07-20T11:17:45-07:00,461003,179.99,269.00,true,14969,https://cdn.shopify.com/s/files/1/0653/3470/6391/files/4_583236fb-d4dc-4da2-ba84-2fe8879cc6e9.webp?v=1783056000
8771108634839,"Backhoe Ripper Attachment with Pins (for SKU: 150162, 150163, 150164, 201162, 201163, 201164)",backhoe-ripper-attachmentfor-sku-150162-150163150164,MechMaxx,accessories,"00Z, 01BBB, 0ZS, 150163, active, All PTO Backhoes, BACKHOE, Backhoe attachment, backhoe for tractor, other spare part, SMS, Tractor",2024-12-02T22:54:41-08:00,2024-11-25T23:51:09-08:00,2026-07-20T11:17:45-07:00,461002,359.99,469.00,true,40823,https://cdn.shopify.com/s/files/1/0653/3470/6391/files/SKU461002.webp?v=1735635429
9314832941271,"Backhoe Ripper Tooth (for SKU: 150162, 150163, 150164, 201162, 201163, 201164)",461221-backhoe-ripper-tooth,MechMaxx,accessories,"0zs, 150162, 150163, 150164, 201162, 201163, 201164, PTO Backhoes part, Tractor Implements & Attachments part",2026-07-11T03:21:06-07:00,2026-07-01T20:23:26-07:00,2026-07-20T11:17:45-07:00,461221,79.99,89.99,true,1996,https://cdn.shopify.com/s/files/1/0653/3470/6391/files/461221-1.webp?v=1783056746
9117313138903,Backside Control Panel for Model: 1700-A1(SKU:501016),backside-control-panel-for-model-1700-a1sku-501016,MechMaxx,accessories,"01BBB, Advertising Equipments part, Laminating Machines part, other spare part, SMS",2025-11-25T19:41:45-08:00,2025-11-25T19:40:02-08:00,2026-07-20T11:17:45-07:00,486014,75.99,79.99,true,100,https://cdn.shopify.com/s/files/1/0653/3470/6391/files/486014-1.webp?v=1764126308
8789798486231,Baler Drawbar for Hay Baler HB3120  (SKU: 150215）,baler-drawbar-for-hay-baler-hb3120-sku-150215,MechMaxx,accessories,"01BBB, 150215, AAA40, Accessories, active, hay baler, hay equipment, Hay Equipment Combo, other spare part, SMS",2024-12-25T22:47:37-08:00,2024-12-25T18:48:51-08:00,2026-07-20T11:17:45-07:00,410711,249.99,,true,29030,https://cdn.shopify.com/s/files/1/0653/3470/6391/files/BalerDrawbar.webp?v=1735201165
8789799403735,Baler Rake Wheel for Hay Baler HB3120  (SKU: 150215）,baler-rake-wheel-for-hay-baler-hb3120-sku-150215,MechMaxx,accessories,"01BBB, 150215, AAA40, Accessories, active, hay baler, hay equipment, Hay Equipment Combo, other spare part, SMS",2024-12-25T22:47:27-08:00,2024-12-25T18:50:06-08:00,2026-07-20T11:17:45-07:00,410712,262.99,,true,12247,https://cdn.shopify.com/s/files/1/0653/3470/6391/files/BalerRakeWheel.webp?v=1735201133
9116967272663,"Barometer and Connector for 1700-B1, 1700-B2, 1700-A1, 1700-A3, 1600-C1, 1600-C2, 1600-C3pro (SKU:501014, 501015, 501016, 501020, 501017, 501018, 501019)",barometer-and-connector-for-1700-b1-1700-b2-1700-a1-1700-a3-1600-c1-1600-c2-1600-c3pro-sku-501014-501015-501016-501020-501017-501018-501019,MechMaxx,accessories,"01BBB, Advertising Equipments part, Laminating Machines part, other spare part, SMS",2025-11-25T06:46:04-08:00,2025-11-25T06:22:41-08:00,2026-07-20T11:17:45-07:00,486001,59.00,79.99,true,907,https://cdn.shopify.com/s/files/1/0653/3470/6391/files/486001.webp?v=1764081339
9109873492183,Baseball Cap,410742,MechMaxx,,"01BBB, Apparel & Footwear, Cap",2025-12-03T17:24:29-08:00,2025-11-18T18:39:55-08:00,2026-07-20T11:17:45-07:00,410742,36.99,,true,454,https://cdn.shopify.com/s/files/1/0653/3470/6391/files/410742-_1.webp?v=1763520023
9107806421207,"Battery for Dumper E50, EH50( SKU: 101200; 101200Y;101201R;101201 )",battery-for-dumper-e50-eh50-sku-101200-101200y-101201r-101201,MechMaxx,accessories,"01BBB, 101200, 101201, SMS",2025-11-22T02:25:29-08:00,2025-11-17T21:59:47-08:00,2026-07-20T11:17:45-07:00,412085,369.99,479.99,true,38102,https://cdn.shopify.com/s/files/1/0653/3470/6391/files/412085-_1.webp?v=1763445615
8875762024663,"Battery for Mini Skid Steer STL1000, ( SKU: 101000 )",battery-for-mini-skid-steer-stl1000-sku-101000,MechMaxx,accessories,"01BBB, 101000, AAA41, Accessories, active, SMS",2025-08-24T17:51:04-07:00,2025-03-27T23:24:39-07:00,2026-07-20T11:17:45-07:00,410515,169.99,,true,9072,https://cdn.shopify.com/s/files/1/0653/3470/6391/files/Battery-_2.webp?v=1743144039
8822862807255,"Bead Blaster Valve for TC Tire Changer (for SKU: 200002, 200027, 200005, 200006, 200028)",bead-blaster-valve-for-tc-tire-changers-for-sku-200002-200027-200005-200006-200028,MechMaxx,accessories,"01BBB, 0ZS, auto-parts, Automotive Equipments & Tools, SMS, Tire Changer Accessories & Parts, Tire Changers",2025-08-14T03:35:01-07:00,2025-01-27T04:55:04-08:00,2026-07-20T11:17:45-07:00,460034,49.99,59.99,true,318,https://cdn.shopify.com/s/files/1/0653/3470/6391/files/DSC02206.webp?v=1737982411
8822744907991,Bead Breaker Cylinder for TC Tire Changer (for SKU: 200001),bead-breaker-cylinder-for-tc-tire-changer-for-sku-200001,MechMaxx,accessories,"01BBB, 0ZS, auto-parts, Automotive Equipments & Tools, NOV8-14, SMS, Tire Changer Accessories & Parts, Tire Changers",2025-11-07T22:04:04-08:00,2025-01-26T18:57:04-08:00,2026-07-20T11:17:45-07:00,460012,119.99,149.99,true,6804,https://cdn.shopify.com/s/files/1/0653/3470/6391/files/DSC02162.webp?v=1737946582
8822848356567,"Bead Breaker Cylinder for TC Tire Changer (for SKU: 200002, 200027, 200005)",bead-breaker-cylinder-for-tc-tire-changer-for-sku-200002-200027-200005,MechMaxx,accessories,"01BBB, 0ZS, auto-parts, Automotive Equipments & Tools, NOV8-14, SMS, Tire Changer Accessories & Parts, Tire Changers",2025-11-07T22:04:03-08:00,2025-01-27T04:10:36-08:00,2026-07-20T11:17:45-07:00,460020,99.99,119.99,true,6804,https://cdn.shopify.com/s/files/1/0653/3470/6391/files/DSC02172.webp?v=1737979826
8822857695447,"Bead Breaker Cylinder for TC Tire Changer (for SKU: 200006, 200028)",bead-breaker-cylinder-for-tc-tire-changers-for-sku-200006-200028,MechMaxx,accessories,"01BBB, 0ZS, auto-parts, Automotive Equipments & Tools, NOV8-14, SMS, Tire Changer Accessories & Parts, Tire Changers",2025-11-07T22:04:02-08:00,2025-01-27T04:46:30-08:00,2026-07-20T11:17:45-07:00,460031,149.99,179.99,true,7711,https://cdn.shopify.com/s/files/1/0653/3470/6391/files/DSC02402.webp?v=1737981987
8822744482007,"Bead Breaker Cylinder Seals for TC Tire Changer (for SKU: 200001, 200002, 200027, 200005)",bead-breaker-cylinder-seals-for-tc-tire-changers-for-sku-200001-200002-200027-200005,MechMaxx,accessories,"01BBB, 0ZS, auto-parts, Automotive Equipments & Tools, NOV8-14, SMS, Tire Changer Accessories & Parts, Tire Changers",2025-11-07T22:04:05-08:00,2025-01-26T18:52:44-08:00,2026-07-20T11:17:45-07:00,460010,36.99,46.99,true,100,https://cdn.shopify.com/s/files/1/0653/3470/6391/files/DSC02767.webp?v=1737946299
8822856351959,"Bead Breaker Cylinder Seals for TC Tire Changer (for SKU: 200006, 200028)",bead-breaker-cylinder-seals-for-tc-tire-changers-for-sku-200006-200028,MechMaxx,accessories,"01BBB, 0ZS, auto-parts, Automotive Equipments & Tools, NOV8-14, SMS, Tire Changer Accessories & Parts, Tire Changers",2025-11-07T22:04:02-08:00,2025-01-27T04:42:56-08:00,2026-07-20T11:17:45-07:00,460029,36.99,46.99,true,200,https://cdn.shopify.com/s/files/1/0653/3470/6391/files/DSC02334.webp?v=1737981717
8822743826647,"Bead Breaker Valve for TC Tire Changer (for SKU: 200001, 200002, 200027, 200005)",bead-breaker-valve-for-tc-tire-changers-for-sku-200001-200002-200027-200005,MechMaxx,accessories,"01BBB, 0ZS, auto-parts, Automotive Equipments & Tools, SMS, Tire Changer Accessories & Parts, Tire Changers",2025-08-14T03:25:25-07:00,2025-01-26T18:46:35-08:00,2026-07-20T11:17:45-07:00,460007,39.99,49.99,true,318,https://cdn.shopify.com/s/files/1/0653/3470/6391/files/DSC02548.webp?v=1737945775
8822854123735,"Bead Breaker Valve for TC Tire Changer (for SKU: 200006, 200028)",bead-breaker-valve-for-tc-tire-changers-for-sku-200006-200028,MechMaxx,accessories,"01BBB, 0ZS, auto-parts, Automotive Equipments & Tools, SMS, Tire Changer Accessories & Parts, Tire Changers",2025-08-14T03:32:21-07:00,2025-01-27T04:35:19-08:00,2026-07-20T11:17:45-07:00,460026,39.99,49.99,true,318,https://cdn.shopify.com/s/files/1/0653/3470/6391/files/DSC02535.webp?v=1737981314
9020054831319,Bearing Combination for Firewood Conveyor(SKU: 150301）,410728,MechMaxx,accessories,"01BBB, 150301, other spare part, SMS",2025-08-28T02:15:37-07:00,2025-08-25T19:18:39-07:00,2026-07-20T11:17:45-07:00,410728,72.99,,true,2268,https://cdn.shopify.com/s/files/1/0653/3470/6391/files/410728-_2.webp?v=1756350953
9071976218839,Bearing Combination for Wood Chipper TX1000 (SKU: 110701),bearing-combination-for-wood-chipper-tx1000-sku-110701,MechMaxx,accessories,"01BBB, 110701, 8 in Wood Chipper Part, Accessories, SMS, Wood Chipper",2026-01-10T01:10:38-08:00,2025-10-20T02:52:42-07:00,2026-07-20T11:17:45-07:00,412119,79.99,99.99,true,1361,https://cdn.shopify.com/s/files/1/0653/3470/6391/files/412119.webp?v=1760954178
8996008788183,"Bearing for Hay Rake Tedder, HT100 (SKU: 150217)",bearing-for-hay-rake-tedder-ht100-sku-150217,MechMaxx,accessories,"01BBB, 150217, other spare part, SMS",2025-08-30T02:59:11-07:00,2025-07-28T23:33:45-07:00,2026-07-20T11:17:45-07:00,410792,57.99,59.99,true,454,https://cdn.shopify.com/s/files/1/0653/3470/6391/files/410792-2.webp?v=1753770834
8779821056215,Bearing Housing for PTO Stump Grinder SG24; SG24PRO; SG28 (SKU: 150151;150151G;150182;150182G; 150183; 150183G),bearing-housing-for-pto-stump-grinder-sg24,MechMaxx,accessories,"01BBB, 150151, 150151G, 150182, 150182G, 150183, 150183G, Accessories, active, PTO Stump Grinder, SMS, Stump Grinder for Tractor, Tractor Implements & Attachments part",2024-12-10T00:47:34-08:00,2024-12-09T18:15:30-08:00,2026-07-20T11:17:45-07:00,410220,68.99,69.99,true,1814,https://cdn.shopify.com/s/files/1/0653/3470/6391/files/BearingHousingforsg24-_3.webp?v=1734601500
9071972188375,Bearing Sleeves for Wood Chipper TX1000 (SKU: 110701),bearing-sleeves-for-wood-chipper-tx1000-sku-110701,MechMaxx,accessories,"01BBB, 110701, 8 in Wood Chipper Part, Accessories, SMS, Wood Chipper",2026-01-10T00:57:14-08:00,2025-10-20T02:21:25-07:00,2026-07-20T11:17:45-07:00,412111,59.99,79.99,true,454,https://cdn.shopify.com/s/files/1/0653/3470/6391/files/412111.webp?v=1760952153
9125526503639,"Black Hoodie, Size 2XL",black-hoodie-size-2xl,MechMaxx,,,2025-12-03T17:25:15-08:00,2025-12-02T17:46:47-08:00,2026-07-20T11:17:45-07:00,410762-2XL,89.99,,true,1361,https://cdn.shopify.com/s/files/1/0653/3470/6391/files/BlackHoodie--_3.webp?v=1768458823
9125526765783,"Black Hoodie, Size 3XL",black-hoodie-size-3xl,MechMaxx,,"Apparel & Footwear, Hoodie, Tops",2025-12-03T17:25:16-08:00,2025-12-02T17:48:07-08:00,2026-07-20T11:17:45-07:00,410762-3XL,89.99,,true,1361,https://cdn.shopify.com/s/files/1/0653/3470/6391/files/BlackHoodie--_3.webp?v=1768458823
9125525979351,"Black Hoodie, Size L",black-hoodie-size-l,MechMaxx,,,2025-12-03T17:25:13-08:00,2025-12-02T17:44:28-08:00,2026-07-20T11:17:45-07:00,410762-L,89.99,,true,1361,https://cdn.shopify.com/s/files/1/0653/3470/6391/files/BlackHoodie--_3.webp?v=1768458823
9125525618903,"Black Hoodie, Size M",black-hoodie-size-m,MechMaxx,,,2025-12-03T17:25:12-08:00,2025-12-02T17:43:04-08:00,2026-07-20T11:17:45-07:00,410762-M,89.99,,true,1361,https://cdn.shopify.com/s/files/1/0653/3470/6391/files/BlackHoodie--_3.webp?v=1768458823
9111657677015,"Black Hoodie, Size S",410762,MechMaxx,,,2025-12-03T17:25:11-08:00,2025-11-19T19:50:00-08:00,2026-07-20T11:17:45-07:00,410762-S,89.99,,true,1361,https://cdn.shopify.com/s/files/1/0653/3470/6391/files/BlackHoodie--_3.webp?v=1768458823
9125526241495,"Black Hoodie, Size XL",black-hoodie-size-xl,MechMaxx,,,2025-12-03T17:25:14-08:00,2025-12-02T17:45:27-08:00,2026-07-20T11:17:45-07:00,410762-XL,89.99,,true,1361,https://cdn.shopify.com/s/files/1/0653/3470/6391/files/BlackHoodie--_3.webp?v=1768458823
9115348828375,Blade Barrel for Wood Chipper B200 (SKU: 110810; 110811）,blade-barrel-for-wood-chipper-b200-sku-110810,MechMaxx,accessories,"01BBB, 110810, 8 in Wood Chipper Part, Accessories, SMS",2025-11-22T02:22:57-08:00,2025-11-22T01:55:16-08:00,2026-07-20T11:17:45-07:00,412147,339.99,439.99,true,47174,https://cdn.shopify.com/s/files/1/0653/3470/6391/files/412147-03.webp?v=1764144045
9159000752343,"Blade for 42'' Mini Skid Steer Brush Cutter, BC42(SKU: 150517）",blade-for-42-mini-skid-steer-brush-cutter-bc42sku-150517,MechMaxx,accessories,"150517, Mini Skid Steer Attachments, Mini Track Loader Attachments",2026-01-20T01:49:43-08:00,2026-01-18T19:56:51-08:00,2026-07-20T11:17:45-07:00,412194,89.99,119.99,true,3175,https://cdn.shopify.com/s/files/1/0653/3470/6391/files/412194-_2.webp?v=1768901494
9071972155607,Blade for Wood Chipper TX1000 (SKU: 110701),blade-for-wood-chipper-tx1000-sku-110701,MechMaxx,accessories,"01BBB, 110701, 8 in Wood Chipper Part, AAA40, Accessories, active, blade1 gas wood chipper, Chipper Blade, Cutting Tools, SMS",2025-10-21T03:33:14-07:00,2025-10-20T02:20:10-07:00,2026-07-20T11:17:45-07:00,412110,99.99,129.99,true,9072,https://cdn.shopify.com/s/files/1/0653/3470/6391/files/412110-1_3000x_3ecd265c-50c7-4b32-990c-ced4fd30f4d9.jpg?v=1761047106
8749608632535,Blade Guide for Sawmill,meter-for-sawmill,MechMaxx,accessories,"01BBB, 32 inch Sawmill, AAA41, active, other spare part, sawmill, Sawmill accessories, SMS",2024-10-28T02:02:39-07:00,2024-10-25T18:11:03-07:00,2026-07-20T11:17:45-07:00,410212,59.99,,true,1814,https://cdn.shopify.com/s/files/1/0653/3470/6391/files/410212--_6.webp?v=1754880462
8763365032151,Block for Sawmill Blade Guide,sawmill-blade-block,MechMaxx,accessories,"01BBB, 150165, 150166, 150167, 150168, 150169, 32 inch Sawmill, AAA41, active, sawmill, Sawmill accessories, SMS",2024-11-20T18:35:37-08:00,2024-11-15T00:25:37-08:00,2026-07-20T11:17:45-07:00,410714,49.99,,true,1361,https://cdn.shopify.com/s/files/1/0653/3470/6391/files/410714.webp?v=1748597997
9030933250263,"Boom Travel Pin (for SKU: 150162, 150163, 150164, 201162, 201163, 201164)",boom-travel-pin,MechMaxx,accessories,"0zs, 150162, PTO Backhoes part, SMS, Tractor Implements & Attachments part",2026-02-04T23:48:18-08:00,2025-09-10T00:26:34-07:00,2026-07-20T11:17:45-07:00,461135,44.99,64.99,true,590,https://cdn.shopify.com/s/files/1/0653/3470/6391/files/461135.webp?v=1768984341
9232372400343,"Boring Bar F1-50, R8, 9pcs12mm for SKU: 500200 | Model: VM18L SKU: 500201 | Model: VM18LD SKU: 500202 | Model: VM25L SKU: 500203 | Model: VM25LD SKU: 500204 | Model: VM32L SKU: 500205 | Model: VM32LD",boring-bar-f1-50-r8-9pcs12mm-for-sku-500200-model-vm18l-sku-500201-model-vm18ld-sku-500202-model-vm25l-sku-500203-model-vm25ld-sku-500204-model-vm32l-sku-500205-model-vm32ld,MechMaxx,accessories,"01BBB, 1030V, 500005, Metal Lathe Machine, Metalworking Machines part, Spare Parts",2026-04-02T08:36:34-07:00,2026-04-02T08:34:10-07:00,2026-07-20T11:17:45-07:00,485441,148.00,,true,2998,https://cdn.shopify.com/s/files/1/0653/3470/6391/files/485441_DSC09006.webp?v=1775143985
8872199127255,"Brake Cylinder for Mini Skid Steer STL1000, ( SKU: 101000 )",brake-cylinder-for-mini-skid-steer-stl1000-sku-101000,MechMaxx,accessories,"01BBB, 101000, AAA41, Accessories, active, SMS",2025-03-25T05:09:12-07:00,2025-03-25T01:28:51-07:00,2026-07-20T11:17:45-07:00,410512,149.99,,true,1361,https://cdn.shopify.com/s/files/1/0653/3470/6391/files/BrakeCylinder-_1.webp?v=1742891041
9230847574231,"Brass Nut and Lead Screw for Portable Sawmill, SM-26(SKU: 150166; 150166D6; 150166K6）",brass-nut-and-lead-screw-for-portable-sawmill-sm-26,MechMaxx,accessories,"150166, 26 inch sawmill, SM26, Spare Parts",2026-04-01T19:42:26-07:00,2026-04-01T00:05:05-07:00,2026-07-20T11:17:45-07:00,410123,66.99,73.99,true,907,https://cdn.shopify.com/s/files/1/0653/3470/6391/files/410123.webp?v=1775027153
9230847279319,"Brass Nut and Lead Screw for Portable Sawmill, SM-32 ( SKU: 150167; 150167D6; 150167K4; 150167K6; 150167H6)",brass-nut-and-lead-screw-for-portable-sawmill-sm-32,MechMaxx,accessories,"150167, 150167h6, 32 inch Sawmill, SM32, Spare Parts",2026-04-01T19:37:56-07:00,2026-04-01T00:01:17-07:00,2026-07-20T11:17:45-07:00,410122,66.99,73.99,true,907,https://cdn.shopify.com/s/files/1/0653/3470/6391/files/410122.webp?v=1775026995
9230835286231,"Brass Nut and Lead Screw for Portable Sawmill, SM-36MAX, SM-36HMAX (SKU: 150168MAX; 150168HMAX; 150268）",410121,MechMaxx,accessories,"150168HMAX, 150168max, SM36MAX, Spare Parts",2026-04-01T19:36:45-07:00,2026-03-31T22:45:33-07:00,2026-07-20T11:17:45-07:00,410121,69.99,79.99,true,907,https://cdn.shopify.com/s/files/1/0653/3470/6391/files/410121.webp?v=1775024578
9232366403799,BS-0 Complete Set with 125mm Chuck and Tailstock for SKU: 500202 | Model: VM25L SKU: 500203 | Model: VM25LD SKU: 500204 | Model: VM32L SKU: 500205 | Model: VM32LD,bs-0-complete-set-with-125mm-chuck-and-tailstock-for-sku-500202-model-vm25l-sku-500203-model-vm25ld-sku-500204-model-vm32l-sku-500205-model-vm32ld,MechMaxx,accessories,"01BBB, 1030V, 500005, Metal Lathe Machine, Metalworking Machines part, Spare Parts",2026-04-02T08:28:39-07:00,2026-04-02T08:25:53-07:00,2026-07-20T11:17:45-07:00,485421,720.00,,true,23002,https://cdn.shopify.com/s/files/1/0653/3470/6391/files/485421_DSC08383-01.webp?v=1775143721
9175168385239,Bushing Set for Landscape Attachment,bushing-set-for-landscape-attachment,MechMaxx,accessories,"0zs, Landscaping, Spare Parts, Tractor Implements & Attachments",2026-03-25T20:01:03-07:00,2026-02-04T18:12:47-08:00,2026-07-20T11:17:45-07:00,461161,49.99,69.99,true,907,https://cdn.shopify.com/s/files/1/0653/3470/6391/files/461161_3.webp?v=1774422964
9175168155863,"Bushings for Landscape Rake Wheel (for SKU: 201026, 201027)",bushings-for-landscape-rake-wheel,MechMaxx,accessories,"0zs, Landscape Rakes, Landscaping, Spare Parts, Tractor Implements & Attachments",2026-03-25T19:57:16-07:00,2026-02-04T18:12:00-08:00,2026-07-20T11:17:45-07:00,461160,49.99,69.99,true,590,https://cdn.shopify.com/s/files/1/0653/3470/6391/files/461160_1.webp?v=1774422930
9136920789207,"C13 Red Beam  for Portable Sawmill, SM-36MAX, SM-36HMAX (SKU: 150168MAX; 150168HMAX）",c13-red-beam-for-portable-sawmill-sm-36max-sm-36hmax-sku-150168max-150168hmax,MechMaxx,accessories,,2026-01-09T02:49:29-08:00,2025-12-18T00:08:46-08:00,2026-07-20T11:17:45-07:00,412186-C13,96.99,,true,11793,https://cdn.shopify.com/s/files/1/0653/3470/6391/files/412186-c13-_1.webp?v=1767858240
9136911352023,"C13 Red Beam for 22"" Portable Sawmill, SM-22 (SKU: 150169; 150169K4; 150320）",c13-red-beam-for-22-portable-sawmill-sm-22-sku-150169-150169k4-150320,MechMaxx,accessories,,2026-01-09T02:49:32-08:00,2025-12-17T22:48:45-08:00,2026-07-20T11:17:45-07:00,412183-C13,79.99,,true,2722,https://cdn.shopify.com/s/files/1/0653/3470/6391/files/412183-c13-_1.webp?v=1767853428
9136916168919,"C13 Red Beam for 26"" Portable Sawmill, SM-26 (SKU: 150166; 150166D6; 150166K6）",c13-red-beam-for-26-portable-sawmill-sm-26-sku-150166-150166d6-150166k6,MechMaxx,accessories,,2026-01-09T02:49:30-08:00,2025-12-17T23:27:02-08:00,2026-07-20T11:17:45-07:00,412184-C13,86.99,,true,8165,https://cdn.shopify.com/s/files/1/0653/3470/6391/files/412184-c13-_1.webp?v=1767853591
9136918921431,"C13 Red Beam for 32"" Portable Sawmill, SM-32 (SKU: 150167; 150167K4; 150167D6; 150167K6; 150167H6)",c13-red-beam-for-32-portable-sawmill-sm-32-sku-150167-150167k4-150167d6-150167k6-150167h6,MechMaxx,accessories,,2026-01-09T02:49:30-08:00,2025-12-17T23:56:37-08:00,2026-07-20T11:17:45-07:00,412185-C13,89.99,,true,9072,https://cdn.shopify.com/s/files/1/0653/3470/6391/files/412185-c13-_1.webp?v=1767855668
9136914694359,"C15 Red Beam for 22"" Portable Sawmill, SM-22 (SKU: 150169; 150169K4; 150320）",c15-red-beam-for-22-portable-sawmill-sm-22-sku-150169-150169k4-150320,MechMaxx,accessories,"01BBB, 150169, 150320, other spare part, Sawmill accessories, Sawmill part, SM22, SMS, Woodworking Machinery part",2026-01-07T22:07:50-08:00,2025-12-17T23:16:26-08:00,2026-07-20T11:17:45-07:00,412183-C15,79.99,,true,3629,https://cdn.shopify.com/s/files/1/0653/3470/6391/files/412183-C15-_1_84ff3e77-2b0c-4dad-bf65-af81705626cd.webp?v=1767951410
9136917676247,"C15 Red Beam for 26"" Portable Sawmill, SM-26 (SKU: 150166; 150166D6; 150166K6）",c15-red-beam-for-26-portable-sawmill-sm-26-sku-150166-150166d6-150166k6,MechMaxx,accessories,"01BBB, other spare part, Sawmill accessories, Sawmill part, SM26, SMS, Woodworking Machinery part",2026-01-09T02:49:30-08:00,2025-12-17T23:48:50-08:00,2026-07-20T11:17:45-07:00,412184-C15,86.99,,true,8618,https://cdn.shopify.com/s/files/1/0653/3470/6391/files/412184-c15-_1.webp?v=1767852147
9136920035543,"C15 Red Beam for 32"" Portable Sawmill, SM-32 (SKU: 150167; 150167K4; 150167D6; 150167K6; 150167H6)",c15-red-beam-for-32-portable-sawmill-sm-32-sku-150167-150167k4-150167d6-150167k6-150167h6,MechMaxx,accessories,"01BBB, other spare part, Sawmill accessories, Sawmill part, SM32, SMS, Woodworking Machinery part",2026-01-09T02:49:29-08:00,2025-12-18T00:03:30-08:00,2026-07-20T11:17:45-07:00,412185-C15,89.99,,true,10433,https://cdn.shopify.com/s/files/1/0653/3470/6391/files/412185-c15-_1.webp?v=1767856517
9136923967703,"C15 Red Beam for Portable Sawmill, SM-36MAX, SM-36HMAX (SKU: 150168MAX; 150168HMAX; 150268）",c15-red-beam-for-portable-sawmill-sm-36max-sm-36hmax-sku-150168max-150168hmax,MechMaxx,accessories,"01BBB, other spare part, Sawmill accessories, Sawmill part, SM36, SMS, Woodworking Machinery part",2026-01-09T02:49:29-08:00,2025-12-18T00:26:00-08:00,2026-07-20T11:17:45-07:00,412186-C15,96.99,,true,12247,https://cdn.shopify.com/s/files/1/0653/3470/6391/files/412186-c15-_1.webp?v=1767858337
9136917840087,"C20 Red Beam for 26"" Portable Sawmill, SM-26 (SKU: 150166; 150166D6; 150166K6）",c20-red-beam-for-26-portable-sawmill-sm-26-sku-150166-150166d6-150166k6,MechMaxx,accessories,,2026-01-09T02:49:30-08:00,2025-12-17T23:49:34-08:00,2026-07-20T11:17:45-07:00,412184-C20,86.99,,true,8618,https://cdn.shopify.com/s/files/1/0653/3470/6391/files/412184-c20-_1.webp?v=1767853833
9136920264919,"C20 Red Beam for 32"" Portable Sawmill, SM-32 (SKU: 150167; 150167K4; 150167D6; 150167K6; 150167H6)",c20-red-beam-for-32-portable-sawmill-sm-32-sku-150167-150167k4-150167d6-150167k6-150167h6,MechMaxx,accessories,,2026-01-09T02:49:29-08:00,2025-12-18T00:05:10-08:00,2026-07-20T11:17:45-07:00,412185-C20,89.99,,true,9979,https://cdn.shopify.com/s/files/1/0653/3470/6391/files/412185-c20-_1.webp?v=1767857236
9136924721367,"C20 Red Beam for Portable Sawmill, SM-36MAX, SM-36HMAX (SKU: 150168MAX; 150168HMAX）",c20-red-beam-for-portable-sawmill-sm-36max-sm-36hmax-sku-150168max-150168hmax,MechMaxx,accessories,,2026-01-09T02:49:27-08:00,2025-12-18T00:28:33-08:00,2026-07-20T11:17:45-07:00,412186-C20,96.99,,true,12247,https://cdn.shopify.com/s/files/1/0653/3470/6391/files/412186-c20-_1.webp?v=1767858645
9015919083735,Carburetor for B&S Vanguard 25V3 Engine,carburetor-for-b-s-vanguard-25v3-engine,MechMaxx,accessories,"01BBB, 25V3, Accessories, engine parts, SMS",2025-09-24T20:27:02-07:00,2025-08-20T20:56:22-07:00,2026-07-20T11:17:45-07:00,400738,112.99,149.99,true,3175,https://cdn.shopify.com/s/files/1/0653/3470/6391/files/SKU400702_2.webp?v=1742634107
8870434570455,Carburetor for DUCAR DH212 Engine,carburetor-for-ducar-dh212-engine,MechMaxx,accessories,"01BBB, Accessories, DH212, engine parts, SMS",2025-03-22T03:15:53-07:00,2025-03-22T02:00:36-07:00,2026-07-20T11:17:45-07:00,400702,45.99,59.99,true,3175,https://cdn.shopify.com/s/files/1/0653/3470/6391/files/SKU400702_2.webp?v=1742634107
8872822407383,Carburetor for DUCAR DH270 Engine,carburetor-for-ducar-dh270-engine,MechMaxx,accessories,"01BBB, Accessories, DH270, engine parts, SMS",2025-03-28T00:10:06-07:00,2025-03-25T19:42:16-07:00,2026-07-20T11:17:45-07:00,400706,57.99,75.99,true,3175,https://cdn.shopify.com/s/files/1/0653/3470/6391/files/400706_1.webp?v=1742956963
8877951025367,Carburetor for DUCAR DH420E Engine,carburetor-for-ducar-dh420e-engine,MechMaxx,accessories,"01BBB, Accessories, DH420E, engine parts, SMS",2025-04-01T03:02:57-07:00,2025-04-01T01:25:22-07:00,2026-07-20T11:17:45-07:00,400710,57.99,75.99,true,3175,https://cdn.shopify.com/s/files/1/0653/3470/6391/files/400710_2.webp?v=1743495931
9015918788823,Carburetor for HONDA GX200 Engine,carburetor-for-honda-gx200-engine,MechMaxx,accessories,"01BBB, Accessories, engine parts, GX200, SMS",2025-09-24T20:27:02-07:00,2025-08-20T20:54:21-07:00,2026-07-20T11:17:45-07:00,400726,79.99,99.99,true,3175,https://cdn.shopify.com/s/files/1/0653/3470/6391/files/400726-_1.webp?v=1756976386
9015918952663,Carburetor for HONDA GX390 Engine,carburetor-for-honda-gx690-engine,MechMaxx,accessories,"01BBB, Accessories, engine parts, GX690, SMS",2025-09-24T20:27:02-07:00,2025-08-20T20:55:17-07:00,2026-07-20T11:17:45-07:00,400734,109.99,139.99,true,3175,https://cdn.shopify.com/s/files/1/0653/3470/6391/files/400734-_1.webp?v=1773042412
9015918854359,Carburetor for HONDA GX690 Engine,carburetor-for-honda-gx390-engine,MechMaxx,accessories,"01BBB, Accessories, engine parts, GX390, SMS",2025-09-24T20:27:02-07:00,2025-08-20T20:54:49-07:00,2026-07-20T11:17:45-07:00,400730,182.99,239.99,true,3175,https://cdn.shopify.com/s/files/1/0653/3470/6391/files/400730--_2.webp?v=1756977095
9015919313111,Carburetor for KOHLER CH440 Engine,carburetor-for-kohler-ch440-engine,MechMaxx,accessories,"01BBB, Accessories, CH440, engine parts, SMS",2025-09-24T20:27:01-07:00,2025-08-20T20:57:16-07:00,2026-07-20T11:17:45-07:00,400742,91.99,120.99,true,3175,https://cdn.shopify.com/s/files/1/0653/3470/6391/files/400742-_1.webp?v=1756977268
9015918690519,Carburetor for ZONSEN GB1000 Engine,carburetor-for-zonsen-gb1000-engine,MechMaxx,accessories,"01BBB, Accessories, engine parts, GB1000, SMS",2025-09-24T20:27:03-07:00,2025-08-20T20:53:38-07:00,2026-07-20T11:17:45-07:00,400722,91.99,119.99,true,3175,https://cdn.shopify.com/s/files/1/0653/3470/6391/files/400722-_2.webp?v=1768287956
9015918362839,Carburetor for ZONSEN GB460 Engine,carburetor-for-zonsen-gb460-engine,MechMaxx,accessories,"01BBB, Accessories, engine parts, GB460, SMS",2025-09-24T20:27:03-07:00,2025-08-20T20:52:12-07:00,2026-07-20T11:17:45-07:00,400714,57.99,75.99,true,3175,https://cdn.shopify.com/s/files/1/0653/3470/6391/files/400714-_1.webp?v=1768287805
9015918559447,Carburetor for ZONSEN GB750 Engine,carburetor-for-zonsen-gb750-engine,MechMaxx,accessories,"01BBB, Accessories, engine parts, GB750, SMS",2025-09-24T20:27:03-07:00,2025-08-20T20:52:56-07:00,2026-07-20T11:17:45-07:00,400718,92.99,119.99,true,3175,https://cdn.shopify.com/s/files/1/0653/3470/6391/files/400718-_1.webp?v=1768287589
9175168712919,Cat 1 & 2 Lift Arm Pin,cat-1-2-lift-arm-pin,MechMaxx,accessories,"0zs, Landscaping, Spare Parts, Tractor Implements & Attachments",2026-03-25T20:02:24-07:00,2026-02-04T18:14:12-08:00,2026-07-20T11:17:45-07:00,461162,49.99,69.99,true,1996,https://cdn.shopify.com/s/files/1/0653/3470/6391/files/461162_3.webp?v=1774423013
9116119433431,CAT 1 Conversion Pin for DM6 (SKU: 150231),412053-dm6,MechMaxx,accessories,150231,2026-01-19T23:25:15-08:00,2025-11-23T22:06:53-08:00,2026-07-20T11:17:45-07:00,412053-DM6,79.99,89.99,true,0,https://cdn.shopify.com/s/files/1/0653/3470/6391/files/412053--_3.webp?v=1768893791
9154287141079,CAT 1 Conversion Pin for DM8 (SKU: 150232),cat-1-conversion-pin-for-dm8-sku-150231,MechMaxx,accessories,150232,2026-01-19T23:25:21-08:00,2026-01-14T00:06:09-08:00,2026-07-20T11:17:45-07:00,412053-DM8,79.99,89.99,true,19051,https://cdn.shopify.com/s/files/1/0653/3470/6391/files/412053--_1.webp?v=1768893791
8887450927319,"Category 1 Quick Hitch Bushing Set for 3 Point Tractor Attachment (for SKU: 201017B, 201017T, 201017R, 201017G)",3-point-quick-hitch-bushings-set-category-1,MechMaxx,accessories,"0ZS, Hitches, SMS, Tractor Implements & Attachments",2025-04-28T00:36:33-07:00,2025-04-15T09:01:39-07:00,2026-07-20T11:17:45-07:00,461095,66.99,69.99,true,3175,https://cdn.shopify.com/s/files/1/0653/3470/6391/files/Quick_Hitch_Bushing_kit_1.webp?v=1761280216
8887450632407,Category 1 Quick Hitch Top Link Adapter for 3 Point Tractor Attachment,3-point-quick-hitch-top-link-adapter-category-1,MechMaxx,accessories,"0ZS, Hitches, SMS, Tractor Implements & Attachments",2025-04-28T00:36:30-07:00,2025-04-15T08:59:46-07:00,2026-07-20T11:17:45-07:00,461094,49.99,56.99,true,2994,https://cdn.shopify.com/s/files/1/0653/3470/6391/files/DSC05488.webp?v=1745766525
9140324106455,"Clutch for HONDA 7” Hydraulic Feeding Wood Chipper, DCH7 (SKU: 110700H)",clutch-for-honda-7-hydraulic-feeding-wood-chipper-dch7-sku-110700h,MechMaxx,accessories,"110700h, DCH7",2026-01-09T19:30:16-08:00,2025-12-22T01:05:08-08:00,2026-07-20T11:17:45-07:00,412188,159.99,199.99,true,6350,https://cdn.shopify.com/s/files/1/0653/3470/6391/files/412188-_3.webp?v=1768015706
9140322042071,"Clutch for ZONSEN 7” Hydraulic Feeding Wood Chipper, DCH7 (SKU: 110700)",clutch-for-zonsen-7-hydraulic-feeding-wood-chipper-dch7-sku-110700,MechMaxx,accessories,"110700, DCH7",2026-01-09T19:19:33-08:00,2025-12-22T00:44:03-08:00,2026-07-20T11:17:45-07:00,412187,149.99,189.99,true,6804,https://cdn.shopify.com/s/files/1/0653/3470/6391/files/412187-_3.webp?v=1768015048
9071972057303,Clutch Linkage-Tensioner for Wood Chipper TX1000 (SKU: 110701),clutch-linkage-tensioner-for-wood-chipper-tx1000-sku-110701,MechMaxx,accessories,"01BBB, 110701, 8 in Wood Chipper Part, Accessories, SMS, Wood Chipper",2025-11-21T21:42:26-08:00,2025-10-20T02:18:12-07:00,2026-07-20T11:17:45-07:00,412109,49.99,65.99,true,454,https://cdn.shopify.com/s/files/1/0653/3470/6391/files/412109.webp?v=1760951966
9087309283543,"Compactor for Mini Compact Excavator MEC17, MEC17PRO (SKU: 150533; 150534）",compactor-for-mini-compact-excavator-mec17-sku-150533-150534,MechMaxx,machine,"01AAA, 02K-series, 150533, 150534, _ClogA11, active, CROBA Brand, Excavator Compactor, Mini Excavator Attachments, SMS",2025-11-05T02:17:39-08:00,2025-10-31T00:27:42-07:00,2026-07-20T11:17:45-07:00,150553,1099.00,1399.00,true,107048,https://cdn.shopify.com/s/files/1/0653/3470/6391/files/150553-_1.webp?v=1761895660
8895421153495,Concrete beam Structure Mounting Kit for Ceiling Fan – Optional Accessory for Installation,concrete-structure-mounting-bracket-for-ceiling-fan-optional-accessory-for-installation,MechMaxx,accessories,"01BBB, 330001, 330002, 330003, 330004, 330005, 330006, 330007, 330008, Ceiling Fans Optional Accessory, HVLS Industrial Ceiling Fan Accessories, other spare part, SMS",2025-05-07T20:01:45-07:00,2025-04-25T21:07:28-07:00,2026-07-20T11:17:45-07:00,483303,99.99,,true,20865,https://cdn.shopify.com/s/files/1/0653/3470/6391/files/ConcreteStructureMountingBracket_3.webp?v=1746524271
9117304389847,"Control Board for Model: 1700-B1, 1700-B2, 1600-C3pro, 1700-A1, 1700-A3(SKU:501014, 501015, 501019, 501016, 501020)",control-board-for-model-1700-b1-1700-b2-1600-c3pro-1700-a1-1700-a3sku-501014-501015-501019-501016-501020,MechMaxx,accessories,"01BBB, Advertising Equipments part, Laminating Machines part, other spare part, SMS",2025-11-25T19:17:12-08:00,2025-11-25T19:09:56-08:00,2026-07-20T11:17:45-07:00,486008,99.00,129.00,true,200,https://cdn.shopify.com/s/files/1/0653/3470/6391/files/486008-1.webp?v=1764126265
9071977136343,Control Box Rubber Pad for Wood Chipper TX1000 (SKU: 110701),control-box-rubber-pad-for-wood-chipper-tx1000-sku-110701,MechMaxx,accessories,"01BBB, 110701, 8 in Wood Chipper Part, Accessories, SMS, Wood Chipper",2025-11-21T21:42:26-08:00,2025-10-20T02:59:59-07:00,2026-07-20T11:17:45-07:00,412122,49.99,65.99,true,91,https://cdn.shopify.com/s/files/1/0653/3470/6391/files/412122.webp?v=1760954466
9030926008535,"Control Lever & Rubber Boot Set (for SKU: 150162, 150163, 150164, 201162, 201163, 201164)",control-lever-rubber-boot-set,MechMaxx,accessories,"0zs, 150162, PTO Backhoes part, SMS, Tractor Implements & Attachments part",2026-02-04T23:48:18-08:00,2025-09-10T00:23:15-07:00,2026-07-20T11:17:45-07:00,461133,79.90,99.99,true,499,https://cdn.shopify.com/s/files/1/0653/3470/6391/files/461133.webp?v=1768984341
9116972417239,"Control Panel for Model: 1700-B1, 1700-B2(SKU:501014, 501015)",control-panel-for-model-1700-b1-1700-b2sku-501014-501015,MechMaxx,accessories,"01BBB, Advertising Equipments part, Laminating Machines part, other spare part, SMS",2025-11-25T06:54:29-08:00,2025-11-25T06:50:34-08:00,2026-07-20T11:17:45-07:00,486002,59.00,79.99,true,200,https://cdn.shopify.com/s/files/1/0653/3470/6391/files/486002.webp?v=1764082470
9117314154711,Control Panel for Model:1600-C2(SKU:501018),control-panel-for-model-1600-c2sku-501018,MechMaxx,accessories,"01BBB, Advertising Equipments part, Laminating Machines part, other spare part, SMS",2025-11-25T19:44:52-08:00,2025-11-25T19:43:25-08:00,2026-07-20T11:17:45-07:00,486015,75.99,79.99,true,200,https://cdn.shopify.com/s/files/1/0653/3470/6391/files/486015.webp?v=1764126315
9117314613463,Control Panel for Model:1600-C3pro(SKU:501019),control-panel-for-model-1600-c3prosku-501019,MechMaxx,accessories,"01BBB, Advertising Equipments part, Laminating Machines part, other spare part, SMS",2025-11-25T19:47:41-08:00,2025-11-25T19:46:11-08:00,2026-07-20T11:17:45-07:00,486016,75.99,79.99,true,100,https://cdn.shopify.com/s/files/1/0653/3470/6391/files/486016.webp?v=1764126326
9020065317079,Conveyor Belt for Firewood Conveyor(SKU: 150301）,410731conveyor-belt-for-heavy-duty-firewood-conveyorsku-150301,MechMaxx,accessories,"01BBB, 150301, SMS",2025-08-28T02:19:49-07:00,2025-08-25T19:57:10-07:00,2026-07-20T11:17:45-07:00,410731,212.99,,true,23587,https://cdn.shopify.com/s/files/1/0653/3470/6391/files/410731--_2.webp?v=1756515620
8875774738647,"Cooling Electronic Fan for Mini Skid Steer STL1000, ( SKU: 101000 )",cooling-electronic-fan-for-mini-skid-steer-stl1000-sku-101000,MechMaxx,accessories,"01BBB, 101000, AAA41, Accessories, active, SMS",2025-03-28T17:11:20-07:00,2025-03-28T00:06:38-07:00,2026-07-20T11:17:45-07:00,410522,76.99,,true,1361,https://cdn.shopify.com/s/files/1/0653/3470/6391/files/CoolingElectronicFan-_2.webp?v=1743145745
9314833531095,"Corrugated Hose with 2 Hose Clamps (for SKU: 204002, 204003, 204004, 204006, 204007, 204008, 204010, 204011, 204012)",464038-corrugated-hose-with-2-hose-clamps,MechMaxx,accessories,"0zs, 204002, 204003, 204004, 204006, 204007, 204008, 204010, 204011, 204012, Janitorial & Cleaning Part, Pressure Washers Part",2026-07-11T05:13:21-07:00,2026-07-01T20:29:16-07:00,2026-07-20T11:17:45-07:00,464038,49.99,59.99,true,91,https://cdn.shopify.com/s/files/1/0653/3470/6391/files/464038_2.webp?v=1783057780
9136436019415,Coupling Splined for PTO Stump Grinder SG24;SG24PRO;SG28 (SKU:150151; 150151G;150182;150182G;150183;150183G）,coupling-splined-for-pto-stump-grinder-sg24-sku-150151-150151g,MechMaxx,accessories,"01BBB, 150151, 150151G, 150182, 150182G, 150183, 150183G, SMS, Tractor Implements & Attachments part, Woodworking Machinery part",2025-12-22T23:34:05-08:00,2025-12-16T22:33:35-08:00,2026-07-20T11:17:45-07:00,410416,99.99,129.99,true,8618,https://cdn.shopify.com/s/files/1/0653/3470/6391/files/410416-_1.webp?v=1766456868
9214297800919,Coupling Splined for PTO Stump Grinder SG30PRO(SKU: 150181; 180181G）,coupling-splined-for-pto-stump-grinder-sg30prosku-150181-180181g,MechMaxx,accessories,"150181, 150181G, Spare Parts",2026-03-16T00:41:51-07:00,2026-03-15T20:20:42-07:00,2026-07-20T11:17:45-07:00,412131,109.99,,true,0,https://cdn.shopify.com/s/files/1/0653/3470/6391/files/410416-_1.webp?v=1766456868
9020076523735,Couplings for Firewood Conveyor(SKU: 150301）,410732-couplings-for-heavy-duty-firewood-conveyorsku-150301,MechMaxx,accessories,"01BBB, 150301, SMS",2025-08-28T02:19:50-07:00,2025-08-25T20:17:43-07:00,2026-07-20T11:17:45-07:00,410732,68.99,,true,907,https://cdn.shopify.com/s/files/1/0653/3470/6391/files/410732-_1.webp?v=1756288000
8950769090775,Cover for Stump Grinder TSG61 ( SKU: 150152 ),410723,MechMaxx,accessories,"01BBB, 150152, cover, SMS",2025-08-30T00:50:24-07:00,2025-06-25T02:06:54-07:00,2026-07-20T11:17:45-07:00,410723,65.99,79.99,true,1361,https://cdn.shopify.com/s/files/1/0653/3470/6391/files/410723.webp?v=1750842404
8822870573271,CPU Board Cable for WB Wheel Balancer (for SKU: 200009),cpu-board-cable-for-wb-wheel-balancer-for-sku-200009,MechMaxx,accessories,"01BBB, 0ZS, auto-parts, Automotive Equipments & Tools, NOV8-14, SMS, Wheel Balancer Accessories & Parts, Wheel Balancers",2025-11-07T22:07:23-08:00,2025-01-27T05:10:25-08:00,2026-07-20T11:17:45-07:00,460041,39.99,49.99,true,100,https://cdn.shopify.com/s/files/1/0653/3470/6391/files/DSC02261.webp?v=1737983382
8822872768727,CPU Board Cable for WB Wheel Balancer (for SKU: 200010),cpu-board-cable-for-wb-wheel-balancer-for-sku-200010,MechMaxx,accessories,"01BBB, 0ZS, auto-parts, Automotive Equipments & Tools, NOV8-14, SMS, Wheel Balancer Accessories & Parts, Wheel Balancers",2025-11-07T22:07:22-08:00,2025-01-27T05:16:16-08:00,2026-07-20T11:17:45-07:00,460045,39.99,49.99,true,100,https://cdn.shopify.com/s/files/1/0653/3470/6391/files/DSC02256.webp?v=1737983770
8822868082903,CPU Board for WB Wheel Balancer (for SKU: 200009),cpu-board-for-wb-wheel-balancer-for-sku-200009,MechMaxx,accessories,"01BBB, 0ZS, auto-parts, Automotive Equipments & Tools, NOV8-14, SMS, Wheel Balancer Accessories & Parts, Wheel Balancers",2025-11-07T22:06:18-08:00,2025-01-27T05:04:33-08:00,2026-07-20T11:17:45-07:00,460038,89.99,,true,100,https://cdn.shopify.com/s/files/1/0653/3470/6391/files/DSC02296.webp?v=1737983068
8822872375511,CPU Board for WB Wheel Balancer (for SKU: 200010),cpu-board-for-wb-wheel-balancer-for-sku-200010,MechMaxx,accessories,"01BBB, 0ZS, auto-parts, Automotive Equipments & Tools, NOV8-14, SMS, Wheel Balancer Accessories & Parts, Wheel Balancers",2025-11-07T22:07:22-08:00,2025-01-27T05:15:00-08:00,2026-07-20T11:17:45-07:00,460044,89.99,,true,100,https://cdn.shopify.com/s/files/1/0653/3470/6391/files/DSC02304.webp?v=1737983672
9141829304535,Cross Knife for Log Splitter Processor with Conveyor HLS20 (SKU: 150244; 150245),412202-for-log-splitter-processor-with-conveyor-hls20-sku-150244-150245,MechMaxx,accessories,"150244, 150245, Lawn & Garden Part, Log Splitters Part, Spare Parts, Woodworking Machinery part",2026-02-03T22:14:54-08:00,2025-12-26T01:23:46-08:00,2026-07-20T11:17:45-07:00,412202,229.99,299.99,true,25855,https://cdn.shopify.com/s/files/1/0653/3470/6391/files/sku412202.webp?v=1766741152
9246443995351,Custom Order Product,custom-order-product-1,MechMaxx,,custom-order,2026-04-22T17:44:01-07:00,2026-04-22T17:44:00-07:00,2026-07-20T11:17:45-07:00,CUSTOM-ORDER,0.00,,true,0,
9114305495255,"Cutter Barrel and 2 Blades for Wood Chipper GS1500 (SKU: 110200, 110200K, 110200Y）",cutter-barrel-and-2-blades-for-wood-chipper-gs650-sku-110100-110101,MechMaxx,accessories,"01BBB, 110200, 110200k, 110200y, SMS, wood chipper part",2025-12-09T01:55:10-08:00,2025-11-21T00:26:20-08:00,2026-07-20T11:17:45-07:00,412162,289.99,379.99,true,28123,https://cdn.shopify.com/s/files/1/0653/3470/6391/files/412162_9a495060-4c69-4952-a53b-372dfe1e62d1.webp?v=1776756074
9114304381143,Cutter Barrel and 2 Blades for Wood Chipper GS650 (SKU: 110100; 110101）,cutter-barrel-and-2-blades-for-wood-chipper-gs1500-sku-110200-110200k-110200y,MechMaxx,accessories,"01BBB, 110100, 110101, SMS, wood chipper part",2025-12-09T01:55:10-08:00,2025-11-21T00:25:39-08:00,2026-07-20T11:17:45-07:00,412161,239.99,309.99,true,16329,https://cdn.shopify.com/s/files/1/0653/3470/6391/files/412161-2_b1613b4e-e7d0-4e6a-b942-899c2297c23e.webp?v=1776756513
9328180330711,Cutter Barrel and 2 Blades for Wood Chipper P4206; B150 ( SKU: 110801; 110802; 110803; 110804; 110805 ),cutter-barrel-and-2-blades-for-wood-chipper-p4206-b150-sku-110200-110200k-110200y,MechMaxx,accessories,"110801, 110802, 110804, 110805",2026-07-14T20:31:58-07:00,2026-07-14T20:06:14-07:00,2026-07-20T11:17:45-07:00,410721,319.99,,true,39916,https://cdn.shopify.com/s/files/1/0653/3470/6391/files/412162-2_315a6fb7-4455-4b02-b468-f4a83de002d3.webp?v=1776756074
9071972352215,Cutter Belt for Wood Chipper TX1000 (SKU: 110701),cutter-belt-for-wood-chipper-tx1000-sku-110701,MechMaxx,accessories,"01BBB, 110701, 8 in Wood Chipper Part, AAA40, ACCESSORIES, Belt, SMS",2025-10-21T03:33:13-07:00,2025-10-20T02:23:08-07:00,2026-07-20T11:17:45-07:00,412112,69.99,85.99,true,1089,https://cdn.shopify.com/s/files/1/0653/3470/6391/files/412112_2e4ef2be-1505-49a5-8ca8-66dc2952bb40.webp?v=1762153364
9071927886039,Cutter Disc Pulley Assembly for Wood Chipper TX1000 (SKU: 110701),cutter-disc-pulley-assembly-for-wood-chipper-tx1000-sku-110701,MechMaxx,accessories,"01BBB, 110701, 8 in Wood Chipper Part, Accessories, SMS, Wood Chipper",2025-11-21T21:42:28-08:00,2025-10-20T00:33:30-07:00,2026-07-20T11:17:45-07:00,412107,139.99,179.99,true,10886,https://cdn.shopify.com/s/files/1/0653/3470/6391/files/412107.webp?v=1760945700
9130777575639,Cutter Head for PTO Stump Grinder SG24; SG24PRO (SKU: 150151; 150151G;150182;150182G）,cutter-head-for-pto-stump-grinder-sg24-sku-150151-150151g,MechMaxx,accessories,"01BBB, 150151, 150151G, SMS, Tractor Implements & Attachments part, Woodworking Machinery part",2026-01-04T00:31:54-08:00,2025-12-09T01:27:40-08:00,2026-07-20T11:17:45-07:00,412179,369.99,399.99,true,38102,https://cdn.shopify.com/s/files/1/0653/3470/6391/files/4121769.webp?v=1765272491
9141828649175,Cylinder Pull Cable for Log Splitter Processor with Conveyor HLS20 (SKU: 150244; 150245),412199-for-log-splitter-processor-with-conveyor-hls20-sku-150244-150245,MechMaxx,accessories,"150244, 150245, Lawn & Garden Part, Log Splitters Part, Spare Parts, Woodworking Machinery part",2026-02-03T22:03:59-08:00,2025-12-26T01:14:39-08:00,2026-07-20T11:17:45-07:00,412199,59.99,79.99,true,454,https://cdn.shopify.com/s/files/1/0653/3470/6391/files/sku412199.webp?v=1766740489
9238551101655,Dedicated Maintenance and Repair Parts,dedicated-maintenance-and-repair-parts,MechMaxx,accessories,,2026-04-13T17:48:59-07:00,2026-04-13T04:05:40-07:00,2026-07-20T11:17:45-07:00,410530-11,59.99,,false,1361,https://cdn.shopify.com/s/files/1/0653/3470/6391/files/MetalCasedOilSeal-_1.webp?v=1742890747
9239358931159,Dedicated Maintenance and Repair Parts for EFS NAM VAM Series,dedicated-maintenance-and-repair-parts-for-efs-nam-vam-series,MechMaxx,accessories,,2026-04-13T19:49:02-07:00,2026-04-13T19:48:46-07:00,2026-07-20T11:17:45-07:00,410530-12,59.99,,false,1361,https://cdn.shopify.com/s/files/1/0653/3470/6391/files/MetalCasedOilSeal-_1.webp?v=1742890747
8869671928023,"Deep Groove Ball Bearing for Mini Skid Steer STL1000, ( SKU: 101000 )",deep-groove-ball-bearing-for-mini-skid-steer-stl1000-sku-101000,MechMaxx,accessories,"01BBB, 101000, AAA41, Accessories, active, SMS",2025-03-22T01:50:56-07:00,2025-03-21T01:10:21-07:00,2026-07-20T11:17:45-07:00,410529,79.99,,true,1361,https://cdn.shopify.com/s/files/1/0653/3470/6391/files/DeepGrooveBallBearing-_2.webp?v=1742632929
9228711264471,"Drill chuck arbor MT2-B16, with Drilling head  1,5 - 13 mm, B16 for SKU: 500003 | Model: 0831V  SKU: 500004 | Model: 0831VD SKU: 500005 | Model: 1030V SKU: 500006 | Model: 1030VD",drill-chuck-arbor-mt2-b16-with-drilling-head-1-5-13-mm-b16-for-sku-500003-model-0831v-sku-500004-model-0831vd-sku-500005-model-1030v-sku-500006-model-1030vd,MechMaxx,accessories,"01BBB, 1030V, 500005, Metal Lathe Machine, Metalworking Machines part, Spare Parts",2026-03-30T08:09:21-07:00,2026-03-30T08:04:28-07:00,2026-07-20T11:17:45-07:00,485081,17.20,,false,699,https://cdn.shopify.com/s/files/1/0653/3470/6391/files/485081-10.webp?v=1774883348
9228712739031,"Drill chuck arbor MT3-B16, with Drilling head  1,5 - 13 mm, B16 for SKU: 500007 | Model: 1130V SKU: 500008 | Model: 1130VD SKU: 500009 | Model: 1440G SKU: 500011 | Model: 1337GN SKU: 500012 | Model: 1337G4 SKU: 500013 | Model: 1340G",drill-chuck-arbor-mt3-b16-with-drilling-head-1-5-13-mm-b16-for-sku-500007-model-1130v-sku-500008-model-1130vd-sku-500009-model-1440g-sku-500011-model-1337gn-sku-500012-model-1337g4-sku-500013-model-1340g,MechMaxx,accessories,"01BBB, 1030V, 500005, Metal Lathe Machine, Metalworking Machines part, Spare Parts",2026-03-30T08:22:12-07:00,2026-03-30T08:14:46-07:00,2026-07-20T11:17:45-07:00,485082,18.40,,true,798,https://cdn.shopify.com/s/files/1/0653/3470/6391/files/485082.webp?v=1774884053
9114147127511,Drive Shaft with Clutch for SG28; SG30PRO (SKU:150181;150181G;150183;150183G）,drive-shaft-with-clutch-for-sg30pro-sku-150181-180181g,MechMaxx,accessories,"01BBB, 150181, 150181G, 150183, 150183G, Accessories, PTO Stump Grinder, SMS, Stump Grinder for Tractor",2025-11-21T03:22:53-08:00,2025-11-20T22:34:07-08:00,2026-07-20T11:17:45-07:00,412150,199.99,259.99,true,8391,https://cdn.shopify.com/s/files/1/0653/3470/6391/files/412150-_2.webp?v=1763780270
9116946923735,"Electrical Auxiliary Package for Model: 1700-B1, 1700-B2, 1700-A1, 1700-A3, 1600-C3pro (SKU: 501014，501015，501016，501019， 501020）",electrical-auxiliary-package,MechMaxx,accessories,"01BBB, Advertising Equipments part, Laminating Machines part, other spare part, SMS",2025-11-25T06:14:55-08:00,2025-11-25T05:06:57-08:00,2026-07-20T11:17:45-07:00,486000,69.00,79.99,true,907,https://cdn.shopify.com/s/files/1/0653/3470/6391/files/486000Electrical_auxiliary_package.jpg?v=1764075732
9156683661527,ELT66P/ELT33P  Control handle,elt66p-elt33p-control-handle,MechMaxx,,,2026-01-15T19:12:58-08:00,2026-01-15T19:06:15-08:00,2026-07-20T11:17:45-07:00,481026,69.00,,false,0,
8996105158871,Emergency Stop Switch for Hay Baler HB3120  (SKU: 150215）,emergency-stop-switch-for-hay-baler-hb3120-sku-150215,MechMaxx,accessories,"01BBB, 150215, other spare part, SMS",2025-08-30T02:59:11-07:00,2025-07-29T02:14:55-07:00,2026-07-20T11:17:45-07:00,410796,62.99,,true,227,https://cdn.shopify.com/s/files/1/0653/3470/6391/files/410796-1.webp?v=1753780510
9029359599831,"Emergency Stop Switch for Portable Sawmill, SM26, SM32, SM-36MAX, SM-36HMAX (SKU: 150166; 150166D6; 150167; 150167K4; 150167D6; 150167K6; 150167H6; 150168MAX; 150168HMAX; 150268)",emergency-stop-switch-for-portable-sawmill-sm26-sm32-sm-36max-sm-36hmax-sku-150166-150166d6-150167-150167k4-150167d6-150167k6-150167h6-150168max-150168hmax,MechMaxx,accessories,"01BBB, 26 inch sawmill, 32 inch Sawmill, other spare part, sawmill, Sawmill accessories, SMS, Woodworking Machinery",2025-09-09T07:58:09-07:00,2025-09-09T07:55:23-07:00,2026-07-20T11:17:45-07:00,412039,49.99,,true,454,https://cdn.shopify.com/s/files/1/0653/3470/6391/files/410424-_2.webp?v=1735977511
8794745471191,"Emergency Stop Switch for Wood Chipper GS650, GS1500, P4205, P4206, B150, B200(SKU: 110110, 110101; 110200; 110200K; 110200Y; 110601; 110602; 110602Y; 110800; 110801; 110801Y; 110802; 110802Y; 110802R; 110803; 110803Y; 110804; 110805; 110810)",emergency-stop-switch-for-wood-chipper-gs1500-p4205-p4206-b150-b200,MechMaxx,accessories,"01BBB, 110200, 110601, 110602, 110801, 110802, 110803, 110804, 110805, 110810, 5 in Wood Chipper Part, 6 in Wood Chipper Part, 8 in Wood Chipper Part, Accessories, active, B150, B200, GS1500, P4205, P4206, SMS",2025-01-04T00:21:42-08:00,2025-01-03T22:58:13-08:00,2026-07-20T11:17:45-07:00,410424,49.99,,true,454,https://cdn.shopify.com/s/files/1/0653/3470/6391/files/410424-_2.webp?v=1735977511
8822871195863,"Encoder Board Cable for WB Wheel Balancer (for SKU: 200009, 200010)",encoder-board-cable-for-wb-wheel-balancers-for-sku-200009-200010,MechMaxx,accessories,"01BBB, 0ZS, auto-parts, Automotive Equipments & Tools, NOV8-14, SMS, Wheel Balancer Accessories & Parts, Wheel Balancers",2025-11-07T22:07:23-08:00,2025-01-27T05:12:26-08:00,2026-07-20T11:17:45-07:00,460042,39.99,49.99,true,100,https://cdn.shopify.com/s/files/1/0653/3470/6391/files/DSC02395.webp?v=1737983540
9018587054295,Engine Fairing for ZONSEN GB1000 Engine,pull-starter-for-zonsen-gb1000-engine,MechMaxx,accessories,"01BBB, Accessories, engine parts, GB1000, SMS",2025-08-30T03:13:43-07:00,2025-08-24T19:45:39-07:00,2026-07-20T11:17:45-07:00,400725,72.99,95.99,true,1361,https://cdn.shopify.com/s/files/1/0653/3470/6391/files/400725-_1.webp?v=1768287175
9018586923223,Engine Fairing for ZONSEN GB750 Engine,pull-starter-for-zonsen-gb750-engine,MechMaxx,accessories,"01BBB, Accessories, engine parts, GB750, SMS",2025-09-24T20:26:56-07:00,2025-08-24T19:45:09-07:00,2026-07-20T11:17:45-07:00,400721,62.99,85.99,true,1361,https://cdn.shopify.com/s/files/1/0653/3470/6391/files/400721-_1.webp?v=1768287417
8875778343127,"Engine Hood Lock for Mini Skid Steer STL1000, ( SKU: 101000 )",engine-hood-lock-for-mini-skid-steer-stl1000-sku-101000,MechMaxx,accessories,"01BBB, 101000, AAA41, Accessories, active, SMS",2025-03-28T17:11:20-07:00,2025-03-28T00:17:29-07:00,2026-07-20T11:17:45-07:00,410524,65.99,,true,1361,https://cdn.shopify.com/s/files/1/0653/3470/6391/files/EngineHoodLock-_5.webp?v=1743146485
8895420727511,Extension Tube Connector for Ceiling Fan – Optional Accessory for Custom Installations & Height Adjustment,extension-tube-connector-for-ceiling-fan-optional-accessory-for-custom-installations-height-adjustment,MechMaxx,accessories,"01BBB, 330001, 330002, 330003, 330004, 330005, 330006, 330007, 330008, Ceiling Fans Optional Accessory, HVLS Industrial Ceiling Fan Accessories, other spare part, SMS",2025-05-07T20:01:45-07:00,2025-04-25T21:03:15-07:00,2026-07-20T11:17:45-07:00,483302,59.99,,true,5443,https://cdn.shopify.com/s/files/1/0653/3470/6391/files/HVLSTubeConnector_2.webp?v=1746521712
9232986964183,Face Cutting 400R-50-22-5T with blades+R8-FMB22  for SKU: 500200 | Model: VM18L SKU: 500201 | Model: VM18LD,face-cutting-400r-50-22-5t-with-blades-r8-fmb22-for-sku-500200-model-vm18l-sku-500201-model-vm18ld,MechMaxx,accessories,"01BBB, 1030V, 500005, Metal Lathe Machine, Metalworking Machines part, Spare Parts",2026-04-02T21:42:47-07:00,2026-04-02T21:40:51-07:00,2026-07-20T11:17:45-07:00,485521,80.00,,true,1012,https://cdn.shopify.com/s/files/1/0653/3470/6391/files/485521_DSC08801.webp?v=1775190592
9232987390167,Face Cutting BAP 400R-63-22-5T with blades+R8-FMB22 for SKU: 500202 | Model: VM25L SKU: 500203 | Model: VM25LD,face-cutting-bap-400r-63-22-5t-with-blades-r8-fmb22-for-sku-500202-model-vm25l-sku-500203-model-vm25ld,MechMaxx,accessories,"01BBB, 1030V, 500005, Metal Lathe Machine, Metalworking Machines part, Spare Parts",2026-04-02T21:45:41-07:00,2026-04-02T21:43:35-07:00,2026-07-20T11:17:45-07:00,485522,84.00,,true,1179,https://cdn.shopify.com/s/files/1/0653/3470/6391/files/485522_DSC08818.webp?v=1775190668
9232988176599,Face Cutting BAP 400R-80-27-6T with Blades+R8-FMB27 for SKU: 500204 | Model: VM32L SKU: 500205 | Model: VM32LD,face-cutting-bap-400r-80-27-6t-with-blades-r8-fmb27-for-sku-500204-model-vm32l-sku-500205-model-vm32ld,MechMaxx,accessories,"01BBB, 1030V, 500005, Metal Lathe Machine, Metalworking Machines part, Spare Parts",2026-04-02T21:48:29-07:00,2026-04-02T21:46:45-07:00,2026-07-20T11:17:45-07:00,485523,84.00,,true,1701,https://cdn.shopify.com/s/files/1/0653/3470/6391/files/485523_DSC08807.webp?v=1775190734
8763361689815,"Farming HD Backup 1080P Camera for Agri Industry 7"" LCD",camera-for-tractor,MechMaxx,accessories,"01BBB, 150151, 150151G, 150181, 150181G, 150182, 150182G, 150183, 150183G, Accessories, active, PTO Stump Grinder, SMS, Stump Grinder for Tractor",2024-11-19T18:13:09-08:00,2024-11-15T00:22:50-08:00,2026-07-20T11:17:45-07:00,406202,139.99,199.00,true,3175,https://cdn.shopify.com/s/files/1/0653/3470/6391/files/camera-sg24.webp?v=1732086655
9071977496791,Filter Element Combination for Wood Chipper TX1000 (SKU: 110701),filter-element-combination-for-wood-chipper-tx1000-sku-110701,MechMaxx,accessories,"01BBB, 110701, 8 in Wood Chipper Part, Accessories, SMS, Wood Chipper",2026-01-10T01:14:15-08:00,2025-10-20T03:03:14-07:00,2026-07-20T11:17:45-07:00,412124,69.99,89.99,true,1361,https://cdn.shopify.com/s/files/1/0653/3470/6391/files/412124_a83ba5ef-3078-41c7-8ae9-82aa74909429.webp?v=1765271684
8566031024343,"Filter-regulator for TC Tire Changer (for SKU: 200001, 200002)",filter-regulaer-for-tc-tire-changers-sku-200001-200002,MechMaxx,accessories,"00Z, 01BBB, 0ZS, AAA20, Accessories, auto-parts, Automotive Equipment & Tools, filter, SMS, Tire changer, Tire Changer Accessories & Parts, Vehicle Equipment & Tools, Vehicle Parts",2024-06-19T20:11:23-07:00,2024-06-07T00:55:23-07:00,2026-07-20T11:17:45-07:00,200023,46.99,59.00,true,454,https://cdn.shopify.com/s/files/1/0653/3470/6391/files/frl02-_1.webp?v=1718850724
8566059761879,"Filter-regulator for TC Tire Changer (for SKU: 200006, 200028)",filter-regulaer-for-tc-tire-changers-sku-200006-200028,MechMaxx,accessories,"00Z, 01BBB, 0ZS, AAA20, Accessories, auto-parts, Automotive Equipment & Tools, filter, SMS, Tire changer, Tire Changer Accessories & Parts, Vehicle Equipment & Tools, Vehicle Parts",2024-06-19T20:10:10-07:00,2024-06-07T01:15:24-07:00,2026-07-20T11:17:45-07:00,200025,59.99,89.00,true,680,https://cdn.shopify.com/s/files/1/0653/3470/6391/files/frl13-_1.webp?v=1718849624
8566033154263,"Filter-regulator for TC Tire Changer (for SKU: 200027, 200005)",filter-regulaer-for-tc-tire-changers-sku-200027-200005,MechMaxx,accessories,"00Z, 01BBB, 0ZS, AAA20, Accessories, auto-parts, Automotive Equipment & Tools, filter, SMS, Tire changer, Tire Changer Accessories & Parts, Vehicle Equipment & Tools, Vehicle Parts",2024-06-19T20:10:59-07:00,2024-06-07T00:56:37-07:00,2026-07-20T11:17:45-07:00,200024,46.99,59.00,true,454,https://cdn.shopify.com/s/files/1/0653/3470/6391/files/200024-_1.webp?v=1718849908
8852107428055,"Firewood Conveyor,  7HP 212cc Gasoline Powered Max. 124"" Lift Height,  236'' Length,  16"" Width,  HC2016",hydraulic-belt-conveyor-gasoline-powered-max-124-lift-height,MechMaxx,machine,"00renew, 01AAA, _ClogA03, conveyor, coupon, Firewood Conveyor, MECHMAXX Brand, sales, SMS, Woodworking Machinery",2025-03-20T03:57:02-07:00,2025-02-27T17:13:34-08:00,2026-07-20T11:17:45-07:00,150301,3899.00,5599.00,true,509838,https://cdn.shopify.com/s/files/1/0653/3470/6391/files/HC2016.webp?v=1765466239
9117405741271,"Firewood Log Splitter Processor with Conveyor,  20ton Splitting Force 24"" x 15"" Log Capacity,  18"" Chainsaw,  HLS20",firewood-log-splitter-processor-conveyor-20ton-splitting-force-24-x-15-log-capacity-18-stihl-chainsaw-hls20,MechMaxx,machine,"00renew, 01AAA, _ClogA01, _ClogA03, blowout, coupon, Lawn & Garden, Log Splitter, Log Splitter Processor Conveyor, MECHMAXX Brand, New Products, sales, SMS, Woodworking Machinery",2025-12-08T19:06:34-08:00,2025-11-26T00:41:46-08:00,2026-07-20T11:17:45-07:00,150245,5999.00,8999.00,true,689914,https://cdn.shopify.com/s/files/1/0653/3470/6391/files/CombinationWoodSplitter-_9.webp?v=1766282154
9020054634711,Flange Rubber Gasket for Conveyor(SKU: 150301; 150302）,410727,MechMaxx,accessories,"01BBB, 150301, 150302, other spare part, SMS",2025-08-28T02:15:37-07:00,2025-08-25T19:13:01-07:00,2026-07-20T11:17:45-07:00,410727,58.99,,true,91,https://cdn.shopify.com/s/files/1/0653/3470/6391/files/410727--_1.webp?v=1756351656
9117253730519,Foot Pedal for Model: 1700-B1 (SKU: 501014),foot-pedal-for-model-1700-b1-sku-501014,MechMaxx,accessories,"01BBB, Advertising Equipments part, Laminating Machines part, other spare part, SMS",2025-11-25T17:41:09-08:00,2025-11-25T17:41:09-08:00,2026-07-20T11:17:45-07:00,486006,65.99,79.99,true,200,https://cdn.shopify.com/s/files/1/0653/3470/6391/files/486006.webp?v=1764121345
8873252389079,Friction Plate for Forestry Log Skidding Winch  FW8800 (SKU: 150210）,friction-plate-for-forestry-log-skidding-winch-fw8800-sku-150210,MechMaxx,accessories,"01BBB, 150210, Accessories, Forestry Logging Winch, SMS",2025-05-20T03:27:14-07:00,2025-03-26T04:28:23-07:00,2026-07-20T11:17:45-07:00,412035,79.99,89.99,true,0,https://cdn.shopify.com/s/files/1/0653/3470/6391/files/FrictionPlate-_1.webp?v=1747724624
9117311402199,"Front Control Panel for Model: 1700-A1, 1700-A3(SKU:501016, 501020)",front-control-panel-for-model-1700-a1-1700-a3sku-501016-501020,MechMaxx,accessories,"01BBB, Advertising Equipments part, Laminating Machines part, other spare part, SMS",2025-11-25T19:38:55-08:00,2025-11-25T19:36:21-08:00,2026-07-20T11:17:45-07:00,486013,69.00,79.99,true,100,https://cdn.shopify.com/s/files/1/0653/3470/6391/files/486013-1.webp?v=1764126306
8760701092055,Front Tire for Wood Chipper B150 ( SKU: 110803; 110804; 110805 ）,front-tire-for-wood-chipper-b150-sku-110803-110804-110805,MechMaxx,accessories,"01BBB, 0Tire, 110601, 110602, 110800, 110801, 110802, 5 in Wood Chipper Part, 6 in Wood Chipper Part, SMS",2025-09-09T07:16:44-07:00,2024-11-11T23:45:51-08:00,2026-07-20T11:17:45-07:00,404025,79.99,,true,13154,https://cdn.shopify.com/s/files/1/0653/3470/6391/files/404025_404030-_2.webp?v=1757743745
9071926935767,Front Tire for Wood Chipper TX1000 (SKU: 110701),front-tire-for-wood-chipper-tx1000-sku-110701,MechMaxx,accessories,"01BBB, 110701, 8 in Wood Chipper Part, Accessories, SMS, Wood Chipper",2026-01-10T01:23:17-08:00,2025-10-20T00:25:34-07:00,2026-07-20T11:17:45-07:00,412102,119.99,159.99,true,8618,https://cdn.shopify.com/s/files/1/0653/3470/6391/files/412102.webp?v=1760945200
8760701518039,Front Tire Jack for Wood Chipper DCH7 ( SKU: 110700; 110700H ),front-tire-jack-for-wood-chipper-dch7-sku-110700-110700h,MechMaxx,accessories,"01BBB, 110700, 110700h, 7 in Wood Chipper Part, other spare part, SMS",2025-09-09T07:16:43-07:00,2024-11-11T23:48:12-08:00,2026-07-20T11:17:45-07:00,404031,119.99,,true,13154,https://cdn.shopify.com/s/files/1/0653/3470/6391/files/404031-_1.webp?v=1757755782
9193015705815,Full Length 25.6 inch Clamp Bar for SKU: 500000 | Model: MSMB650E,full-length-clamp-bar-for-sku-500000-model-msmb650e,MechMaxx,accessories,"01BBB, 1030V, 500000, Drills & Mills part, Metal Lathe Machine, Metalworking Machines part, Spare Parts",2026-02-24T22:44:31-08:00,2026-02-24T22:40:52-08:00,2026-07-20T11:17:45-07:00,485302,280.00,,true,8999,https://cdn.shopify.com/s/files/1/0653/3470/6391/files/485302.webp?v=1771999741
9193044934871,Full Length Clamp Bar 49.21 Inch for SKU: 500001 | Model: MSMB1250E,full-length-clamp-bar-49-21-inch-for-sku-500001-model-msmb1250e,MechMaxx,accessories,"01BBB, 1030V, 500001, Drills & Mills part, Metal Lathe Machine, Metalworking Machines part, Spare Parts",2026-02-25T01:31:04-08:00,2026-02-25T01:10:40-08:00,2026-07-20T11:17:45-07:00,485322,400.00,,true,8999,https://cdn.shopify.com/s/files/1/0653/3470/6391/files/485322-3.webp?v=1771999742
9023278809303,"Full Norton Gear Box 13"" x 37"" Industrial Heavy Duty Bench Metal Lathe  1.5HP/1100W Metal Working Lathe High Precision 64-1500 RPM Variable Speed 1337GN",full-norton-gear-box-13-x-37-industrial-heavy-duty-bench-metal-lathe-1-5hp-1100w-metal-working-lathe-high-precision-64-1500-rpm,MechMaxx,machine,"00precision, 01AAA, 12''-13''Swing Lathes, _ClogA05, Centre Lathes, coupon, MECHMAXX Brand, Metalworking Machines, SMS",2025-11-19T18:42:51-08:00,2025-08-29T22:17:46-07:00,2026-07-20T11:17:45-07:00,500011,5999.00,7057.00,false,521631,https://cdn.shopify.com/s/files/1/0653/3470/6391/files/500011_1337GN-14.webp?v=1762964186
9175279861975,"Gearbox Cover for MRT & HRT Rotary Tiller (for SKU: 201110, 201112, 201113, 201115, 201117)",461178-gearbox-cover-for-mrt-hrt-rotary-tiller,MechMaxx,accessories,"01BBB, 0zs, 201110, 201112, 201113, 201115, 201117, batch0711-1, Rotary Tillers part, Spare Parts, Tillage part, Tractor Implements & Attachments part",2026-07-11T05:00:54-07:00,2026-02-04T20:56:48-08:00,2026-07-20T11:17:45-07:00,461178,99.99,119.99,true,2223,https://cdn.shopify.com/s/files/1/0653/3470/6391/files/461178_1.webp?v=1770860202
9175279730903,"Gearbox Cover for RSB Stone Burier (for SKU: 201119, 201121)",461177-gearbox-cover-for-rsb-stone-burier,MechMaxx,accessories,"01BBB, 0zs, 201119, 201121, batch0711-1, Rotary Tillers part, Spare Parts, Tillage part, Tractor Implements & Attachments part",2026-07-11T05:00:54-07:00,2026-02-04T20:56:29-08:00,2026-07-20T11:17:45-07:00,461177,99.99,119.99,true,2223,https://cdn.shopify.com/s/files/1/0653/3470/6391/files/461177_1.webp?v=1770860143
9020261073111,Gearbox for EFS Mower ( SKU: 150134;150134G; 150135; 150135G; 150136 ),gearbox-for-efs-mower-sku-150134-150135-150137,MechMaxx,accessories,"01BBB, 150134, 150135, 150136, SMS",2025-08-27T04:43:11-07:00,2025-08-26T00:46:13-07:00,2026-07-20T11:17:45-07:00,410771,269.99,389.99,false,13608,https://cdn.shopify.com/s/files/1/0653/3470/6391/files/EFS-gearbox_3.webp?v=1756263929
9021053829335,Gearbox for Stump Grinder TSG61 ( SKU: 150152 ),gearbox-for-stump-grinder-tsg61-sku-150152,MechMaxx,accessories,"01BBB, 150152, Accessories, SMS, Stump Grinder for Tractor, Tractor Implements & Attachments",2025-08-27T04:43:13-07:00,2025-08-26T20:44:03-07:00,2026-07-20T11:17:45-07:00,410774,399.99,579.99,true,27216,https://cdn.shopify.com/s/files/1/0653/3470/6391/files/TSG61gearbox_1.webp?v=1756278986
9021018341591,"Gearbox for VAM Mower, NAM Mower(SKU: 150137; 150138; 150139; 150140; 150141; 150142; 150143; 150143G; 150144;150144G; 150145）",gearbox-for-vam-mower-nam-mowersku-150137-150138-150139-150140-150141-150142-150143-150144-150145,MechMaxx,accessories,"01BBB, 150137, 150138, 150139, 150140, 150141, 150142, 150143, 150144, 150145, SMS",2025-08-27T04:43:12-07:00,2025-08-26T18:53:42-07:00,2026-07-20T11:17:45-07:00,410772,339.99,489.99,true,20865,https://cdn.shopify.com/s/files/1/0653/3470/6391/files/VAM_NAMgearbox-_3.webp?v=1756264001
8872225505495,"Grease Tension Cylinder for Mini Skid Steer STL1000, ( SKU: 101000 )",grease-tension-cylinder-for-mini-skid-steer-stl1000-sku-101000,MechMaxx,accessories,"01BBB, 101000, AAA41, Accessories, active, SMS",2025-03-25T05:09:13-07:00,2025-03-25T02:02:00-07:00,2026-07-20T11:17:45-07:00,410525,112.99,,true,1361,https://cdn.shopify.com/s/files/1/0653/3470/6391/files/GreaseTensionCylinder-_2_598c82d7-6a46-4fc0-8e86-c44b0d4db6a2.webp?v=1742894874
9125529452759,"Grey  Hoodie, Size L",grey-hoodie-size-l,MechMaxx,,,2025-12-03T17:25:18-08:00,2025-12-02T18:05:04-08:00,2026-07-20T11:17:45-07:00,410761-L,89.99,,true,1361,https://cdn.shopify.com/s/files/1/0653/3470/6391/files/GreyHoodie--_1.webp?v=1768459469
9125535875287,"Grey Hoodie, Size 2XL",grey-hoodie-size-2xl,MechMaxx,,,2025-12-03T17:25:20-08:00,2025-12-02T18:55:17-08:00,2026-07-20T11:17:45-07:00,410761-2XL,89.99,,true,1361,https://cdn.shopify.com/s/files/1/0653/3470/6391/files/GreyHoodie--_1.webp?v=1768459469
9125535973591,"Grey Hoodie, Size 3XL",grey-hoodie-size-3xl,MechMaxx,,,2025-12-03T17:25:21-08:00,2025-12-02T18:55:57-08:00,2026-07-20T11:17:45-07:00,410761-3XL,89.99,,true,1361,https://cdn.shopify.com/s/files/1/0653/3470/6391/files/GreyHoodie--_1.webp?v=1768459469
9125545214167,"Grey Hoodie, Size M",grey-hoodie-size-m,MechMaxx,,"Apparel & Footwear, Hoodie, Tops",2025-12-03T17:25:25-08:00,2025-12-02T19:55:38-08:00,2026-07-20T11:17:45-07:00,410761-M,89.99,,true,1361,https://cdn.shopify.com/s/files/1/0653/3470/6391/files/GreyHoodie--_1.webp?v=1768459469
9111654465751,"Grey Hoodie, Size S",410761,MechMaxx,,,2025-12-03T17:25:09-08:00,2025-11-19T19:48:08-08:00,2026-07-20T11:17:45-07:00,410761-S,89.99,,true,1361,https://cdn.shopify.com/s/files/1/0653/3470/6391/files/GreyHoodie--_1.webp?v=1768459469
9125529649367,"Grey Hoodie, Size XL",grey-hoodie-size-xl,MechMaxx,,,2025-12-03T17:25:19-08:00,2025-12-02T18:06:18-08:00,2026-07-20T11:17:45-07:00,410761-XL,89.99,,true,1361,https://cdn.shopify.com/s/files/1/0653/3470/6391/files/GreyHoodie--_1.webp?v=1768459469
9141812691159,Guide Bar for Log Splitter Processor with Conveyor HLS20 (SKU: 150244; 150245),guide-bar-for-log-splitter-processor-with-conveyor-hls20-sku-150244-150245,MechMaxx,accessories,"01BBB, 150244, 150245, Lawn & Garden Part, Log Splitters Part, SMS, Woodworking Machinery part",2026-02-03T22:03:28-08:00,2025-12-25T23:00:24-08:00,2026-07-20T11:17:45-07:00,412198,169.99,219.99,true,1134,https://cdn.shopify.com/s/files/1/0653/3470/6391/files/sku412198.webp?v=1766738982
8865761263831,"H-Class HEPA Filter for Industrial Vacuum Cleaner (for SKU: 202021, 202022, 202023)",hepa-filter-for-industrial-vacuum-cleaner,MechMaxx,accessories,"202021, 202022, 202023, filter, SMS",2025-03-25T08:36:33-07:00,2025-03-17T06:48:15-07:00,2026-07-20T11:17:45-07:00,462002,169.99,349.99,true,3992,https://cdn.shopify.com/s/files/1/0653/3470/6391/files/DSC00239.webp?v=1742915130
8822760931543,Hand Lock Valve for TC Tire Changer (for SKU: 200005),hand-lock-valve-for-tc-tire-changer-for-sku-200005,MechMaxx,accessories,"01BBB, 0ZS, auto-parts, Automotive Equipments & Tools, SMS, Tire Changer Accessories & Parts, Tire Changers",2025-08-14T03:27:43-07:00,2025-01-26T20:53:12-08:00,2026-07-20T11:17:45-07:00,460017,45.99,49.99,true,91,https://cdn.shopify.com/s/files/1/0653/3470/6391/files/DSC02457.webp?v=1737978757
9120482623703,Handle Lock Set (Pair) with Keys for Nitrogen Dry Cabinet (for SKU:203009SS),1-pack-2-pcs-handle-locks-with-keys,MechMaxx,accessories,"0zs, 1-60% Nitrogen Cabinets part, Dry Cabinets part, Laboratory Equipment & Supplies part",2026-01-14T22:07:07-08:00,2025-11-28T01:43:36-08:00,2026-07-20T11:17:45-07:00,463017,69.99,89.99,true,590,https://cdn.shopify.com/s/files/1/0653/3470/6391/files/1_Pair_Handle_Locks_with_Keys.webp?v=1768443107
9117234921687,"Handle plastic case for Model: 1700-B1, 1700-B2, 1700-A3, 1600-C3pro (SKU: 501014, 501015, 501020, 501019)",handle-plastic-case,MechMaxx,accessories,"01BBB, Advertising Equipments part, Laminating Machines part, other spare part, SMS",2025-11-25T19:58:49-08:00,2025-11-25T16:43:03-08:00,2026-07-20T11:17:45-07:00,486003,60.00,79.99,true,200,https://cdn.shopify.com/s/files/1/0653/3470/6391/files/486003-1.webp?v=1764119846
9114292748503,"Hanging Extension for Finishing Mower FM120, FM150, FM180 (SKU: 150146, 150147, 150148）",hanging-extension-for-finishing-mower-fm180-sku-150148,MechMaxx,accessories,"01BBB, 150148, other spare part, SMS",2025-12-11T23:54:31-08:00,2025-11-21T00:20:15-08:00,2026-07-20T11:17:45-07:00,412081,59.99,,true,3175,https://cdn.shopify.com/s/files/1/0653/3470/6391/files/412081-2_16771a0c-10ab-4b78-ab20-05f4a76e6274.webp?v=1765338305
8794634649815,"Hay Baler & Hay Rake Tedder & Disc Mower Bundle,  HB3120,  HT100,  DM6",hay-baler-hay-rake-tedder-disc-mower-combo-hb3120-ht100-dm6,MechMaxx,machine,"01AAA, 02B-series, 02F-series, _ClogA02, _ClogA06, active, blackfriday, Combo Sales, coupon, hay equipment, Hay Equipment Combo, MECHMAXX Brand, sales, SMS, Tractor",2025-01-04T01:19:52-08:00,2025-01-03T18:18:15-08:00,2026-07-20T11:17:45-07:00,150233,10599.00,13097.00,true,1171629,https://cdn.shopify.com/s/files/1/0653/3470/6391/files/1_22808cd8-8838-4bc5-8b7e-f40f66e6b653.webp?v=1735960648
8794634846423,"Hay Baler & Hay Rake Tedder & Disc Mower Bundle,  HB3120,  HT100,  DM8",hay-baler-hay-rake-tedder-disc-mower-combo-hb3120-ht100-dm8,MechMaxx,forbidliftgate,"01AAA, 02B-series, 02F-series, _ClogA02, _ClogA06, active, blackfriday, Combo Sales, coupon, hay equipment, Hay Equipment Combo, MECHMAXX Brand, sales, SMS, Tractor",2025-01-04T01:19:53-08:00,2025-01-03T18:18:53-08:00,2026-07-20T11:17:45-07:00,150234,11299.00,13997.00,true,1263708,https://cdn.shopify.com/s/files/1/0653/3470/6391/files/2_9460399d-6d0b-4ebe-8130-4c8dda639f8d.webp?v=1735979708
8759598940375,"Hay Baler & Hay Rake Tedder Bundle,  HB3120,  HT100",hay-baler-hay-tedder-combo-hb3120-hw20,MechMaxx,machine,"01AAA, 02B-series, 02F-series, _ClogA02, _ClogA06, active, Combo Sales, coupon, hay equipment, Hay Equipment Combo, MECHMAXX Brand, sales, SMS, Tractor",2024-11-11T04:47:30-08:00,2024-11-08T22:51:47-08:00,2026-07-20T11:17:45-07:00,150219,6899.00,6999.00,true,633669,https://cdn.shopify.com/s/files/1/0653/3470/6391/files/150219_HT100.webp?v=1731322320
8759599005911,"Hay Baler & Hay Wrapper & Hay Rake Tedder  Bundle,  HB3120,  HW20,  HT100",hay-baler-hay-wrapper-hay-tedder-combo-hb3120-hw20-ht100,MechMaxx,machine,"01AAA, 02B-series, 02F-series, _ClogA02, _ClogA06, active, Combo Sales, coupon, hay equipment, Hay Equipment Combo, MECHMAXX Brand, sales, SMS, Tractor",2024-11-11T04:47:31-08:00,2024-11-08T22:52:22-08:00,2026-07-20T11:17:45-07:00,150220,8799.00,,true,768839,https://cdn.shopify.com/s/files/1/0653/3470/6391/files/150220_hay_combo.webp?v=1731322514
8759598907607,"Hay Baler & Hay Wrapper Bundle,  HB3120,  HW20",hay-baler-hay-wrapper-combo-hb3120-hw20,MechMaxx,machine,"01AAA, 02B-series, 02F-series, _ClogA02, _ClogA06, active, Combo Sales, coupon, hay equipment, Hay Equipment Combo, MECHMAXX Brand, sales, SMS, Tractor",2024-11-11T04:47:29-08:00,2024-11-08T22:51:23-08:00,2026-07-20T11:17:45-07:00,150218,6699.00,6799.00,true,585134,https://cdn.shopify.com/s/files/1/0653/3470/6391/files/HB3120_HW20.webp?v=1731317815
9116121268439,"Hay-Raking Arm for Hay Rake Tedder, HT100 (SKU: 150217)",hay-raking-arm-for-hay-rake-tedder-ht100-sku-150217,MechMaxx,accessories,"01BBB, 150217, other spare part, SMS",2025-12-09T01:57:13-08:00,2025-11-23T22:15:18-08:00,2026-07-20T11:17:45-07:00,412097,69.99,89.99,true,3629,https://cdn.shopify.com/s/files/1/0653/3470/6391/files/412097.webp?v=1765271589
9117307535575,Heater Thermistor for Model: 1600-C2(SKU:501018）,heater-thermistor-for-model-1600-c2sku-501018,MechMaxx,accessories,"01BBB, Advertising Equipments part, Laminating Machines part, other spare part, SMS",2025-11-25T19:26:19-08:00,2025-11-25T19:24:22-08:00,2026-07-20T11:17:45-07:00,486010,59.00,79.99,true,200,https://cdn.shopify.com/s/files/1/0653/3470/6391/files/486010-1.webp?v=1764126282
9117308420311,"Heater Thermistor for Model: 1700-B1, 1700-B2, 1700-A1, 1700-A3(SKU: 501014，501015，501016, 501020）",heater-thermistor-for-model-1700-b1-1700-b2-1700-a1-1700-a3sku-501014-501015-501016-501020,MechMaxx,accessories,"01BBB, Advertising Equipments part, Laminating Machines part, other spare part, SMS",2025-11-25T19:29:30-08:00,2025-11-25T19:28:19-08:00,2026-07-20T11:17:45-07:00,486011,59.00,79.99,true,200,https://cdn.shopify.com/s/files/1/0653/3470/6391/files/486011-1.webp?v=1764126291
8534612738263,"Heavy Duty 3 Shank Subsoiler Plow Ground Ripper 3 Point Hitch Cat1&2,  SS3S",heavy-duty-3-shank-subsoiler-plow-ground-ripper-3-point-hitch-cat1-2,MechMaxx,machine,"00growth, 00Z, 01AAA, 02B-series, 0zs, _ClogA02, AAA20, bfsales0, coupon, MECHMAXX Brand, Plow, sales, SMS, Subsoiler, Tillage, Tractor, Tractor Implements & Attachments",2024-06-19T20:04:10-07:00,2024-05-28T00:45:09-07:00,2026-07-20T11:17:45-07:00,201008,2049.00,2299.00,false,300732,https://cdn.shopify.com/s/files/1/0653/3470/6391/files/DSC00648.webp?v=1745810801
9040967139543,"Heavy Duty Conveyor,  9HP 270cc Gasoline Powered Max. 180"" Lift Height,  276'' Length,  24"" Width,  HC2320",heavy-duty-firewood-conveyor-9hp-270cc-gasoline-powered-max-180-lift-height-276-length-24-width-hc2320,MechMaxx,machine,"00renew, 01AAA, _ClogA03, BalckFriday, bfsales0, bfsales1, bfsales1-1127, blackfriday, conveyor, coupon, Heavy Duty Conveyor, MECHMAXX Brand, New Products, sales, SMS, Woodworking Machinery",2025-09-21T23:19:39-07:00,2025-09-21T18:25:18-07:00,2026-07-20T11:17:45-07:00,150302,5699.00,6299.00,true,796055,https://cdn.shopify.com/s/files/1/0653/3470/6391/files/150302--_21.webp?v=1758616115
8886911140055,"Heavy Duty Modular Drawer Cabinet - 10 Drawer,  59"" H x 28.5"" W x 28.5"" D Tool Storage Organizer,  Steel Construction",heavy-duty-modular-ddrawer-cabinet-10drawers28-5-x-28-5x-59,MechMaxx,machine,"00renew, 01AAA, 10 Drawer Tool Cabinet, _ClogA08, bfsales0, coupon, Material Handling & Storage, Material Handling Equipments, MECHMAXX Brand, SMS, Storage, Tool Cabinet",2025-04-15T05:56:05-07:00,2025-04-14T02:20:04-07:00,2026-07-20T11:17:45-07:00,301002,2049.00,2599.00,true,246301,https://cdn.shopify.com/s/files/1/0653/3470/6391/files/301002_main1.webp?v=1744700179
8886922117335,"Heavy Duty Modular Drawer Cabinet - 11 Drawer 59"" H x 28.5"" W x 22.5"" D Tool Storage Organizer,  Steel Construction",heavy-duty-modular-drawer-cabinet-11drawers-59x28-5x22-5,MechMaxx,machine,"00renew, 01AAA, 11 Drawer Tool Cabinet, _ClogA08, bfsales0, coupon, Material Handling & Storage, Material Handling Equipments, MECHMAXX Brand, New Products, SMS, Storage, Tool Cabinet",2025-04-15T05:56:09-07:00,2025-04-14T02:48:47-07:00,2026-07-20T11:17:45-07:00,301006,1849.00,2299.00,true,166015,https://cdn.shopify.com/s/files/1/0653/3470/6391/files/301005_main1_31afb2ef-2a5f-46be-96f4-334608bd6d04.webp?v=1744702111
8886916088023,"Heavy Duty Modular Drawer Cabinet - 11 Drawer,  59"" H x 28.5"" W x 28.5"" D Tool Storage Organizer,  Steel Construction",heavy-duty-modular-ddrawer-cabinet-11drawers-59x28-5x28-5,MechMaxx,machine,"00renew, 01AAA, 11 Drawer Tool Cabinet, _ClogA08, bfsales0, coupon, Material Handling & Storage, Material Handling Equipments, MECHMAXX Brand, SMS, Storage, Tool Cabinet",2025-04-15T05:56:06-07:00,2025-04-14T02:26:49-07:00,2026-07-20T11:17:45-07:00,301003,2099.00,2699.00,true,249022,https://cdn.shopify.com/s/files/1/0653/3470/6391/files/301003_main1.webp?v=1744700352
8886039642327,"Heavy Duty Modular Drawer Cabinet - 9 Drawer,  59"" H x 28.5"" W x 28.5"" D Tool Storage Organizer,  Steel Construction",heavy-duty-modular-ddrawer-cabinet-9-drawers59x28-1-2x28-1-2,MechMaxx,machine,"00renew, 01AAA, 9 Drawer Tool Cabinet, _ClogA08, bfsales0, coupon, Material Handling & Storage, Material Handling Equipments, MECHMAXX Brand, SMS, Storage, Tool Cabinet",2025-04-15T05:56:04-07:00,2025-04-12T02:46:23-07:00,2026-07-20T11:17:45-07:00,301001,1999.00,2499.00,true,242218,https://cdn.shopify.com/s/files/1/0653/3470/6391/files/301001main1.webp?v=1744695722
8886921167063,"Heavy Duty Modular Drawer Cabinet - Drawer,  59"" H x 28.5"" W x 22.5"" D Tool Storage Organizer,  Steel Construction",heavy-duty-modular-ddrawer-cabinet-10drawers-59x28-5x22-5,MechMaxx,machine,"00renew, 01AAA, 10 Drawer Tool Cabinet, _ClogA08, bfsales0, coupon, Material Handling & Storage, Material Handling Equipments, MECHMAXX Brand, SMS, Storage, Tool Cabinet",2025-04-15T05:56:08-07:00,2025-04-14T02:45:08-07:00,2026-07-20T11:17:45-07:00,301005,1799.00,2149.00,true,161932,https://cdn.shopify.com/s/files/1/0653/3470/6391/files/301005_main1.webp?v=1744701275
8886917497047,"Heavy Duty Modular Drawer Cabinet – 9 Drawer, 59"" H x 28.5"" W x 22.5"" D Tool Storage Organizer, Steel Construction",heavy-duty-modular-ddrawer-cabinet-9drawers-59x28-5x22-5,MechMaxx,machine,"00renew, 01AAA, 9 Drawer Tool Cabinet, _ClogA08, bfsales0, coupon, Material Handling & Storage, Material Handling Equipments, MECHMAXX Brand, New Products, SMS, Storage, Tool Cabinet",2025-04-15T05:56:07-07:00,2025-04-14T02:30:39-07:00,2026-07-20T11:17:45-07:00,301004,1699.00,2199.00,true,158304,https://cdn.shopify.com/s/files/1/0653/3470/6391/files/301004_main1.webp?v=1744701094
8968990195927,Heavy Duty Stand For VM18L Serial Metal Milling and Drilling Machine (SKU:500200) (SKU:500201),heavy-duty-stand-for-vm18l-serial-metal-milling-and-drilling-machine-sku-500200-sku-500201,MechMaxx,accessories,"01AAA, coupon, MECHMAXX Brand, Metalworking Machines, Mill/Drill Machine Stand, SMS, Stand & Accessories",2025-07-09T23:05:49-07:00,2025-07-09T23:05:48-07:00,2026-07-20T11:17:45-07:00,511001,299.00,339.00,true,16783,https://cdn.shopify.com/s/files/1/0653/3470/6391/files/500200_1.jpg?v=1752127392
8968991178967,Heavy Duty Stand For VM25L Serial Metal Milling and Drilling Machine (SKU:500202) (SKU:500203),heavy-duty-stand-for-vm25l-serial-metal-milling-and-drilling-machine-sku-500202-sku-500203,MechMaxx,accessories,"01AAA, coupon, MECHMAXX Brand, Metalworking Machines, Mill/Drill Machine Stand, sales, SMS, Stand & Accessories",2025-07-09T23:10:59-07:00,2025-07-09T23:10:58-07:00,2026-07-20T11:17:45-07:00,511002,339.00,369.00,true,20865,https://cdn.shopify.com/s/files/1/0653/3470/6391/files/500202_2.jpg?v=1752127624
8968991932631,Heavy Duty Stand For VM32L Serial Metal Milling and Drilling Machine (SKU:500204) (SKU:500205),heavy-duty-stand-for-vm32l-serial-metal-milling-and-drilling-machine-sku-500204-sku-500205,MechMaxx,accessories,"01AAA, coupon, MECHMAXX Brand, Metalworking Machines, Mill/Drill Machine Stand, SMS, Stand & Accessories",2025-07-09T23:18:06-07:00,2025-07-09T23:18:05-07:00,2026-07-20T11:17:45-07:00,511003,399.00,439.00,true,27216,https://cdn.shopify.com/s/files/1/0653/3470/6391/files/VM32L500204_26.jpg?v=1754884917
9131452498135,HEPA Replacement Filter for the CB-65Slim Clean Bench(SKU:321009),hepa-replacement-filter-for-the-cb-65slimclean-benchsku-321009,MechMaxx,,Clean Bench Accessories,2026-04-01T02:59:21-07:00,2025-12-10T00:49:48-08:00,2026-07-20T11:17:45-07:00,482109,179.99,,true,1814,https://cdn.shopify.com/s/files/1/0653/3470/6391/files/DSC05965.webp?v=1775037447
9131454333143,HEPA Replacement Filter for the CB-80Slim Clean Bench(SKU:321010),hepa-replacement-filter-for-the-cb-80slimclean-benchsku-321010,MechMaxx,,Clean Bench Accessories,2026-04-01T03:00:02-07:00,2025-12-10T00:50:20-08:00,2026-07-20T11:17:45-07:00,482110,189.99,,true,1814,https://cdn.shopify.com/s/files/1/0653/3470/6391/files/DSC05966.webp?v=1775037501
9131440505047,HEPA Replacement Filter for the CB-H1 Clean Bench(SKU:321001),hepa-replacement-filter-for-the-cb-h1clean-benchsku-321001,MechMaxx,,Clean Bench Accessories,2026-04-01T02:59:14-07:00,2025-12-10T00:44:25-08:00,2026-07-20T11:17:45-07:00,482101,199.99,,true,4082,https://cdn.shopify.com/s/files/1/0653/3470/6391/files/DSC05973_397a5366-b473-491f-aa1e-e7d7c7cdb073.webp?v=1775035452
9131445584087,HEPA Replacement Filter for the CB-H1Pro Clean Bench(SKU:321005),hepa-replacement-filter-for-the-cb-h1proclean-benchsku-321005,MechMaxx,,Clean Bench Accessories,2026-04-01T02:59:18-07:00,2025-12-10T00:47:38-08:00,2026-07-20T11:17:45-07:00,482105,219.99,,true,4536,https://cdn.shopify.com/s/files/1/0653/3470/6391/files/DSC05911.webp?v=1775036262
9131441946839,HEPA Replacement Filter for the CB-H2 Clean Bench(SKU:321003),hepa-replacement-filter-for-the-cb-h2clean-benchsku-321003,MechMaxx,,Clean Bench Accessories,2026-04-01T02:59:16-07:00,2025-12-10T00:46:04-08:00,2026-07-20T11:17:45-07:00,482103,339.99,,true,6350,https://cdn.shopify.com/s/files/1/0653/3470/6391/files/DSC05990.webp?v=1775035976
9131447714007,HEPA Replacement Filter for the CB-H2Pro Clean Bench(SKU:321007),hepa-replacement-filter-for-the-cb-h2proclean-benchsku-321007,MechMaxx,,Clean Bench Accessories,2026-04-01T02:59:19-07:00,2025-12-10T00:48:22-08:00,2026-07-20T11:17:45-07:00,482107,369.99,,true,6804,https://cdn.shopify.com/s/files/1/0653/3470/6391/files/DSC05982.webp?v=1775037273
9131441389783,HEPA Replacement Filter for the CB-V1 Clean Bench(SKU:321002),hepa-replacement-filter-for-the-cb-v1clean-benchsku-321002,MechMaxx,,Clean Bench Accessories,2026-04-01T02:59:15-07:00,2025-12-10T00:45:22-08:00,2026-07-20T11:17:45-07:00,482102,199.99,,true,4082,https://cdn.shopify.com/s/files/1/0653/3470/6391/files/DSC05974.webp?v=1775035831
9131446534359,HEPA Replacement Filter for the CB-V1Pro Clean Bench(SKU:321006),hepa-replacement-filter-for-the-cb-v1proclean-benchsku-321006,MechMaxx,,Clean Bench Accessories,2026-04-01T02:59:18-07:00,2025-12-10T00:48:02-08:00,2026-07-20T11:17:45-07:00,482106,219.99,,true,4536,https://cdn.shopify.com/s/files/1/0653/3470/6391/files/DSC05912.webp?v=1775036379
9131442372823,HEPA Replacement Filter for the CB-V2 Clean Bench(SKU:321004),hepa-replacement-filter-for-the-cb-v2clean-benchsku-321004,MechMaxx,,Clean Bench Accessories,2026-04-01T02:59:17-07:00,2025-12-10T00:46:25-08:00,2026-07-20T11:17:45-07:00,482104,339.99,,true,6350,https://cdn.shopify.com/s/files/1/0653/3470/6391/files/DSC05991.webp?v=1775036072
9131449286871,HEPA Replacement Filter for the CB-V2Pro Clean Bench(SKU:321008),hepa-replacement-filter-for-the-cb-v2proclean-benchsku-321008,MechMaxx,,Clean Bench Accessories,2026-04-01T02:59:20-07:00,2025-12-10T00:48:48-08:00,2026-07-20T11:17:45-07:00,482108,369.99,,true,6804,https://cdn.shopify.com/s/files/1/0653/3470/6391/files/DSC05983.webp?v=1775037373
8617524003031,"High Performance Tilt Back Tire Changer Wheel Balancer Bundle,  TC968,  WB855",high-performance-28-rim-tilt-back-tire-changer-wheel-balancer-combo-tc968-wb855,MechMaxx,machine,"00Z, 01AAA, 02G-series, 0ZS, _ClogA07, AAA-auto, AAA20, Automotive Equipment & Tools, Combo Sales, coupon, MECHMAXX Brand, sales, SMS, TC & WB Combo, Vehicle Equipment & Tools",2024-07-02T18:11:12-07:00,2024-07-02T17:31:55-07:00,2026-07-20T11:17:45-07:00,200033,3099.00,3798.00,true,351988,https://cdn.shopify.com/s/files/1/0653/3470/6391/files/wb855_tc968.webp?v=1746896334
8617556607191,"High Performance Tilt Back Tire Changer Wheel Balancer Bundle,  TC968,  WB857",high-performance-28-rim-tilt-back-tire-changer-wheel-balancer-combo-tc968-wb857,MechMaxx,machine,"00Z, 01AAA, 02G-series, 0ZS, _ClogA07, AAA-auto, AAA20, Automotive Equipment & Tools, Combo Sales, coupon, MECHMAXX Brand, sales, SMS, TC & WB Combo, Vehicle Equipment & Tools",2024-07-02T18:11:12-07:00,2024-07-02T17:55:04-07:00,2026-07-20T11:17:45-07:00,200035,3599.00,4298.00,true,369224,https://cdn.shopify.com/s/files/1/0653/3470/6391/files/wb857_tc968.webp?v=1746896814
8617549136087,"High Performance Tilt Back Tire Changer Wheel Balancer Bundle,  TC9682,  WB855",high-performance-28-rim-tilt-back-tire-changer-wheel-balancer-combo-tc9682-wb855,MechMaxx,machine,"00Z, 01AAA, 02G-series, 0ZS, _ClogA07, AAA-auto, AAA20, Automotive Equipment & Tools, Combo Sales, coupon, MECHMAXX Brand, sales, SMS, TC & WB Combo, Vehicle Equipment & Tools",2024-07-02T18:11:11-07:00,2024-07-02T17:49:54-07:00,2026-07-20T11:17:45-07:00,200034,3599.00,4298.00,true,430913,https://cdn.shopify.com/s/files/1/0653/3470/6391/files/wb855_tc9682.webp?v=1746896569
8617560768727,"High Performance Tilt Back Tire Changer Wheel Balancer Bundle,  TC9682,  WB857",high-performance-28-rim-tilt-back-tire-changer-wheel-balancer-combo-tc9682-wb857,MechMaxx,machine,"00Z, 01AAA, 02G-series, 0ZS, _ClogA07, AAA-auto, AAA20, Automotive Equipment & Tools, Combo Sales, coupon, MECHMAXX Brand, SMS, TC & WB Combo, Vehicle Equipment & Tools",2024-07-02T18:11:12-07:00,2024-07-02T17:58:00-07:00,2026-07-20T11:17:45-07:00,200036,4099.00,4798.00,true,448149,https://cdn.shopify.com/s/files/1/0653/3470/6391/files/wb857_tc9682.webp?v=1746897057
8564368638167,"High Performance Tilt Back Tire Changer Wheel Changer with Bead Blaster,  TC968",high-performance-28-rim-tilt-back-tire-changer-wheel-changer-with-bead-blaster,MechMaxx,machine,"00renew, 00Z, 01AAA, 02G-series, 0ZS, _ClogA07, AAA-auto, AAA20, Automotive Equipment & Tools, bfsales0, coupon, MECHMAXX Brand, SMS, Tire Changer, Vehicle Equipment & Tools",2024-06-24T01:01:43-07:00,2024-06-06T02:09:09-07:00,2026-07-20T11:17:45-07:00,200006,2199.00,2499.00,true,247208,https://cdn.shopify.com/s/files/1/0653/3470/6391/files/DSC08019_1c5150b5-b0a3-4d54-83c6-56b00f86b958.webp?v=1746894207
8564395540695,"High Performance Tilt Back Tire Changer Wheel Changer with Multi-Function Assist Arm and Bead Blaster,  TC9682",high-performance-28-rim-tilt-back-tire-changer-wheel-changer-with-multi-function-assist-arm-and-bead-blaster,MechMaxx,machine,"00renew, 00Z, 01AAA, 02G-series, 0ZS, _ClogA07, AAA-auto, AAA20, Automotive Equipment & Tools, bfsales0, coupon, MECHMAXX Brand, SMS, Tire Changer, Vehicle Equipment & Tools",2024-06-24T10:21:12-07:00,2024-06-06T02:16:28-07:00,2026-07-20T11:17:45-07:00,200028,2699.00,2999.00,true,326133,https://cdn.shopify.com/s/files/1/0653/3470/6391/files/DSC08148_83b84a02-1ce9-46ce-96c8-95d979de5db2.webp?v=1746894862
9122427470039,"Honda GX100 Tamping Rammer with Wheel Kit, 2250 lb Impact Force Jumping Jack Tamper Compactor for Soil, Gravel, Backfill and Foundation, TR60H",tamping-rammer-tr60h,MechMaxx,machine,"01AAA, 0zs, Construction Equipment, New Products, Tamping Rammers",2026-06-12T03:16:30-07:00,2025-12-01T00:05:20-08:00,2026-07-20T11:17:45-07:00,205001H,1899.00,2199.00,true,62142,https://cdn.shopify.com/s/files/1/0653/3470/6391/files/TR60H_1.webp?v=1780556446
9122448244951,"Honda GX160 23 in Walk-Behind Concrete Power Trowel with Blades and Float Pan, PT22H",power-trowel-pt22h,MechMaxx,machine,"01AAA, 0zs, 205010H, Construction Equipment, New Products, Walk-Behind Trowels",2026-06-12T03:16:44-07:00,2025-12-01T00:17:22-08:00,2026-07-20T11:17:45-07:00,205010H,1399.00,1599.00,true,58060,https://cdn.shopify.com/s/files/1/0653/3470/6391/files/PT22H_3.webp?v=1780558670
9122448867543,"Honda GX160 36 in Walk-Behind Concrete Power Trowel with Blades and Float Pan, PT36H",power-trowel-pt36h,MechMaxx,machine,"01AAA, 0zs, 205011H, Construction Equipment, New Products, Walk-Behind Trowels",2026-06-12T03:16:46-07:00,2025-12-01T00:17:58-08:00,2026-07-20T11:17:45-07:00,205011H,1699.00,1999.00,true,82100,https://cdn.shopify.com/s/files/1/0653/3470/6391/files/PT36H_7.webp?v=1780558907
9122435727575,"Honda GX160 Reversible Plate Compactor with Wheel Kit and Extension Plates, 5625 lb Centrifugal Force, PC150H",reversible-plate-compactor-pc150h,MechMaxx,machine,"01AAA, 0zs, 205006H, Construction Equipment, New Products, Plate Compactors, Reversible Plate Compactors",2026-06-12T03:16:37-07:00,2025-12-01T00:09:05-08:00,2026-07-20T11:17:45-07:00,205006H,2299.00,2699.00,true,148778,https://cdn.shopify.com/s/files/1/0653/3470/6391/files/PC150H_4.webp?v=1780557696
9122429927639,"Honda GX160 Vibratory Plate Compactor with Wheel Kit, 3150 lb Centrifugal Force for Soil, Gravel, Asphalt and Paver Base, PC80H",plate-compactor-pc80h,MechMaxx,machine,"01AAA, 0zs, Construction Equipment, Forward Plate Compactors, New Products, Plate Compactors",2026-06-12T03:16:33-07:00,2025-12-01T00:06:56-08:00,2026-07-20T11:17:45-07:00,205004H,1499.00,1699.00,false,87543,https://cdn.shopify.com/s/files/1/0653/3470/6391/files/PC80H_1.webp?v=1780557249
9122432385239,"Honda GX160 Vibratory Plate Compactor with Wheel Kit, 3600 lb Centrifugal Force for Soil, Gravel, Asphalt and Paver Base, PC90H",plate-compactor-pc90h,MechMaxx,machine,"01AAA, 0zs, Construction Equipment, Forward Plate Compactors, New Products, Plate Compactors",2026-06-12T03:16:35-07:00,2025-12-01T00:07:36-08:00,2026-07-20T11:17:45-07:00,205005H,1499.00,1699.00,true,90265,https://cdn.shopify.com/s/files/1/0653/3470/6391/files/1_4d163988-8be8-401a-925b-7be3a26dded7.webp?v=1781157788
9122446606551,"Honda GX160 Walk-Behind Concrete Floor Saw, 14 in Blade, 4 in Cutting Depth, FS350H",walk-behind-saw-fs350h,MechMaxx,machine,"01AAA, 0zs, 205008H, Construction Equipment, New Products, Walk-Behind Saws",2026-06-12T03:16:41-07:00,2025-12-01T00:16:18-08:00,2026-07-20T11:17:45-07:00,205008H,1499.00,1699.00,true,82100,https://cdn.shopify.com/s/files/1/0653/3470/6391/files/FS350H_14.webp?v=1781158238
8423134134487,"HONDA GX200 Gasoline Engine Powered 4 inch Wood Chipper,  GS650",mechmaxx-gs650-4-inch-wood-chipper-196cc-6-5hp,MechMaxx,machine,"00renew, 01AAA, 02A-series, _ClogA01, AAA11, bfsales1, bfsales1-1127, blackfriday, coupon, HOME&GARDEN, Honda, MECHMAXX Brand, sales, SMS, Wood Chipper",2024-04-19T09:39:51-07:00,2024-04-19T06:15:13-07:00,2026-07-20T11:17:45-07:00,110101,1799.00,1799.00,true,123831,https://cdn.shopify.com/s/files/1/0653/3470/6391/files/gs650honda-_9.webp?v=1764137471
9122449522903,"Honda GX270 44 in Walk-Behind Concrete Power Trowel with Blades and Float Pan, PT46H",power-trowel-pt46h,MechMaxx,machine,"01AAA, 0zs, 205012H, Construction Equipment, New Products, Walk-Behind Trowels",2026-06-12T03:16:48-07:00,2025-12-01T00:18:29-08:00,2026-07-20T11:17:45-07:00,205012H,2399.00,2799.00,true,107048,https://cdn.shopify.com/s/files/1/0653/3470/6391/files/PT46H_8.webp?v=1780559082
9122445721815,"Honda GX270 Reversible Plate Compactor with Wheel Kit and Extension Plates, 6750 lb Centrifugal Force, PC180H",reversible-plate-compactor-pc180h,MechMaxx,machine,"01AAA, 0zs, 205007H, Construction Equipment, New Products, Plate Compactors, Reversible Plate Compactors",2026-06-12T03:16:39-07:00,2025-12-01T00:15:41-08:00,2026-07-20T11:17:45-07:00,205007H,2899.00,3399.00,true,184159,https://cdn.shopify.com/s/files/1/0653/3470/6391/files/PC180H_11.webp?v=1781158144
9117353378007,"Honda GX390 Engine Firewood Log Splitter Processor with Conveyor,  20ton Splitting Force 24"" x 15"" Log Capacity,  18"" Chainsaw,  HLS20",honda-gx390-engine-firewood-log-splitter-processor-conveyor-20ton-splitting-force-24-x-15-log-capacity-18-stihl-chainsaw-hls20,MechMaxx,machine,"00renew, 01AAA, _ClogA01, _ClogA03, blowout, coupon, Lawn & Garden, Log Splitter, Log Splitter Processor Conveyor, MECHMAXX Brand, New Products, sales, SMS, Woodworking Machinery",2025-12-22T00:38:21-08:00,2025-11-25T22:41:21-08:00,2026-07-20T11:17:45-07:00,150244,6999.00,10999.00,true,689914,https://cdn.shopify.com/s/files/1/0653/3470/6391/files/HLS20Hondaengine-_1.webp?v=1769155755
9150759207127,"Honda GX390 Engine Firewood Log Splitter Processor with Conveyor,  20ton Splitting Force 24"" x 15"" Log Capacity,  18"" Chainsaw,  HLS20",honda-gx390-engine-firewood-log-splitter-processor-conveyor-20ton-splitting-force-24-x-15-log-capacity-18-stihl-chainsaw-hls20-1,MechMaxx,machine,"01AAA, coupon",2026-01-23T00:11:02-08:00,2026-01-07T23:16:55-08:00,2026-07-20T11:17:45-07:00,150244-1,7699.00,10999.00,false,689914,https://cdn.shopify.com/s/files/1/0653/3470/6391/files/HLS20Hondaengine-_1.webp?v=1769155755
9161722069207,"Honda GX390 Engine Firewood Log Splitter Processor with Conveyor,  20ton Splitting Force 24"" x 15"" Log Capacity,  HLS20",honda-gx390-engine-firewood-log-splitter-processor-with-conveyor-20ton-splitting-force-24-x-15-log-capacity-hls20,MechMaxx,accessories,"01AAA, coupon",2026-01-20T18:41:30-08:00,2026-01-20T18:40:06-08:00,2026-07-20T11:17:45-07:00,150244-3,7699.00,10999.00,false,689914,https://cdn.shopify.com/s/files/1/0653/3470/6391/files/HLS20Hondaengine-_1.webp?v=1769155755
9122447032535,"Honda GX390 Walk-Behind Concrete Floor Saw, 20 in Blade, 7 in Cutting Depth, FS480H",walk-behind-saw-fs480h,MechMaxx,machine,"01AAA, 0zs, 205009H, Construction Equipment, New Products, Walk-Behind Saws",2026-06-12T03:16:43-07:00,2025-12-01T00:16:46-08:00,2026-07-20T11:17:45-07:00,205009H,2399.00,2799.00,true,115666,https://cdn.shopify.com/s/files/1/0653/3470/6391/files/FS480H_12.webp?v=1780558314
8632540889303,"HONDA GX690 22HP 688cc Twin Cylinder Gasoline Engine Powered 7"" Hydraulic Feeding Wood Chipper,  DCH7",twin-cylinder-petrol-engine-7-hydraulic-feeding-wood-chipper-dch7h,MechMaxx,machine,"00renew, 01AAA, 02A-series, 7 in Wood Chipper, _ClogA01, AAA11, blackfriday, coupon, HOME&GARDEN, Honda, MECHMAXX Brand, sales, SMS, Wood Chipper",2024-07-16T04:18:16-07:00,2024-07-12T23:48:15-07:00,2026-07-20T11:17:45-07:00,110700H,8599.00,13999.00,true,719851,https://cdn.shopify.com/s/files/1/0653/3470/6391/files/HondaDCH7-_16.webp?v=1740708798
9122429370583,"Honda GXR120 Tamping Rammer with Wheel Kit, 3150 lb Impact Force Jumping Jack Tamper Compactor for Soil, Gravel, Backfill and Foundation, TR75H",tamping-rammer-tr75h,MechMaxx,machine,"01AAA, 0zs, Construction Equipment, New Products, Tamping Rammers",2026-06-12T03:16:32-07:00,2025-12-01T00:06:25-08:00,2026-07-20T11:17:45-07:00,205003H,2499.00,2899.00,true,74389,https://cdn.shopify.com/s/files/1/0653/3470/6391/files/TR75H_2.webp?v=1780556640
8875776966871,"Horn for Mini Skid Steer STL1000, ( SKU: 101000 )",horn-for-mini-skid-steer-stl1000-sku-101000,MechMaxx,accessories,"01BBB, 101000, AAA41, Accessories, active, SMS",2025-03-28T17:11:20-07:00,2025-03-28T00:13:38-07:00,2026-07-20T11:17:45-07:00,410523,62.99,,true,1361,https://cdn.shopify.com/s/files/1/0653/3470/6391/files/Horn-_3.webp?v=1743146205
9232986308823,"HSS Countersinks Set of 6 Pcs, 6,3 - 20,5 mm, 90° for SKU: 500200 | Model: VM18L SKU: 500201 | Model: VM18LD SKU: 500202 | Model: VM25L SKU: 500203 | Model: VM25LD SKU: 500204 | Model: VM32L SKU: 500205 | Model: VM32LD",hss-countersinks-set-of-6-pcs-6-3-20-5-mm-90-for-sku-500200-model-vm18l-sku-500201-model-vm18ld-sku-500202-model-vm25l-sku-500203-model-vm25ld-sku-500204-model-vm32l-sku-500205-model-vm32ld,MechMaxx,accessories,"01BBB, 1030V, 500005, Metal Lathe Machine, Metalworking Machines part, Spare Parts",2026-04-02T21:39:44-07:00,2026-04-02T21:37:35-07:00,2026-07-20T11:17:45-07:00,485501,42.00,,true,449,https://cdn.shopify.com/s/files/1/0653/3470/6391/files/485501_DSC09366.webp?v=1775191186
9087307022551,"Hydraulic Breaker Hammer for Mini Compact Excavator MEC17, MEC17PRO, 360 J Impact Energy, 700-1200 Bpm (SKU: 150533; 150534）",breaker-hammer-for-mini-compact-excavator-mec17-sku-150533-150534,MechMaxx,machine,"01AAA, 02K-series, 150533, 150534, _ClogA11, active, CROBA Brand, Excavator Breaker Hammer, Mini Excavator Attachments, SMS",2025-11-05T04:42:31-08:00,2025-10-31T00:15:15-07:00,2026-07-20T11:17:45-07:00,150549,1069.00,1399.00,true,136985,https://cdn.shopify.com/s/files/1/0653/3470/6391/files/150549--_2.webp?v=1768871445
9244685467863,Hydraulic Cylinder for 5 Cu-Ft 3-Point Hitch Cement Mixer (SKU: 150250),412212,MechMaxx,accessories,"PTO Cement Mixer, Spare Parts",2026-04-20T02:18:04-07:00,2026-04-20T00:35:41-07:00,2026-07-20T11:17:45-07:00,412212,139.99,159.99,true,4990,https://cdn.shopify.com/s/files/1/0653/3470/6391/files/412212-_3.webp?v=1776676672
9029364875479,Hydraulic Cylinder for MechMaxx Heavy-Duty Dump Trailer ( SKU: 150255 ),hydraulic-cylinder-for-mechmaxx-heavy-duty-dump-trailer-sku-150255,MechMaxx,accessories,"01BBB, 150255, other spare part, SMS",2025-09-09T08:17:51-07:00,2025-09-09T08:06:24-07:00,2026-07-20T11:17:45-07:00,410780,249.99,,false,24948,https://cdn.shopify.com/s/files/1/0653/3470/6391/files/jack.jpg?v=1757430371
8854430449879,Hydraulic Hammer Breaker for Mini Compact Excavator ( SKU: 150530; 150531; 150532 ),hydraulic-hammer-breaker-for-1-1-8-ton-mini-compact-excavator,MechMaxx,machine,"01AAA, 02K-series, 150530, 150532, _ClogA11, active, bfsales0, Excavator Breaker Hammer, Mini Excavator Attachments, SMS",2025-03-17T01:46:02-07:00,2025-03-04T19:54:08-08:00,2026-07-20T11:17:45-07:00,150543,999.00,1499.00,true,93440,https://cdn.shopify.com/s/files/1/0653/3470/6391/files/3_dd9e41e0-ddfb-45e6-a25d-7dd033860326.webp?v=1741168182
8872204271831,"Hydraulic Oil Filler Cap for Mini Skid Steer STL1000, ( SKU: 101000 )",hydraulic-oil-filler-cap-for-mini-skid-steer-stl1000-sku-101000,MechMaxx,accessories,"01BBB, 101000, AAA41, Accessories, active, SMS",2025-03-25T05:09:12-07:00,2025-03-25T01:33:50-07:00,2026-07-20T11:17:45-07:00,410526,66.99,,true,1361,https://cdn.shopify.com/s/files/1/0653/3470/6391/files/410526-_3.webp?v=1742894292
9141774254295,Hydraulic Oil Filter Element for Log Splitter Processor with Conveyor HLS20 (SKU: 150244; 150245),hydraulic-oil-filter-element-for-log-splitter-processor-with-conveyor-hls20-sku-150244-150245,MechMaxx,accessories,"01BBB, 150244, 150245, Lawn & Garden Part, Log Splitters Part, SMS, Woodworking Machinery part",2025-12-26T01:12:10-08:00,2025-12-25T19:44:01-08:00,2026-07-20T11:17:45-07:00,412203,59.99,79.99,true,227,https://cdn.shopify.com/s/files/1/0653/3470/6391/files/412203.webp?v=1766731679
9116135489751,Hydraulic Oil Return Filter Element Suction Filter Element Air Filter Element Set for Mini Compact Excavator MEC10 (SKU: 150530; 150531; 150532),hydraulic-oil-return-filter-element-suction-filter-element-air-filter-element-set,MechMaxx,accessories,"01BBB, 150530, 150532, 412176",2025-12-09T02:04:05-08:00,2025-11-23T22:42:15-08:00,2026-07-20T11:17:45-07:00,412176,69.99,89.99,true,0,https://cdn.shopify.com/s/files/1/0653/3470/6391/files/412176-2.webp?v=1765272348
8858950893783,"Hydraulic Oil Return Line Filter Assembly for Mini Skid Steer STL1000, ( SKU: 101000 )",hydraulic-oil-filter-assembly-for-mini-skid-steer-stl1000-sku-101000,MechMaxx,accessories,"01BBB, 101000, AAA41, Accessories, active, filter, SMS",2025-03-11T03:20:32-07:00,2025-03-11T01:18:32-07:00,2026-07-20T11:17:45-07:00,410510,102.99,,true,408,https://cdn.shopify.com/s/files/1/0653/3470/6391/files/HydraulicOilFilter-_2.webp?v=1742288459
9071977332951,Hydraulic Respirator for Wood Chipper TX1000 (SKU: 110701),hydraulic-respirator-for-wood-chipper-tx1000-sku-110701,MechMaxx,accessories,"01BBB, 110701, 8 in Wood Chipper Part, Accessories, SMS, Wood Chipper",2026-01-10T01:12:11-08:00,2025-10-20T03:01:38-07:00,2026-07-20T11:17:45-07:00,412123,69.99,89.99,true,454,https://cdn.shopify.com/s/files/1/0653/3470/6391/files/412123_6b4a1d88-fe74-4b37-9014-adf3d0232791.webp?v=1765271643
8869672386775,"Hydraulic Suction Filter  for Mini Skid Steer STL1000, ( SKU: 101000 )",hydraulic-suction-filter-for-mini-skid-steer-stl1000-sku-101000,MechMaxx,accessories,"01BBB, 101000, AAA41, Accessories, active, filter, SMS",2025-03-22T01:50:57-07:00,2025-03-21T01:10:50-07:00,2026-07-20T11:17:45-07:00,410527,65.99,,true,1361,https://cdn.shopify.com/s/files/1/0653/3470/6391/files/410527-_2.webp?v=1742545021
8865769193687,"I-Beam Top Link (for SKU: 150162, 150163, 150164, 201162, 201163, 201164)",i-beam-top-link-for-sku-150162-150163-150164,MechMaxx,accessories,"00Z, 01BBB, 0ZS, 150162, 150163, 150164, Accessories, All PTO Backhoes, BACKHOE, Backhoe attachment, backhoe for tractor, SMS",2025-06-09T20:19:54-07:00,2025-03-17T07:10:25-07:00,2026-07-20T11:17:45-07:00,461092,159.99,209.99,true,12247,https://cdn.shopify.com/s/files/1/0653/3470/6391/files/Backhoe_I-Beam_Top_Link-1.webp?v=1749520795
8968982233303,Industrial Metal Lathe Machine with DRO 14' x 40'' High Precision 84-1850 RPM  Variable Speed Metal Working Machine 2HP Small Lathe with Stand 1440G,industrial-metal-lathe-machine-with-dro-14-x-40-high-precision-84-1850-rpm-variable-speed-metal-working-machine-2hp-small-lathe-with-stand,MechMaxx,machine,"00precision, 01AAA, 14''-16''Swing Lathes, _ClogA05, BalckFriday, Centre Lathes, coupon, MECHMAXX Brand, Metalworking Machines, sales, SMS",2025-07-09T22:32:23-07:00,2025-07-09T22:32:22-07:00,2026-07-20T11:17:45-07:00,500009,7399.00,7699.00,false,674038,https://cdn.shopify.com/s/files/1/0653/3470/6391/files/1440G-500009_17.webp?v=1752126891
8865760903383,"Industrial Wet/Dry Vacuum Cleaner with HEPA Filter Continuous Duty 8.6 HP 364 CFM 26.4 Gallon - 230V 3Phase,  IVB230",wet-dry-industrial-vacuum-cleaner-230v-3phase,MechMaxx,machine,"00renew, 00Z, 01AAA, 0ZS, 230V 3Phase Vacuum Cleaner, _ClogA12, coupon, Industrial Vacuum Cleaners, Janitorial & Cleaning, MECHMAXX Brand, SMS, Vacuum Cleaners",2025-03-25T07:52:59-07:00,2025-03-17T06:46:41-07:00,2026-07-20T11:17:45-07:00,202022,4999.00,5099.00,true,175087,https://cdn.shopify.com/s/files/1/0653/3470/6391/files/IVB230-1.webp?v=1749049627
8865761001687,"Industrial Wet/Dry Vacuum Cleaner with HEPA Filter Continuous Duty 8.6 HP 364 CFM 26.4 Gallon - 480V 3Phase,  IVB480",wet-dry-industrial-vacuum-cleaner-480v-3phase,MechMaxx,machine,"00renew, 00Z, 01AAA, 0ZS, 480V 3Phase Vacuum Cleaner, _ClogA12, bfsales1, bfsales1-1127, blackfriday, coupon, Industrial Vacuum Cleaners, Janitorial & Cleaning, MECHMAXX Brand, SMS, Vacuum Cleaners",2025-03-25T07:53:04-07:00,2025-03-17T06:47:14-07:00,2026-07-20T11:17:45-07:00,202023,4999.00,5099.00,true,175087,https://cdn.shopify.com/s/files/1/0653/3470/6391/files/IVB230-1.webp?v=1749049627
8865760870615,"Industrial Wet/Dry Vacuum Cleaner with HEPA Filter Three Motor 3.3 HP 285 CFM 16 Gallon - 110V 1 Phase,  IVA3M",wet-dry-industrial-vacuum-cleaner,MechMaxx,machine,"00renew, 00Z, 01AAA, 0ZS, 110V 1Phase Vacuum Cleaner, _ClogA12, coupon, Industrial Vacuum Cleaners, Janitorial & Cleaning, SMS, Vacuum Cleaners",2025-03-25T07:43:02-07:00,2025-03-17T06:46:12-07:00,2026-07-20T11:17:45-07:00,202021,2499.00,2699.00,true,65771,https://cdn.shopify.com/s/files/1/0653/3470/6391/files/IVA3M-1.webp?v=1749049433
9141828387031,Infeed Conveyor Belt for Log Splitter Processor with Conveyor HLS20 (SKU: 150244; 150245),412201-for-log-splitter-processor-with-conveyor-hls20-sku-150244-150245,MechMaxx,accessories,"01BBB, 150244, 150245, Lawn & Garden Part, Log Splitters Part, SMS, Woodworking Machinery part",2026-02-03T22:07:04-08:00,2025-12-26T01:07:14-08:00,2026-07-20T11:17:45-07:00,412201,99.99,129.99,true,2722,https://cdn.shopify.com/s/files/1/0653/3470/6391/files/412201-_1.webp?v=1766740063
8822850945239,"Inflation Gauge for TC Tire Changer (for SKU: 200006, 200028)",inflation-gauge-for-tc-tire-changers-for-sku-200006-200028,MechMaxx,accessories,"01BBB, 0ZS, auto-parts, Automotive Equipments & Tools, NOV8-14, SMS, Tire Changer Accessories & Parts, Tire Changers",2025-11-07T22:04:02-08:00,2025-01-27T04:24:54-08:00,2026-07-20T11:17:45-07:00,460024,69.99,89.99,true,1302,https://cdn.shopify.com/s/files/1/0653/3470/6391/files/DSC02359.webp?v=1737980689
8822860775639,"Inflation Pedal Valve for TC Tire Changer (for SKU: 200006, 200028)",inflation-pedal-valve-for-tc-tire-changers-for-sku-200006-200028,MechMaxx,accessories,"01BBB, 0ZS, auto-parts, Automotive Equipments & Tools, SMS, Tire Changer Accessories & Parts, Tire Changers",2025-08-14T03:35:00-07:00,2025-01-27T04:52:17-08:00,2026-07-20T11:17:45-07:00,460033,45.99,55.99,true,318,https://cdn.shopify.com/s/files/1/0653/3470/6391/files/DSC02571.webp?v=1737982295
8872176451799,"Instrument Panel for Mini Skid Steer STL1000, ( SKU: 101000 )",instrument-panel-for-mini-skid-steer-stl1000-sku-101000,MechMaxx,accessories,"01BBB, 101000, AAA41, Accessories, active, SMS",2025-03-25T05:09:12-07:00,2025-03-25T01:00:34-07:00,2026-07-20T11:17:45-07:00,410528,198.99,199.99,true,1361,https://cdn.shopify.com/s/files/1/0653/3470/6391/files/410528-_1.webp?v=1742889963
9032039104727,Internal Cylinder Oil Seal And Gearbox Oil Seal for Hay Baler HB3120 (SKU: 150215）,internal-cylinder-oil-seal-and-gearbox-oil-seal-for-hay-baler-hb3120-sku-150215,MechMaxx,accessories,"01BBB, 150215, other spare part, SMS",2025-09-18T02:28:52-07:00,2025-09-11T01:50:49-07:00,2026-07-20T11:17:45-07:00,410799,46.99,,true,91,https://cdn.shopify.com/s/files/1/0653/3470/6391/files/410799-1.jpg?v=1758176879
9021052846295,Italian CMR Gearbox for Finishing Mower ( SKU: 150146; 150147; 150148 ),gearbox-for-efs-mower-sku-150134-150135-150136,MechMaxx,accessories,"01BBB, 150146, 150147, 150148, SMS",2025-08-27T04:43:12-07:00,2025-08-26T20:38:35-07:00,2026-07-20T11:17:45-07:00,410773,239.99,349.99,false,15649,https://cdn.shopify.com/s/files/1/0653/3470/6391/files/FMmowergearbox-_3.webp?v=1756266126
9021054746839,Italian CMR Gearbox for Mower AGF72 (SKU: 150202 ),gearbox-for-mower-agf72-sku-150202,MechMaxx,accessories,"01BBB, 150202, SMS",2025-08-27T04:43:14-07:00,2025-08-26T20:51:29-07:00,2026-07-20T11:17:45-07:00,410776,469.99,679.99,true,22680,https://cdn.shopify.com/s/files/1/0653/3470/6391/files/AGF72gearbox-_2.webp?v=1756275189
9021054517463,Italian CMR Gearbox for VAM72 (SKU: 150201）,gearbox-for-vam72-sku-150201,MechMaxx,accessories,"01BBB, 150201, SMS",2025-08-27T04:43:14-07:00,2025-08-26T20:48:47-07:00,2026-07-20T11:17:45-07:00,410775,469.99,679.99,true,22680,https://cdn.shopify.com/s/files/1/0653/3470/6391/files/VAM72gearbox-_1.webp?v=1756266590
9021090496727,Italian CMR Gearbox for VBM Mower (SKU: 150203; 150204）,gearbox-for-vbm-mower-sku-150201,MechMaxx,accessories,"01BBB, 150203, 150204, SMS",2025-08-27T04:43:15-07:00,2025-08-26T23:34:40-07:00,2026-07-20T11:17:45-07:00,410777,469.99,679.99,false,24948,https://cdn.shopify.com/s/files/1/0653/3470/6391/files/VBMgeaebox--_3.webp?v=1756276907
9020060893399,Jack for Firewood Conveyor(SKU: 150301）,jack-for-heavy-duty-firewood-conveyorsku-150301,MechMaxx,accessories,"01BBB, 150301, 150302, other spare part, SMS",2025-08-28T02:19:48-07:00,2025-08-25T19:41:28-07:00,2026-07-20T11:17:45-07:00,410730,92.99,,true,8845,https://cdn.shopify.com/s/files/1/0653/3470/6391/files/410730-_1.webp?v=1756287197
8822849765591,"Jaw Slide Plate for TC Tire Changer (for SKU: 200002, 200027, 200005)",sliding-guide-for-tc-tire-changer-for-sku-200002-200027-200005,MechMaxx,accessories,"01BBB, 0ZS, auto-parts, Automotive Equipments & Tools, SMS, Tire Changer Accessories & Parts, Tire Changers",2025-08-14T03:32:23-07:00,2025-01-27T04:17:27-08:00,2026-07-20T11:17:45-07:00,460021,33.99,43.99,true,181,https://cdn.shopify.com/s/files/1/0653/3470/6391/files/DSC02313.webp?v=1737980221
9030938689751,"Joint Plate Set (for SKU: 150162, 150163, 150164, 201162, 201163, 201164)",joint-plate-set,MechMaxx,accessories,"0zs, 150162, PTO Backhoes part, SMS, Tractor Implements & Attachments part",2026-02-04T23:48:16-08:00,2025-09-10T00:28:24-07:00,2026-07-20T11:17:45-07:00,461139,139.99,169.99,true,7893,https://cdn.shopify.com/s/files/1/0653/3470/6391/files/461139.webp?v=1768984342
8151930568919,"Kevlar V-belts for Wood Chipper P4206, B150, 17x1255La (sku: 110800; 110801; 110802; 110803; 110804; 110805）",belt-for-wood-chipper-p4206-17-1255,MechMaxx,accessories,"01BBB, 110801, 110802, 110803, 6 in Wood Chipper Part, Accessories, B150, Belt, Belt 4 Gas Wood chipper, P4206, SMS",2024-06-15T17:55:31-07:00,2023-10-11T00:43:48-07:00,2026-07-20T11:17:45-07:00,406801,62.99,,true,907,https://cdn.shopify.com/s/files/1/0653/3470/6391/files/KevlarV-beltsforP4206andB150.webp?v=1720074787
9032034353367,"Kevlar V-belts for Wood Chipper P4206, B150, 17x1268La ( sku: 110800; 110801; 110802; 110803; 110804; 110805 ）",kevlar-v-belts-for-wood-chipper-p4206-b150-sku-110800-110801-110802-110803-110804-110805,MechMaxx,accessories,"01BBB, 110801, 110802, 110803, 6 in Wood Chipper Part, Accessories, B150, Belt, Belt 4 Gas Wood chipper, P4206, SMS",2025-10-11T04:49:37-07:00,2025-09-11T01:34:04-07:00,2026-07-20T11:17:45-07:00,406801N,62.99,,true,907,https://cdn.shopify.com/s/files/1/0653/3470/6391/files/SKU_408001N.webp?v=1760007910
9124170760407,Key Switch Box for HONDA GX390 Engine,key-switch-box-for-honda-gx390-engine,MechMaxx,accessories,"01BBB, 110805, 150167h6, 204002, 204003, 204004, 412148, 6 in Wood Chipper Part, GX390",2025-12-03T18:28:21-08:00,2025-12-01T23:56:21-08:00,2026-07-20T11:17:45-07:00,412148,49.99,,true,680,https://cdn.shopify.com/s/files/1/0653/3470/6391/files/412148-_1.webp?v=1764662240
8872229470423,"Key Switch for Mini Skid Steer STL1000, ( SKU: 101000 )",key-switch-for-mini-skid-steer-stl1000-sku-101000,MechMaxx,accessories,"01BBB, 101000, AAA41, Accessories, active, SMS",2025-03-25T05:09:13-07:00,2025-03-25T02:29:51-07:00,2026-07-20T11:17:45-07:00,410516,62.99,,true,1361,https://cdn.shopify.com/s/files/1/0653/3470/6391/files/KeySwitch-_3.webp?v=1742895229
8822871883991,Keyboard for WB Wheel Balancer (for SKU: 200010),keyboard-for-wb-wheel-balancer-for-sku-200010,MechMaxx,accessories,"01BBB, 0ZS, auto-parts, Automotive Equipments & Tools, NOV8-14, SMS, Wheel Balancer Accessories & Parts, Wheel Balancers",2025-11-07T22:07:23-08:00,2025-01-27T05:13:36-08:00,2026-07-20T11:17:45-07:00,460043,46.99,56.99,true,200,https://cdn.shopify.com/s/files/1/0653/3470/6391/files/DSC02347.webp?v=1737983589
8822865297623,Keyboard Panel for WB Wheel Balancer (for SKU: 200009),keyboard-for-wb-wheel-balancer-for-sku-200009,MechMaxx,accessories,"01BBB, 0ZS, auto-parts, Automotive Equipments & Tools, SMS, Wheel Balancer Accessories & Parts, Wheel Balancers",2025-08-14T03:35:00-07:00,2025-01-27T04:57:38-08:00,2026-07-20T11:17:45-07:00,460035,45.99,55.99,true,181,https://cdn.shopify.com/s/files/1/0653/3470/6391/files/DSC02323.webp?v=1737982562
8858950598871,"KUBOTA Diesel Filter Assembly for Mini Skid Steer STL1000, ( SKU: 101000 )",diesel-filter-assembly-for-mini-skid-steer-stl1000-sku-101000,MechMaxx,accessories,"01BBB, 101000, AAA41, Accessories, active, filter, SMS",2025-03-11T03:20:32-07:00,2025-03-11T01:17:00-07:00,2026-07-20T11:17:45-07:00,410508,92.99,,true,408,https://cdn.shopify.com/s/files/1/0653/3470/6391/files/410508.webp?v=1742378488
8858948567255,"KUBOTA Oil Filter for Mini Skid Steer STL1000, ( SKU: 101000 )",oil-filter-for-mini-skid-steer-stl1000-sku-101000,MechMaxx,accessories,"01BBB, 101000, AAA41, Accessories, active, filter, SMS",2025-03-18T02:19:02-07:00,2025-03-11T01:12:42-07:00,2026-07-20T11:17:45-07:00,410507,89.99,,true,408,https://cdn.shopify.com/s/files/1/0653/3470/6391/files/oilfilter-_2.webp?v=1742288261
9114200604887,Large File Bucket,large-file-bucket,MechMaxx,accessories,"01BBB, 150151, 150151G, 150181, 150181G, 150182, 150182G, 150183, 150183G, 4 in Wood Chipper Part, 5 in Wood Chipper Part, 6 in Wood Chipper Part, 7 in Wood Chipper Part, 8 in Wood Chipper Part, File Bucket, SMS",2025-11-21T21:51:52-08:00,2025-11-20T23:16:57-08:00,2026-07-20T11:17:45-07:00,412143,49.99,65.99,true,454,https://cdn.shopify.com/s/files/1/0653/3470/6391/files/412143_8dffb4dc-efcb-40ff-85a4-5fe9666d02cb.webp?v=1763715274
8822874079447,Laser LED Light Assembly for WB Wheel Balancer (for SKU: 200010),laser-led-light-for-wb-wheel-balancer-for-sku-200010,MechMaxx,accessories,"01BBB, 0ZS, auto-parts, Automotive Equipments & Tools, SMS, Wheel Balancer Accessories & Parts, Wheel Balancers",2025-08-14T03:36:20-07:00,2025-01-27T05:19:40-08:00,2026-07-20T11:17:45-07:00,460046,45.99,55.99,true,181,https://cdn.shopify.com/s/files/1/0653/3470/6391/files/DSC02475.webp?v=1737983817
8760701386967,Left Front Tire for Mini Dumper E50; EH50 ( SKU: 101200; 101200Y;101201R;101201 ),left-front-tire-for-mini-dumper-e50-eh50-sku-101200-101200y-101201r-101201,MechMaxx,accessories,"01BBB, 0Tire, 101200, 101201, SMS",2025-09-09T07:16:43-07:00,2024-11-11T23:47:32-08:00,2026-07-20T11:17:45-07:00,404029L,99.99,,true,13154,https://cdn.shopify.com/s/files/1/0653/3470/6391/files/404029L-_2.webp?v=1757755738
8760700174551,"Left Rear Tire for Wood Chipper GS1500 ( SKU: 110200, 110200Y, 110200K )",left-rear-tire-for-wood-chipper-gs1500-sku-110200-110200y-110200k,MechMaxx,accessories,"01BBB, 0Tire, 110200, 110200k, 110200y, 5 in Wood Chipper Part, GS1500, SMS",2025-09-09T07:16:46-07:00,2024-11-11T23:41:06-08:00,2026-07-20T11:17:45-07:00,404021L,89.99,,true,13154,https://cdn.shopify.com/s/files/1/0653/3470/6391/files/404021L-_5.webp?v=1757732355
8760700633303,"Left Rear Tire for Wood Chipper GS650 and Stump Grinder ( SKU: 110100, 110101, 130200, 130300, 130300R, 130400, 130400Y )",left-rear-tire-for-wood-chipper-gs650-and-stump-grinder-sku-110100-110101-130200-130300-130300r-130400-130400y,MechMaxx,accessories,"01BBB, 0Tire, 110100, 110101, 130200, 130300, 130400, 4 in Wood Chipper Part, SMS",2025-09-09T07:16:45-07:00,2024-11-11T23:42:29-08:00,2026-07-20T11:17:45-07:00,404022L,79.99,,true,13154,https://cdn.shopify.com/s/files/1/0653/3470/6391/files/404022R.jpg?v=1757427038
8760700928215,"Left Rear Tire for Wood Chipper P4205, P4206, B150  ( SKU: 110601; 110602; 110800; 110801; 110802; 110803; 110804; 110805）",left-rear-tire-for-wood-chipper-p4205-p4206-b150-sku-110601-110602-110800-110801-110802-110803-110804-110805,MechMaxx,accessories,"01BBB, 0Tire, 110601, 110602, 110800, 110801, 110802, 110803, 110804, 110805, 5 in Wood Chipper Part, 6 in Wood Chipper Part, SMS",2025-09-09T07:16:45-07:00,2024-11-11T23:44:56-08:00,2026-07-20T11:17:45-07:00,404023L,89.99,,true,13154,https://cdn.shopify.com/s/files/1/0653/3470/6391/files/404023R-_2.webp?v=1763085430
9029352456407,"Leveling Foot Set of 6 for Portable Sawmill, SM-22, SM-26 and SM-32 (SKU: 150169; 150166; 150166D6; 150167; 150167K4; 150167D6; 150167K6; 150167H6)",leveling-foot-set-of-6-for-portable-sawmill-sm22-sm26-and-sm32-sku-150169-150166-150166d6-150167-150167k4-150167d6-150167k6-150167h6,MechMaxx,accessories,"01BBB, 150166, 150167, 150169, 26 inch sawmill, 32 inch Sawmill, other spare part, sawmill, Sawmill accessories, SMS, Woodworking Machinery",2025-09-09T07:33:30-07:00,2025-09-09T07:27:53-07:00,2026-07-20T11:17:45-07:00,412037,49.99,,true,4082,https://cdn.shopify.com/s/files/1/0653/3470/6391/files/412037-_1.webp?v=1757498708
9029352653015,"Leveling Foot Set of 6 for Portable Sawmill, SM-36MAX, SM-36HMAX (SKU: 150168MAX; 150168HMAX; 150268）",leveling-foot-set-of-6-for-portable-sawmill-sm-36max-sm-36hmax-sku-150168max-150168hmax,MechMaxx,accessories,"01BBB, 150168HMAX, 150168max, 26 inch sawmill, 32 inch Sawmill, other spare part, sawmill, Sawmill accessories, SMS, Woodworking Machinery",2025-09-09T07:33:30-07:00,2025-09-09T07:29:16-07:00,2026-07-20T11:17:45-07:00,412037-36,49.99,,true,4082,https://cdn.shopify.com/s/files/1/0653/3470/6391/files/412037-36-_2.webp?v=1757498756
9029503549655,"Leveling Foot Set of 6 for Portable Sawmill, SM18 (SKU: 150165）",leveling-foot-set-of-6-for-portable-sawmill-sm18-sku-150169,MechMaxx,accessories,"01BBB, 150165, other spare part, sawmill, Sawmill accessories, SMS, Woodworking Machinery",2025-09-09T09:23:56-07:00,2025-09-09T09:20:25-07:00,2026-07-20T11:17:45-07:00,412038,46.99,,true,4082,https://cdn.shopify.com/s/files/1/0653/3470/6391/files/412038.webp?v=1757498785
8227529457879,Lift Gate Service,lift-gate-service-fee,MechMaxx,liftgatefee,SMS,2024-12-29T22:32:39-08:00,2023-12-28T19:48:39-08:00,2026-07-20T11:17:45-07:00,400002-2,80.00,,false,0,https://cdn.shopify.com/s/files/1/0653/3470/6391/files/liftgate_service_liftgate_fee.jpg?v=1737111558
9250492055767,Lift Gate Service Fee for LTL Shipping,lift-gate-service-fee-for-ltl-shipping,MechMaxx,liftgatefee,SMS,2026-04-27T00:25:59-07:00,2026-04-27T00:25:25-07:00,2026-07-20T11:17:45-07:00,400002-3,80.00,,true,0,https://cdn.shopify.com/s/files/1/0653/3470/6391/files/liftgate_service_liftgate_fee.jpg?v=1737111558
9107989725399,Lift-Gate Service Fee,lift-gate-service-fee-for-ltl,MechMaxx,liftgatefee,SMS,2025-11-18T00:20:39-08:00,2025-11-18T00:06:42-08:00,2026-07-20T11:17:45-07:00,400002-1,80.00,,true,0,https://cdn.shopify.com/s/files/1/0653/3470/6391/files/liftgate_service_liftgate_fee.jpg?v=1737111558
8872233140439,"Light for Mini Skid Steer STL1000, ( SKU: 101000 )",light-for-mini-skid-steer-stl1000-sku-101000,MechMaxx,accessories,"01BBB, 101000, AAA41, Accessories, active, SMS",2025-03-25T05:09:13-07:00,2025-03-25T02:40:26-07:00,2026-07-20T11:17:45-07:00,410517,60.99,,true,1361,https://cdn.shopify.com/s/files/1/0653/3470/6391/files/light-_3.webp?v=1742895624
8945525620951,Liquid Level Gauge for Conveyor(SKU: 150301; 150302）,410726,MechMaxx,accessories,"01BBB, 150301, 150302, SMS",2025-08-28T02:15:36-07:00,2025-06-20T01:16:34-07:00,2026-07-20T11:17:45-07:00,410726,64.99,,true,227,https://cdn.shopify.com/s/files/1/0653/3470/6391/files/410726-_1.webp?v=1750407423
9071927525591,Liquid Level Gauge for Wood Chipper TX1000 (SKU: 110701),liquid-level-gauge-for-wood-chipper-tx1000-sku-110701,MechMaxx,accessories,"01BBB, 110701, 8 in Wood Chipper Part, Accessories, SMS, Wood Chipper",2026-01-10T00:55:25-08:00,2025-10-20T00:31:34-07:00,2026-07-20T11:17:45-07:00,412106,49.99,65.99,true,454,https://cdn.shopify.com/s/files/1/0653/3470/6391/files/412106.webp?v=1760945548
8969792192727,Lithium Battery 24V/40AH for Electric Pallet Jack (for SKU: 202001),lithium-battery-24v-40ah,MechMaxx,accessories,"01BBB, 0zs, 202001, other spare part, SMS",2025-09-18T02:36:25-07:00,2025-07-10T23:06:05-07:00,2026-07-20T11:17:45-07:00,462006,329.99,469.99,true,9072,https://cdn.shopify.com/s/files/1/0653/3470/6391/files/Electric_Pallet_Jack_LPT_30_4d895c63-985c-4838-9179-5a692f35c3d7.webp?v=1758187649
8969793044695,Lithium Battery 48V/30AH Electric Pallet Jack (for SKU: 202002),lithium-battery-48v-30ah,MechMaxx,accessories,"01BBB, 0zs, 202002, other spare part, SMS",2025-09-18T02:36:26-07:00,2025-07-10T23:06:31-07:00,2026-07-20T11:17:45-07:00,462007,399.99,569.99,true,11793,https://cdn.shopify.com/s/files/1/0653/3470/6391/files/Electric_Pallet_Jack_LPT_30_4d895c63-985c-4838-9179-5a692f35c3d7.webp?v=1758187649
8969793994967,Lithium-ion Battery Charger 24V/10A for Electric Pallet Jack (for SKU:202001),battery-charger-24v-10a,MechMaxx,accessories,"01BBB, 0zs, 202001, other spare part, SMS",2025-09-18T02:36:27-07:00,2025-07-10T23:07:01-07:00,2026-07-20T11:17:45-07:00,462008,129.99,159.99,true,1361,https://cdn.shopify.com/s/files/1/0653/3470/6391/files/Electric_Pallet_Jack_LPT_43_2c762a2c-2aab-4cd7-ab50-7404a813d2f6.webp?v=1758187648
8969794879703,Lithium-ion Battery Charger 48V/15A for Electric Pallet Jack (for SKU:202002),battery-charger-48v-15a,MechMaxx,accessories,"01BBB, 0zs, 202002, other spare part, SMS",2025-09-18T02:36:27-07:00,2025-07-10T23:07:26-07:00,2026-07-20T11:17:45-07:00,462009,169.99,209.99,true,2268,https://cdn.shopify.com/s/files/1/0653/3470/6391/files/Electric_Pallet_Jack_LPT_37_fc8c0408-2c9b-451b-8cec-33ea617cad21.webp?v=1758187648
8593427529943,"Log Loading Ramp Kit for Sawmill Trailer , SM-26 and SM-32",log-loading-ramp-kit-for-sawmill-trailer-sm-26-and-sm-32,MechMaxx,accessories,"01BBB, 32 inch Sawmill, AAA41, sawmill, Sawmill accessories, Sawmill Trailer, SMS",2024-06-21T14:23:57-07:00,2024-06-21T02:53:43-07:00,2026-07-20T11:17:45-07:00,410500,289.99,,true,39916,https://cdn.shopify.com/s/files/1/0653/3470/6391/files/410500--_2.webp?v=1719290875
8690528944343,"Log Loading Ramp Kit for Sawmill Trailer , SM-36",log-loading-ramp-kit-for-sawmill-trailer-sm-36,MechMaxx,machine,"01BBB, AAA41, SMS",2024-09-03T01:43:37-07:00,2024-09-03T01:05:17-07:00,2026-07-20T11:17:45-07:00,410501,599.99,,true,81193,https://cdn.shopify.com/s/files/1/0653/3470/6391/files/LogLoadingRampKitforsm36-_19.webp?v=1725592276
8771512402135,"Log Loading Ramp Kit for Sawmill Trailer , SM-36MAX; SM-36HMAX",log-loading-ramp-kit-for-sawmill-trailer-sm-36max,MechMaxx,machine,"01BBB, AAA41, active, sawmill, Sawmill accessories, Sawmill Trailer, SMS",2024-11-26T23:56:48-08:00,2024-11-26T19:10:11-08:00,2026-07-20T11:17:45-07:00,410501MAX,599.99,,true,81193,https://cdn.shopify.com/s/files/1/0653/3470/6391/files/LogLoadingRampKitforsm36-_19.webp?v=1725592276
8791751688407,Lower Connecting Pin of Disc Mower(SKU: 150231）,lower-connecting-pin-of-disc-mower-150231,MechMaxx,accessories,"01BBB, 150231, active, other spare part, SMS",2024-12-31T01:29:39-08:00,2024-12-29T22:40:02-08:00,2026-07-20T11:17:45-07:00,410224-DM6,59.99,,true,454,https://cdn.shopify.com/s/files/1/0653/3470/6391/files/410224-dm6.webp?v=1735636964
8792120590551,Lower Connecting Pin of Disc Mower(SKU: 150232）,lower-connecting-pin-of-disc-mower-150232,MechMaxx,accessories,"01BBB, 150232, active, other spare part, SMS",2024-12-31T01:50:59-08:00,2024-12-31T01:21:48-08:00,2026-07-20T11:17:45-07:00,410224-DM8,59.99,,true,454,https://cdn.shopify.com/s/files/1/0653/3470/6391/files/410224-dm8.webp?v=1735638251
9030937477335,"Lower Connecting Weldment Set (for SKU: 150162, 150163, 150164, 201162, 201163, 201164)",lower-connecting-weldment-set,MechMaxx,accessories,"0zs, 150162, PTO Backhoes part, SMS, Tractor Implements & Attachments part",2026-02-04T23:48:16-08:00,2025-09-10T00:28:00-07:00,2026-07-20T11:17:45-07:00,461138,149.99,179.99,true,9979,https://cdn.shopify.com/s/files/1/0653/3470/6391/files/461138.webp?v=1768984343
8760741658839,Maintenance Kit for Hay Baler HB3120 (150215),part-kits-for-hb3120-hay-baler-150215,MechMaxx,accessories,"01BBB, 150215, AAA40, Accessories, active, hay baler, hay equipment, Hay Equipment Combo, other spare part, SMS",2024-11-13T02:11:16-08:00,2024-11-12T01:51:42-08:00,2026-07-20T11:17:45-07:00,410321,112.99,169.99,true,7711,https://cdn.shopify.com/s/files/1/0653/3470/6391/files/410321.webp?v=1731479994
9027000893655,Maintenance Filter Kit for HONDA GX690 Gasoline Engine,maintenance-filter-kit-for-honda-gx690-gasoline-engine,MechMaxx,accessories,"01BBB, 110700h, 150168HMAX, 7 in Wood Chipper Part, ACCESSORIES, engine parts, filter, SMS",2025-10-11T02:52:15-07:00,2025-09-05T02:32:38-07:00,2026-07-20T11:17:45-07:00,412079,109.99,95.99,true,1361,https://cdn.shopify.com/s/files/1/0653/3470/6391/files/412079-1.webp?v=1760176185
9030967001303,Maintenance Filter Kit for ZONSEN GB1000 Gasoline Engine,maintenance-filter-kit-for-zonsen-gb1000-gasoline-engine,MechMaxx,accessories,"01BBB, 110810, 8 in Wood Chipper Part, ACCESSORIES, engine parts, filter, GB1000, SMS",2025-10-10T20:26:27-07:00,2025-09-10T01:40:39-07:00,2026-07-20T11:17:45-07:00,412075,71.99,95.99,true,1361,https://cdn.shopify.com/s/files/1/0653/3470/6391/files/412075_filter.webp?v=1760153160
9067012161751,Maintenance Filter Kit for ZONSEN GB750 Gasoline Engine,maintenance-filter-kit-for-zonsen-gb750-gasoline-engine,MechMaxx,accessories,"01BBB, 110700, 150168max, 7 in Wood Chipper Part, ACCESSORIES, engine parts, filter, GB750, SMS",2025-10-15T01:20:55-07:00,2025-10-11T03:56:31-07:00,2026-07-20T11:17:45-07:00,412074,69.99,95.99,true,1361,https://cdn.shopify.com/s/files/1/0653/3470/6391/files/412074.webp?v=1760516318
8077271990487,"Max Load 1760lbs,40”-76” Working Width Capacity, Square Bale Gripper , CJF76",mechmaxx-square-bale-gripper,MechMaxx,machine,"01AAA, 02E--series, _ClogA14, AAA15, Grapples, MECHMAXX Brand, Skid Steer, SMS",2023-08-25T03:33:13-07:00,2023-07-26T23:29:22-07:00,2026-07-20T11:17:45-07:00,150172,1999.00,2599.00,false,357431,https://cdn.shopify.com/s/files/1/0653/3470/6391/files/SquareBaleGripper150172-7.webp?v=1690439364
9314832384215,"Mechanical Thumb Kit (for SKU: 150162, 201163, 201164)",461165-mechanical-thumb-kit,MechMaxx,accessories,"0zs, 150162, 150163, 201164, PTO Backhoes part, Tractor Implements & Attachments part",2026-07-11T03:21:06-07:00,2026-07-01T20:18:45-07:00,2026-07-20T11:17:45-07:00,461165,269.99,319.99,true,15921,https://cdn.shopify.com/s/files/1/0653/3470/6391/files/DSC07765.webp?v=1783056510
8084550123735,"MechMaxx  55-80HP, 6” PTO Wood Chipper , BX62S",mechmaxx-pto-6in-wood-chipper,MechMaxx,machine,"01AAA, coupon, hidden, SMS",2025-08-30T01:20:46-07:00,2023-07-28T02:44:11-07:00,2026-07-20T11:17:45-07:00,150179,2699.00,3399.00,false,350173,https://cdn.shopify.com/s/files/1/0653/3470/6391/files/WoodChipper150179-4.webp?v=1693969889
7792745677015,"MechMaxx 1100Lbs Load Capacity Petrol Engine Powered Track Mini Dumper ,  D50MA",500kg-loading-gasoline-engine-powered-tracked-mini-dumper,MechMaxx,machine,"00renew, 01AAA, 02A-series, _ClogA01, AAA10, blackfriday, coupon, MECHMAXX Brand, Mini Dumper, sales, SMS, Tracked mini dumper",2023-05-07T18:48:15-07:00,2022-09-22T02:31:14-07:00,2026-07-20T11:17:45-07:00,100500,3199.00,3199.00,true,255373,https://cdn.shopify.com/s/files/1/0653/3470/6391/products/100500minidumper_5.webp?v=1702541391
7844129177815,"MechMaxx 1100Lbs Loading Battery Powered Barrow Electric Mini Dumper for Sale,  1000W 48V Brushless DC Motor,  E50",500kg-loading-electric-power-barrow-for-sale,MechMaxx,machine,"00renew, 01AAA, 02A-series, _ClogA01, AAA10, bfsales1, bfsales1-1127, coupon, MECHMAXX Brand, Mini Dumper, New Arrivals, sales, SMS",2023-11-22T18:11:05-08:00,2022-11-09T18:55:29-08:00,2026-07-20T11:17:45-07:00,101200,2399.00,2399.00,true,198220,https://cdn.shopify.com/s/files/1/0653/3470/6391/files/MinidumperE50-_9.webp?v=1737709947
8615001096407,"MechMaxx 1100Lbs Loading Battery Powered Barrow Electric Mini Dumper for Sale,  1000W 48V Brushless DC Motor,  E50",mechmaxx-1100lbs-loading-battery-powered-barrow-electric-mini-dumper-for-sale-1000w-48v-brushless-dc-motor-e50,MechMaxx,machine,"00renew, 01AAA, 02A-series, _ClogA01, AAA10, bfsales1, bfsales1-1127, coupon, MECHMAXX Brand, Mini Dumper, New Arrivals, sales, SMS",2024-07-05T03:06:38-07:00,2024-06-30T23:03:27-07:00,2026-07-20T11:17:45-07:00,101200Y,2399.00,2599.00,true,198220,https://cdn.shopify.com/s/files/1/0653/3470/6391/files/dsc2760.webp?v=1721380976
7788745457879,"MechMaxx 15HP 420cc Gasoline Engine Tree Stump Root Grinder, SGR1500",tree-root-stump-grinder-with-15hp-gasoline-engine,MechMaxx,machine,"00renew, 01AAA, _ClogA01, bfsales0, coupon, Gas Stump Grinder, MECHMAXX Brand, Root Grinder, sales, SMS, Stump Grinder",2023-04-08T00:46:30-07:00,2022-09-19T23:12:20-07:00,2026-07-20T11:17:45-07:00,130200,1799.00,1799.00,true,145150,https://cdn.shopify.com/s/files/1/0653/3470/6391/files/DSC05564_5b17be80-71b1-4489-92d4-52d9ce802fd0.webp?v=1764137471
8977740595415,"MechMaxx 2-Ton Capacity Heavy-Duty Dump Trailer,  DT4X8",mechmaxx-2-ton-capacity-heavy-duty-dump-trailer,MechMaxx,forbidliftgate,"00renew, 01AAA, _ClogA02, bfsales1, bfsales1-1127, blackfriday, coupon, MECHMAXX Brand, sales, SMS, Tractor, Trailer",2025-07-26T22:55:35-07:00,2025-07-18T19:09:19-07:00,2026-07-20T11:17:46-07:00,150255,3299.00,3999.00,true,461757,https://cdn.shopify.com/s/files/1/0653/3470/6391/files/150255.0.webp?v=1777078934
9236096614615,"MechMaxx 2-Ton Capacity Heavy-Duty Dump Trailer,  DT4X8W",mechmaxx-2-ton-capacity-heavy-duty-dump-trailer-dt4x8w,MechMaxx,forbidliftgate,"00renew, 01AAA, _ClogA02, coupon, MECHMAXX Brand, sales, SMS, Tractor, Trailer",2026-04-23T02:23:39-07:00,2026-04-09T00:00:59-07:00,2026-07-20T11:17:46-07:00,150256,3899.00,4299.00,true,488065,https://cdn.shopify.com/s/files/1/0653/3470/6391/files/Trailer_DT4X8W-_5.webp?v=1778492279
7937656651991,"MechMaxx 28"" Trencher Skid Steer Attachment",mechmaxx-trencher-for-skid-steer-loader-dg28,MechMaxx,machine,"01AAA, 02E--series, _ClogA14, AAA15, MECHMAXX Brand, Skid Steer, SMS, Trencher, trencher for SS",2023-04-10T01:11:33-07:00,2023-03-28T23:39:16-07:00,2026-07-20T11:17:46-07:00,150105,2999.00,3999.00,false,390089,https://cdn.shopify.com/s/files/1/0653/3470/6391/products/150105Trencher_1.webp?v=1682049177
7951214641367,MechMaxx 28'' Side Shaft Trencher Skid Steer Attachment,mechmaxx-trencher-for-skid-steer-loader-sdg28,MechMaxx,machine,"01AAA, 02E--series, _ClogA14, AAA15, MECHMAXX Brand, Member-Only Deals, Skid Steer, SMS, Trencher, trencher for SS",2023-05-07T18:48:18-07:00,2023-04-20T20:53:33-07:00,2026-07-20T11:17:46-07:00,150104,3299.00,4299.00,false,400068,https://cdn.shopify.com/s/files/1/0653/3470/6391/products/150104Trencher_1.webp?v=1682049230
8916791787735,"MechMaxx 36"" MAX Portable Sawmill,  25HP 688cc HONDA GX690 V-Twin Engine,  35"" Board Width,  20' Track Length ( 10 x Blades Included ) SM36HMAX",36-max-portable-sawmill-25hp-688cc-honda-gx690-v-twin-engine-36-board-width-20-track-length-10-x-blades-included-sm36hmax,MechMaxx,machine,"00renew, 01AAA-sawmill, 02C-series, 03_advertising, AAA15, active, bfsales0, CO-SM36H, MECHMAXX Brand, sales",2025-05-21T00:10:38-07:00,2025-05-21T00:08:48-07:00,2026-07-20T11:17:46-07:00,150168HMAX-1,5199.00,7999.00,true,570166,https://cdn.shopify.com/s/files/1/0653/3470/6391/files/SKU150168HMAX_018cb9c5-21dc-42fd-a835-ed39d7b0c709.webp?v=1739321070
8921280807127,"MechMaxx 36"" MAX Portable Sawmill,  25HP 688cc HONDA GX690 V-Twin Engine,  35"" Board Width,  20' Track Length ( 10 x Blades Included ) SM36HMAX",36-max-portable-sawmill-25hp-688cc-honda-gx690-twin-engine-36-board-width-20-track-length-10-x-blades-included-sm36hmax,MechMaxx,machine,"00renew, 01AAA-sawmill, 02C-series, 03_advertising, AAA15, active, CO-SM36H, MECHMAXX Brand, sales",2025-05-29T03:10:55-07:00,2025-05-29T03:10:32-07:00,2026-07-20T11:17:46-07:00,150168HMAX-2,5199.00,7999.00,true,570166,https://cdn.shopify.com/s/files/1/0653/3470/6391/files/SKU150168HMAX_018cb9c5-21dc-42fd-a835-ed39d7b0c709.webp?v=1739321070
8921281659095,"MechMaxx 36"" MAX Portable Sawmill,  25HP 688cc HONDA GX690 V-Twin Engine,  35"" Board Width,  20' Track Length,  (10 Blades Included) SM36HMAX",36-max-portable-sawmill-25hp-688cc-honda-gx690-v-twin-engine-36-board-width-20-track-length-10blade-included-sm36hmax,MechMaxx,machine,"00renew, 01AAA-sawmill, 02C-series, 03_advertising, AAA15, active, CO-SM36H, MECHMAXX Brand, sales",2025-05-29T03:22:33-07:00,2025-05-29T03:22:05-07:00,2026-07-20T11:17:46-07:00,150168HMAX-3,5199.00,7999.00,true,570166,https://cdn.shopify.com/s/files/1/0653/3470/6391/files/SKU150168HMAX_018cb9c5-21dc-42fd-a835-ed39d7b0c709.webp?v=1739321070
8921281593559,"MechMaxx 36"" MAX Portable Sawmill,  750cc 25HP ZONSEN V-Twin Engine,  36"" Board Width,   20' Track Length,  ( 10 x Blades Included) SM36MAX",36-max-portable-sawmill-25hp-750cc-zonsen-v-twin-engine-36-board-width-20-track-length-10blades-included-sm36max,MechMaxx,machine,"00renew, 01AAA-sawmill, 02C-series, 03_advertising, 0LimitedTimeOffer, AAA15, active, CO-SM36, MECHMAXX Brand, sales, SMS",2025-05-29T03:20:41-07:00,2025-05-29T03:20:22-07:00,2026-07-20T11:17:46-07:00,150168MAX-3,3899.00,5999.00,false,562001,https://cdn.shopify.com/s/files/1/0653/3470/6391/files/zonsen36sawmill.webp?v=1764814701
8916791066839,"MechMaxx 36"" MAX Portable Sawmill,  750cc 25HP ZONSEN V-Twin Engine,  36"" Board Width,  20' Track Length ( 10 x Blades Included ) SM36MAX",36-max-portable-sawmill-25hp-750cc-zonsen-v-twin-engine-36-board-width-20-track-length-10-x-blades-included-sm36max,MechMaxx,machine,"00renew, 01AAA-sawmill, 02C-series, 03_advertising, 0LimitedTimeOffer, AAA15, active, CO-SM36, MECHMAXX Brand, sales, SMS",2025-05-21T00:07:57-07:00,2025-05-21T00:06:52-07:00,2026-07-20T11:17:46-07:00,150168MAX-1,3899.00,5999.00,false,562001,https://cdn.shopify.com/s/files/1/0653/3470/6391/files/zonsen36sawmill.webp?v=1764814701
8921281429719,"MechMaxx 36"" MAX Portable Sawmill,  750cc 25HP ZONSEN V-Twin Engine,  36"" Board Width,  20' Track Length,  ( 10 x Blades Included ) SM36MAX",36-max-portable-sawmill-25hp-750cc-zonsen-v-twin-engine-36-board-width-20-track-length-10-blades-included-sm36max,MechMaxx,machine,"00renew, 01AAA-sawmill, 02C-series, 03_advertising, 0LimitedTimeOffer, AAA15, active, CO-SM36, MECHMAXX Brand, sales, SMS",2025-05-29T03:19:57-07:00,2025-05-29T03:19:37-07:00,2026-07-20T11:17:46-07:00,150168MAX-2,3899.00,5999.00,false,562001,https://cdn.shopify.com/s/files/1/0653/3470/6391/files/zonsen36sawmill.webp?v=1764814701
7937221558487,MechMaxx 38'' Side Shaft Trencher Skid Steer Attachment,mechmaxx-trencher-for-skid-steer-loader-sdg38,MechMaxx,machine,"01AAA, 02E--series, _ClogA14, AAA15, MECHMAXX Brand, Member-Only Deals, Skid Steer, SMS, Trencher, trencher for SS",2023-05-30T19:34:15-07:00,2023-03-28T19:40:26-07:00,2026-07-20T11:17:46-07:00,150102,3599.00,4699.00,false,455860,https://cdn.shopify.com/s/files/1/0653/3470/6391/files/trencher150102-1.webp?v=1685500450
7937328873687,MechMaxx 38'' Trencher Skid Steer Attachment,mechmaxx-trencher-for-skid-steer-loader-dg38,MechMaxx,machine,"01AAA, 02E--series, _ClogA14, AAA15, MECHMAXX Brand, Member-Only Deals, Skid Steer, SMS, Trencher, trencher for SS",2023-04-10T01:11:33-07:00,2023-03-28T20:32:26-07:00,2026-07-20T11:17:46-07:00,150103,3299.00,4399.00,false,460396,https://cdn.shopify.com/s/files/1/0653/3470/6391/products/trencher150103-1.webp?v=1685512851
8950406676695,"MechMaxx 43"" Clamp-On Hay Bale Spear 1100lbs Capacity for Tractor and Skid Steer Loader",mechmaxx-43-clamp-on-hay-bale-spear-1100lbs-capacity-for-tractor-and-skid-steer-loader,MechMaxx,machine,"01AAA, 02E--series, Clamp on Bale Spike, MECHMAXX Brand, Member-Only Deals, sales, Skid Steer, SMS",2025-06-24T20:39:17-07:00,2025-06-24T20:39:17-07:00,2026-07-20T11:17:46-07:00,150153-1,499.00,999.00,false,78018,https://cdn.shopify.com/s/files/1/0653/3470/6391/products/DSC_2030.webp?v=1699533067
7788733399255,"MechMaxx 43"" Clamp-On Hay Bale Spear 1100lbs Capacity for Tractor Skid Steer Loader",15hp-gasoline-engine-wood-chipper-shredder-machine,MechMaxx,machine,"01AAA, 02E--series, _ClogA14, Clamp on Bale Spike, Clearance Sale, MECHMAXX Brand, Member-Only Deals, sales, Skid Steer, SMS",2023-04-08T02:17:40-07:00,2022-09-19T22:50:14-07:00,2026-07-20T11:17:46-07:00,150153,499.00,999.00,false,78018,https://cdn.shopify.com/s/files/1/0653/3470/6391/products/DSC_2030.webp?v=1699533067
7936341704919,"MechMaxx 48"" Side Shaft Trencher Skid Steer Attachment",mechmaxx-trencher-for-skid-steer-loader-sdg48,MechMaxx,machine,"01AAA, 02E--series, _ClogA14, AAA15, Clearance Sale, MECHMAXX Brand, Skid Steer, SMS, Trencher, trencher for SS",2023-05-25T18:27:04-07:00,2023-03-28T00:41:22-07:00,2026-07-20T11:17:46-07:00,150101,3999.00,5199.00,false,510291,https://cdn.shopify.com/s/files/1/0653/3470/6391/files/trencher150101-1.webp?v=1685064416
7937845166295,"MechMaxx 48"" Tow-Behind ATV Offset Flail Mower,  15HP 459cc E-start Gas Engine Powered; Adjustable Mowing Height,  ATV120",mechmaxx-48in-working-width-flail-mower-atv,MechMaxx,machine,"00growth, 01AAA, _ClogA01, blackfriday, coupon, Lawn Mowers, MECHMAXX Brand, Mower, sales, SMS",2023-04-18T02:15:24-07:00,2023-03-29T02:01:28-07:00,2026-07-20T11:17:46-07:00,150149,2899.00,3299.00,true,258548,https://cdn.shopify.com/s/files/1/0653/3470/6391/files/48_offsetflailmowerATV120-_1.webp?v=1768354923
9218834956503,"MechMaxx 48"" Tow-Behind ATV Offset Flail Mower,  B&S 13.5HP 420cc E-start Gas Engine Powered; Adjustable Mowing Height,  ATV120",mechmaxx-48-tow-behind-atv-offset-flail-mower-13-5hp-gas-engine-powered-atv120,MechMaxx,machine,"00growth, 01AAA, _ClogA01, coupon, Flail Mower, Lawn Mowers, MECHMAXX Brand, Mower, sales, SMS",2026-03-20T23:26:29-07:00,2026-03-20T19:35:15-07:00,2026-07-20T11:17:46-07:00,150133,3399.00,3799.00,true,306175,https://cdn.shopify.com/s/files/1/0653/3470/6391/files/ATV120-B_S-_7.webp?v=1774062309
8423095992535,"MechMaxx 48"" Working Width Finishing Mower for Tractor,  18-50hp,  3 Point ,  FM120",mechmaxx-finishing-mower-for-tractor-fm120,MechMaxx,machine,"00growth, 01AAA, 02B-series, 48-72 inch Finish Mowers, _ClogA02, bfsales1-1127, blackfriday, coupon, Finishing Mower, MECHMAXX Brand, Mover for Tractor, Mower, sales, SMS, Tractor",2024-04-19T09:39:55-07:00,2024-04-19T05:40:42-07:00,2026-07-20T11:17:46-07:00,150146,1499.00,,true,224982,https://cdn.shopify.com/s/files/1/0653/3470/6391/files/Finishingmowerfm120-_13.webp?v=1743039035
9235357040855,"MechMaxx 55"" Tow-Behind ATV Offset Flail Mower, 23HP 679cc E-start Gas Engine Powered; Adjustable Mowing Height, ATV140",55-tow-behind-atv-offset-flail-mower-gas-engine-adjustable-mowing-height-atv140,MechMaxx,machine,"00growth, 01AAA, _ClogA01, coupon, Flail Mower, Lawn Mowers, MECHMAXX Brand, Mower, sales, SMS",2026-04-09T01:46:42-07:00,2026-04-07T20:48:30-07:00,2026-07-20T11:17:46-07:00,150291,3899.00,4299.00,true,358792,https://cdn.shopify.com/s/files/1/0653/3470/6391/files/ATVmower140-_12.webp?v=1776679265
7788750897367,"MechMaxx 60"" Hydraulic Skid Steer 6 Way  Dozer Blade Snow Pusher Attachment, Industrial Series",150109-dozer-blade-for-skid-steer,MechMaxx,machine,"01AAA, 02E--series, _ClogA14, AAA15, blackfriday, Clearance Sale, Dozer Blade, MECHMAXX Brand, sales, Skid Steer, SMS",2023-05-18T01:40:23-07:00,2022-09-19T23:25:28-07:00,2026-07-20T11:17:46-07:00,150109,3299.00,4399.00,false,545218,https://cdn.shopify.com/s/files/1/0653/3470/6391/files/SkidSteerDozerBladeSnowPusher150109-5.webp?v=1709186010
8423098253527,"MechMaxx 60"" Working Width Finishing Mower for Tractor,  18-50hp, 3 Point ,  FM150",mechmaxx-finishing-mower-for-tractor-fm150,MechMaxx,machine,"00growth, 01AAA, 02B-series, 48-72 inch Finish Mowers, _ClogA02, bfsales1-1127, blackfriday, coupon, Finishing Mower, MECHMAXX Brand, Mover for Tractor, Mower, on-sale, sales, SMS, Tractor",2024-04-19T09:39:55-07:00,2024-04-19T05:42:31-07:00,2026-07-20T11:17:46-07:00,150147,1599.00,,true,238590,https://cdn.shopify.com/s/files/1/0653/3470/6391/files/finishingmowerfm150--_2.webp?v=1743039221
7937164738775,"MechMaxx 60” Skid Steer Concrete Mixer Attachment, Side Chute Dispenser & Bag Splitter, Universal Mount, 16 Cu-Ft Capacity",mechmaxx-60-skid-steer-concrete-mixer-attachment-side-chute-dispenser-bag-splitter-universal-mount-16-cu-ft-capacity,MechMaxx,machine,"01AAA, 02E--series, _ClogA14, AAA15, Clearance Sale, concrete mixer, MECHMAXX Brand, Skid Steer, SMS",2023-04-08T00:55:59-07:00,2023-03-28T19:11:36-07:00,2026-07-20T11:17:46-07:00,150108,5599.00,,false,630040,https://cdn.shopify.com/s/files/1/0653/3470/6391/products/DSC_7001.webp?v=1709003513
7937845461207,"MechMaxx 68"" Hydraulic Skid Steer Flail Mower Attachment,  SSFM-70",150150,MechMaxx,machine,"00growth, 01AAA, 02E--series, _ClogA14, AAA15, blackfriday, Flail Mower, MECHMAXX Brand, Mower, Mower for Skid Steer, sales, Skid Steer, Skid Steer Mower, SMS",2023-05-17T18:31:52-07:00,2023-03-29T02:01:47-07:00,2026-07-20T11:17:46-07:00,150150,3399.00,3699.00,false,400068,https://cdn.shopify.com/s/files/1/0653/3470/6391/files/DSC01929-02.webp?v=1725347961
7931037941975,"MechMaxx 72"" Hydraulic Skid Steer 6 Way Dozer Blade Snow Pusher Attachment, Industrial Series",150110-dozer-blade-1830mm,MechMaxx,machine,"01AAA, 02E--series, _ClogA14, AAA15, Clearance Sale, Dozer Blade, MECHMAXX Brand, Skid Steer, SMS",2023-05-18T01:47:32-07:00,2023-03-20T00:41:04-07:00,2026-07-20T11:17:46-07:00,150110,3699.00,4799.00,false,600103,https://cdn.shopify.com/s/files/1/0653/3470/6391/files/SkidSteerDozerBladeSnowPusher150110-2.webp?v=1709188872
8077295124695,"MechMaxx 72"" Skid Steer Land Ripper Scarifier Landscaping Rake Attachment",mechmaxx-ripper-scarifier-skid-steer-attachment,MechMaxx,machine,"01AAA, 02E--series, _ClogA14, AAA15, Land Ripper / Scarifier, MECHMAXX Brand, Rotary Tiller and Ripper Scarifier, Skid Steer, SMS",2023-08-15T23:16:07-07:00,2023-07-27T00:51:14-07:00,2026-07-20T11:17:46-07:00,150174,1399.00,1799.00,false,218178,https://cdn.shopify.com/s/files/1/0653/3470/6391/files/RipperScarifierAttachment150174-7.webp?v=1709089165
7945443541207,"MechMaxx 72"" Skid Steer Sweeper Pick Up Box Broom Attachment",150112,MechMaxx,machine,"01AAA, 02E--series, _ClogA14, AAA15, Broom Sweeper, MECHMAXX Brand, Skid Steer, SMS",2023-05-07T18:48:18-07:00,2023-04-08T01:02:01-07:00,2026-07-20T11:17:46-07:00,150112,4499.00,,false,530249,https://cdn.shopify.com/s/files/1/0653/3470/6391/products/150112Hopperbrooms1_7.webp?v=1693969970
8423097237719,"MechMaxx 72"" Working Width Finishing Mower for Tractor,  18-50hp, 3 Point ,  FM180",mechmaxx-finishing-mower-for-tractor-fm180,MechMaxx,machine,"00growth, 01AAA, 02B-series, 48-72 inch Finish Mowers, _ClogA02, bfsales1-1127, blackfriday, coupon, Finishing Mower, MECHMAXX Brand, Mover for Tractor, Mower, on-sale, SMS, Tractor",2024-04-19T09:39:55-07:00,2024-04-19T05:41:42-07:00,2026-07-20T11:17:46-07:00,150148,1799.00,,true,259908,https://cdn.shopify.com/s/files/1/0653/3470/6391/files/FlailMowerFM180--_12.webp?v=1739008084
8083619152087,"MechMaxx 72” Skid Steer Brush Cutter Rotary Mower Attachment ,15-25gal/min, JSSL72",mechmaxx-heavy-duty-skid-steer-brush-cutter,MechMaxx,machine,"01AAA, 02E--series, _ClogA14, AAA15, MECHMAXX Brand, Mower for Skid Steer, Skid Steer, Skid Steer Mower, SMS",2023-08-25T03:35:49-07:00,2023-07-27T21:00:14-07:00,2026-07-20T11:17:46-07:00,150176,3999.00,5499.00,false,629586,https://cdn.shopify.com/s/files/1/0653/3470/6391/files/mower150176-7.webp?v=1698462251
7937836875991,"MechMaxx 72” Skid Steer Grapple Bucket Attachment , SGG-72",150122,MechMaxx,machine,"01AAA, 02E--series, _ClogA14, AAA15, Grapples, MECHMAXX Brand, Member-Only Deals, Skid Steer, SMS",2023-04-10T01:11:34-07:00,2023-03-29T01:52:51-07:00,2026-07-20T11:17:46-07:00,150122,1499.00,2299.00,false,246301,https://cdn.shopify.com/s/files/1/0653/3470/6391/products/ForkGrappleForGrass-150122-4.webp?v=1693969982
8077284933847,"MechMaxx 75"" Hydraulic Claw Root Rake Grapple Skid Steer Attachment , GBC75",mechmaxx-hydraulic-claw-root-rake-grapple-skid-steer-attachment,MechMaxx,machine,"01AAA, 02E--series, _ClogA14, AAA15, Grapples, MECHMAXX Brand, Skid Steer, SMS",2023-08-25T03:34:22-07:00,2023-07-27T00:00:00-07:00,2026-07-20T11:17:46-07:00,150173,1699.00,2399.00,false,239043,https://cdn.shopify.com/s/files/1/0653/3470/6391/files/ClawRootRakeGrapple150173-1.webp?v=1690441202
7969233502423,"MechMaxx 7HP Gas Powered Cable Ditching Mini Trencher , TCR650",mechmaxx-gasoline-mini-trencher-tcr650,MechMaxx,machine,"01AAA, _ClogA01, coupon, MECHMAXX Brand, Mini Trencher, SMS",2023-05-30T01:56:12-07:00,2023-05-30T01:32:42-07:00,2026-07-20T11:17:46-07:00,120100,2299.00,2299.00,false,178262,https://cdn.shopify.com/s/files/1/0653/3470/6391/files/trencher120100-1.webp?v=1698394983
7937836450007,"MechMaxx 84"" Hydraulic Skid Steer 6 Way Dozer Blade Snow Pusher Attachment, Industrial Series",150111,MechMaxx,machine,"01AAA, 02E--series, _ClogA14, AAA15, Dozer Blade, MECHMAXX Brand, Member-Only Deals, Skid Steer, SMS",2023-05-18T19:42:01-07:00,2023-03-29T01:52:22-07:00,2026-07-20T11:17:46-07:00,150111,4399.00,5399.00,false,661338,https://cdn.shopify.com/s/files/1/0653/3470/6391/files/SkidSteerDozerBladeSnowPusher-150111-4.webp?v=1709114151
9171405996247,MechMaxx Hoodie,mechmaxx-hoodie,MechMaxx,,"Apparel & Footwear, Hoodie, Tops",2026-01-30T02:39:26-08:00,2026-01-30T02:05:59-08:00,2026-07-20T11:17:46-07:00,,89.99,,false,1361,https://cdn.shopify.com/s/files/1/0653/3470/6391/files/BlackHoodie--_3.webp?v=1768458823
9261386301655,MechMaxx Metal Cutting Band Saw 10 Inch Horizontal Bandsaw 2HP 220V 60Hz 1PH 0‑45° Mitering Hydraulic Down Feed Built‑in Coolant System for Steel Aluminum Alloy Metal Fabrication BS-1018R,mechmaxx-metal-cutting-band-saw-10-inch-horizontal-bandsaw-2hp-220v-60hz-1ph-0-45-mitering-hydraulic-down-feed-built-in-coolant-system-for-steel-aluminum-alloy-metal-fabrication-bs-1018r,MechMaxx,machine,"00precision, 01AAA, _ClogA05, BalckFriday, coupon, MECHMAXX Brand, Metal Band Saws, Metalworking Machines, New Products, SMS",2026-05-19T23:35:53-07:00,2026-05-10T19:11:05-07:00,2026-07-20T11:17:46-07:00,500411,5399.00,5999.00,true,379657,https://cdn.shopify.com/s/files/1/0653/3470/6391/files/500411_BS1018R_2.webp?v=1778466007
8096082460887,"MechMaxx Skid Steer 3 Point Hitch PTO Adapter , 16-20 GPM",mechmaxx-skid-steer-pto-adapter,MechMaxx,machine,"01AAA, 02E--series, _ClogA14, AAA15, MECHMAXX Brand, Member-Only Deals, PTO Adapter, Skid Steer, Skid Steer 3PT PTO Adapter, SMS",2023-08-25T03:37:32-07:00,2023-07-30T23:48:14-07:00,2026-07-20T11:17:46-07:00,150156,1999.00,,false,170097,https://cdn.shopify.com/s/files/1/0653/3470/6391/files/150156-1.webp?v=1692603103
7945447407831,"MechMaxx Skid Steer Backhoe Attachment, 12in Bucket Included, 59in Digging Depth",mechmaxx-skid-steer-backhoe-attachment-12in-bucket-included-59in-digging-depth,MechMaxx,machine,"00renew, 01AAA, _ClogA14, Backhoe attachment, blackfriday, Clearance Sale, MECHMAXX Brand, sales, Skid Steer, SMS",2025-05-21T02:15:07-07:00,2023-04-08T02:04:08-07:00,2026-07-20T11:17:46-07:00,150115,1999.00,2799.00,false,220446,https://cdn.shopify.com/s/files/1/0653/3470/6391/files/150115Backhoe_8.webp?v=1693970262
7936380109015,"MechMaxx Skid Steer Backhoe Attachment, 14” Bucket Included, 78in Digging Depth,LBH-14",mechmaxx-industrial-skid-steer-backhoe-attachment-13-6-bucket-included-58-5-digging-depth,MechMaxx,machine,"01AAA, 02E--series, _ClogA14, AAA15, BACKHOE, MECHMAXX Brand, Skid Steer, SMS",2023-05-24T00:44:45-07:00,2023-03-28T02:10:45-07:00,2026-07-20T11:17:46-07:00,150130,1399.00,1999.00,false,290299,https://cdn.shopify.com/s/files/1/0653/3470/6391/files/SkidSteerBackhoeAttachment150130-4.webp?v=1699531474
8913662214359,"MechMaxx Skid Steer Backhoe Attachment, 14” Bucket Included, 78inch Digging Depth,LBH-14",mechmaxx-skid-steer-backhoe-attachment-14-bucket-included-78inch-digging-depth-lbh-14,MechMaxx,machine,"01AAA, 02E--series, AAA15, MECHMAXX Brand, SMS",2025-05-15T20:07:30-07:00,2025-05-15T20:00:23-07:00,2026-07-20T11:17:46-07:00,150130A,1399.00,1999.00,false,290299,https://cdn.shopify.com/s/files/1/0653/3470/6391/files/SkidSteerBackhoeAttachment150130-4.webp?v=1699531474
7951232041175,"MechMaxx Skid Steer Backhoe Attachment, 18in Bucket Included, 59in Digging Depth",mechmaxx-skid-steer-backhoe-attachment-18in-bucket-included-59in-digging-depth,MechMaxx,machine,"01AAA, _ClogA14, Backhoe attachment, Clearance Sale, MECHMAXX Brand, Skid Steer, SMS",2025-05-21T02:15:07-07:00,2023-04-20T23:43:54-07:00,2026-07-20T11:17:46-07:00,150113,2399.00,3199.00,false,240404,https://cdn.shopify.com/s/files/1/0653/3470/6391/files/150113Backhoe_5.webp?v=1693970160
8872188248279,"Metal Cased Oil Seal for Mini Skid Steer STL1000, ( SKU: 101000 )",metal-cased-oil-seal-for-mini-skid-steer-stl1000-sku-101000,MechMaxx,accessories,"01BBB, 101000, AAA41, Accessories, active, SMS",2025-03-25T05:09:12-07:00,2025-03-25T01:15:17-07:00,2026-07-20T11:17:46-07:00,410530,59.99,,true,1361,https://cdn.shopify.com/s/files/1/0653/3470/6391/files/MetalCasedOilSeal-_1.webp?v=1742890747
9260977717463,"Metal Cutting Band Saw, 10"" Round / 18""x5"" Rectangular Capacity, 2HP 1.5kW Motor, 4-Speed (35-114 MPM), Horizontal Bandsaw with 0-45° Swivel, Hydraulic Downfeed, 230V 1PH 60Hz, Industrial Grade for Steel, Aluminum & Alloys BS-1018B",metal-cutting-band-saw-10-round-18x5-rectangular-capacity-2hp-1-5kw-motor-4-speed-35-114-mpm-horizontal-bandsaw-with-0-45-swivel-hydraulic-downfeed-230v-1ph-60hz-industrial-grade-for-steel-aluminum-alloys-bs-1018b,MechMaxx,machine,"00precision, 01AAA, _ClogA05, BalckFriday, coupon, MECHMAXX Brand, Metal Band Saws, Metalworking Machines, New Products, SMS",2026-05-19T23:35:18-07:00,2026-05-10T04:57:53-07:00,2026-07-20T11:17:46-07:00,500410,3899.00,4599.00,true,319783,https://cdn.shopify.com/s/files/1/0653/3470/6391/files/500410_BS1018B_DSC09041.webp?v=1778425040
9314833858775,"Metal Diesel Fuel Filter (for SKU: 204002, 204003, 204004, 204006, 204007, 204008, 204010, 204011, 204012)",464039-metal-diesel-fuel-filter,MechMaxx,accessories,"0zs, 204002, 204003, 204004, 204006, 204007, 204008, 204010, 204011, 204012, Janitorial & Cleaning Part, Pressure Washers Part",2026-07-11T05:13:21-07:00,2026-07-01T20:35:17-07:00,2026-07-20T11:17:46-07:00,464039,59.99,69.99,true,318,https://cdn.shopify.com/s/files/1/0653/3470/6391/files/464039_1.webp?v=1783057810
9114303365335,Metal Fuel Tank for Wood Chipper B200 HONDA Engine (SKU: 110811）,metal-fuel-tank-for-wood-chipper-b200-sku-110811,MechMaxx,accessories,"01BBB, 110811, 8 in Wood Chipper Part, Accessories, Metal Fuel Tank, SMS",2025-11-24T03:53:29-08:00,2025-11-21T00:24:52-08:00,2026-07-20T11:17:46-07:00,412128,79.99,,true,3629,https://cdn.shopify.com/s/files/1/0653/3470/6391/files/412128-2.webp?v=1763974090
9114302152919,Metal Fuel Tank for Wood Chipper B200 ZONSEN Engine (SKU: 110810）,metal-fuel-tank-for-wood-chipper-b200-sku-110810,MechMaxx,accessories,"01BBB, 110810, 8 in Wood Chipper Part, Accessories, Metal Fuel Tank, SMS",2025-11-24T03:52:44-08:00,2025-11-21T00:24:18-08:00,2026-07-20T11:17:46-07:00,412126,79.99,99.99,true,4763,https://cdn.shopify.com/s/files/1/0653/3470/6391/files/412126-4.webp?v=1763974197
9071975694551,Metal Fuel Tank for Wood Chipper TX1000 (SKU: 110701),fumigation-tank-for-wood-chipper-tx1000-sku-110701,MechMaxx,accessories,"01BBB, 110701, 8 in Wood Chipper Part, Accessories, SMS, Wood Chipper",2026-01-12T23:34:57-08:00,2025-10-20T02:47:34-07:00,2026-07-20T11:17:46-07:00,412117,89.99,119.99,true,4536,https://cdn.shopify.com/s/files/1/0653/3470/6391/files/412128.webp?v=1763974090
8962868674775,Metal Lathe Machine 11'' x 30'' High Precision Benchtop Brushless Motor 0-2000 RPM Variable Speed Metal Working Machine 2HP Small Lathe without Stand 1130V,metal-lathe-machine-11-x-30-high-precision-benchtop-0-2000-rpm-variable-speed-metal-working-machine-2hp-small-lathe-without-stand,MechMaxx,machine,"00precision, 01AAA, 8''-11''Swing Lathes, _ClogA05, BalckFriday, Centre Lathes, coupon, MECHMAXX Brand, Metalworking Machines, New Products, sales, SMS",2025-07-06T18:47:44-07:00,2025-07-04T20:49:29-07:00,2026-07-20T11:17:46-07:00,500007,3699.00,3999.00,true,264898,https://cdn.shopify.com/s/files/1/0653/3470/6391/files/1130v-toolbox.jpg?v=1755068895
8962813296855,Metal Lathe Machine with DRO 11'' x 30'' High Precision Benchtop 0-2000 RPM Brushless Motor Variable Speed Metal Working Machine 2HP Small Lathe without Stand 1130VD,metal-lathe-machine-11-x-30-high-precision-benchtop-0-2000-rpm-variable-speed-metal-working-machine-1-5hp-small-lathe-without-stand,MechMaxx,machine,"00precision, 01AAA, 8''-11''Swing Lathes, _ClogA05, BalckFriday, Centre Lathes, coupon, MECHMAXX Brand, Metalworking Machines, New Products, sales, SMS",2025-07-06T18:47:58-07:00,2025-07-04T19:12:41-07:00,2026-07-20T11:17:46-07:00,500008,4099.00,4299.00,true,264898,https://cdn.shopify.com/s/files/1/0653/3470/6391/files/1130vd-toolbox.jpg?v=1755068863
9232124477655,"Metric Clamping Kit, M10-T12-58 PCS for SKU: 500202 | Model: VM25L SKU: 500203 | Model: VM25LD",metric-clamping-kit-m10-t12-58-pcs-for-sku-500202-model-vm25l-sku-500203-model-vm25ld,MechMaxx,accessories,"01BBB, 1030V, 500005, Metal Lathe Machine, Metalworking Machines part, Spare Parts",2026-04-02T02:19:39-07:00,2026-04-02T02:16:17-07:00,2026-07-20T11:17:46-07:00,485362,100.00,,true,6001,https://cdn.shopify.com/s/files/1/0653/3470/6391/files/485362_DSC08860.webp?v=1775121438
9232124772567,"Metric Clamping Kit, M12-T14-58 PCS for SKU: 500204 | Model: VM32L SKU: 500205 | Model: VM32LD",metric-clamping-kit-m12-t14-58-pcs-for-sku-500204-model-vm32l-sku-500205-model-vm32ld,MechMaxx,accessories,"01BBB, 1030V, 500005, Metal Lathe Machine, Metalworking Machines part, Spare Parts",2026-04-02T02:24:01-07:00,2026-04-02T02:21:23-07:00,2026-07-20T11:17:46-07:00,485363,108.00,,true,8999,https://cdn.shopify.com/s/files/1/0653/3470/6391/files/485363_DSC08839.webp?v=1775121636
9232097149143,"Metric Clamping Kit, M8-T10-58 PCS for SKU: 500200 | Model: VM18L SKU: 500201 | Model: VM18LD",metric-clamping-kit-m8-t10-58-pcs-for-sku-500200-model-vm18l-sku-500201-model-vm18ld,MechMaxx,accessories,"01BBB, 1030V, 500005, Metal Lathe Machine, Metalworking Machines part, Spare Parts",2026-04-02T02:15:16-07:00,2026-04-02T02:12:28-07:00,2026-07-20T11:17:46-07:00,485361,92.00,,true,6001,https://cdn.shopify.com/s/files/1/0653/3470/6391/files/485361_DSC08851.webp?v=1775121306
9031015170263,"Mid-Top Safety Shoes, Safety Footwear, Size 10",mid-top-safety-shoes-safety-footwear-410740-10,MechMaxx,accessories,"Apparel & Footwear, Footwear, SMS",2025-09-22T01:53:44-07:00,2025-09-10T02:32:49-07:00,2026-07-20T11:17:46-07:00,410740-10,69.99,,true,1361,https://cdn.shopify.com/s/files/1/0653/3470/6391/files/410740--_1.webp?v=1758530603
9031016480983,"Mid-Top Safety Shoes, Safety Footwear, Size 10",mid-top-safety-shoes-safety-footwear-410741-10,MechMaxx,accessories,"Apparel & Footwear, Footwear, SMS",2025-09-21T21:01:08-07:00,2025-09-10T02:35:49-07:00,2026-07-20T11:17:46-07:00,410741-10,69.99,,true,1361,https://cdn.shopify.com/s/files/1/0653/3470/6391/files/410741-_3.webp?v=1757661151
9031015366871,"Mid-Top Safety Shoes, Safety Footwear, Size 10.5",mid-top-safety-shoes-safety-footwear-410740-105,MechMaxx,accessories,"Apparel & Footwear, Footwear, SMS",2025-09-22T01:53:44-07:00,2025-09-10T02:33:12-07:00,2026-07-20T11:17:46-07:00,410740-105,69.99,,true,1361,https://cdn.shopify.com/s/files/1/0653/3470/6391/files/410740--_1.webp?v=1758530603
9031016710359,"Mid-Top Safety Shoes, Safety Footwear, Size 10.5",mid-top-safety-shoes-safety-footwear-410741-105,MechMaxx,accessories,"Apparel & Footwear, Footwear, SMS",2025-09-21T21:01:08-07:00,2025-09-10T02:36:13-07:00,2026-07-20T11:17:46-07:00,410741-105,69.99,,true,1361,https://cdn.shopify.com/s/files/1/0653/3470/6391/files/410741-_3.webp?v=1757661151
9031015792855,"Mid-Top Safety Shoes, Safety Footwear, Size 11",mid-top-safety-shoes-safety-footwear-410740-11,MechMaxx,accessories,"Apparel & Footwear, Footwear, SMS",2025-09-22T01:53:44-07:00,2025-09-10T02:33:42-07:00,2026-07-20T11:17:46-07:00,410740-11,69.99,,true,1361,https://cdn.shopify.com/s/files/1/0653/3470/6391/files/410740--_1.webp?v=1758530603
9031016939735,"Mid-Top Safety Shoes, Safety Footwear, Size 11",mid-top-safety-shoes-safety-footwear-410741-11,MechMaxx,accessories,"Apparel & Footwear, Footwear, SMS",2025-09-21T21:01:08-07:00,2025-09-10T02:36:40-07:00,2026-07-20T11:17:46-07:00,410741-11,69.99,,true,1361,https://cdn.shopify.com/s/files/1/0653/3470/6391/files/410741-_3.webp?v=1757661151
9031015825623,"Mid-Top Safety Shoes, Safety Footwear, Size 11.5",mid-top-safety-shoes-safety-footwear-410740-115,MechMaxx,accessories,"Apparel & Footwear, Footwear, SMS",2025-09-22T01:53:42-07:00,2025-09-10T02:34:08-07:00,2026-07-20T11:17:46-07:00,410740-115,69.99,,true,1361,https://cdn.shopify.com/s/files/1/0653/3470/6391/files/410740--_1.webp?v=1758530603
9031017824471,"Mid-Top Safety Shoes, Safety Footwear, Size 11.5",mid-top-safety-shoes-safety-footwear-410741-115,MechMaxx,accessories,"Apparel & Footwear, Footwear, SMS",2025-09-21T21:01:07-07:00,2025-09-10T02:40:43-07:00,2026-07-20T11:17:46-07:00,410741-115,69.99,,true,1361,https://cdn.shopify.com/s/files/1/0653/3470/6391/files/410741-_3.webp?v=1757661151
9031016022231,"Mid-Top Safety Shoes, Safety Footwear, Size 12",mid-top-safety-shoes-safety-footwear-410740-12,MechMaxx,accessories,"Apparel & Footwear, Footwear, SMS",2025-09-22T01:53:42-07:00,2025-09-10T02:34:33-07:00,2026-07-20T11:17:46-07:00,410740-12,69.99,,true,1361,https://cdn.shopify.com/s/files/1/0653/3470/6391/files/410740--_1.webp?v=1758530603
9031017988311,"Mid-Top Safety Shoes, Safety Footwear, Size 12",mid-top-safety-shoes-safety-footwear-410741-12,MechMaxx,accessories,"Apparel & Footwear, Footwear, SMS",2025-09-21T21:01:07-07:00,2025-09-10T02:41:13-07:00,2026-07-20T11:17:46-07:00,410741-12,69.99,,true,1361,https://cdn.shopify.com/s/files/1/0653/3470/6391/files/410741-_5.webp?v=1757661151
9031016054999,"Mid-Top Safety Shoes, Safety Footwear, Size 9",mid-top-safety-shoes-safety-footwear-410740-9,MechMaxx,accessories,"Apparel & Footwear, Footwear, SMS",2025-09-22T01:53:42-07:00,2025-09-10T02:34:59-07:00,2026-07-20T11:17:46-07:00,410740-9,69.99,,true,1361,https://cdn.shopify.com/s/files/1/0653/3470/6391/files/410740--_1.webp?v=1758530603
9031018283223,"Mid-Top Safety Shoes, Safety Footwear, Size 9",mid-top-safety-shoes-safety-footwear-410741-9,MechMaxx,accessories,"Apparel & Footwear, Footwear, SMS",2025-09-21T21:01:07-07:00,2025-09-10T02:41:44-07:00,2026-07-20T11:17:46-07:00,410741-9,69.99,,true,1361,https://cdn.shopify.com/s/files/1/0653/3470/6391/files/410741-_3.webp?v=1757661151
9031016284375,"Mid-Top Safety Shoes, Safety Footwear, Size 9.5",mid-top-safety-shoes-safety-footwear-410740-95,MechMaxx,accessories,"Apparel & Footwear, Footwear, SMS",2025-09-22T01:53:42-07:00,2025-09-10T02:35:26-07:00,2026-07-20T11:17:46-07:00,410740-95,69.99,,true,1361,https://cdn.shopify.com/s/files/1/0653/3470/6391/files/410740--_1.webp?v=1758530603
9031018643671,"Mid-Top Safety Shoes, Safety Footwear, Size 9.5",mid-top-safety-shoes-safety-footwear-410741-95,MechMaxx,accessories,"Apparel & Footwear, Footwear, SMS",2025-09-21T21:01:07-07:00,2025-09-10T02:42:11-07:00,2026-07-20T11:17:46-07:00,410741-95,69.99,,true,1361,https://cdn.shopify.com/s/files/1/0653/3470/6391/files/410741-_3.webp?v=1757661151
9076476149975,"Mini Compact Excavator B&S VANGUARD 408cc 14hp Engine,  65.7"" Max. Digging Depth, 1 Ton, 2370 LBS Operating Weight,  MEC10",mini-compact-excavator-b-s-vanguard-408cc-14hp-engine-65-7-max-digging-depth-2370-lbs-operating-weight-mec10,MechMaxx,forbidliftgate,"00renew, 01AAA, 02K-series, 1.0 Ton Mini Excavator, _ClogA11, active, B&S, coupon, CROBA Brand, Mini Compact Excavator, New Products, sales, SMS, Vangard",2025-11-02T17:59:48-08:00,2025-10-25T01:17:41-07:00,2026-07-20T11:17:46-07:00,150531,9699.00,11999.00,true,1106765,https://cdn.shopify.com/s/files/1/0653/3470/6391/files/MEC10.webp?v=1762593645
8854429139159,"Mini Compact Excavator HONDA GX390 Engine,  65.7"" Max. Digging Depth, 1Ton, 2280 LBS Operating Weight,  MEC10",mini-compact-excavator-honda-gx390-engine-65-7-max-digging-depth-2280-lbs-operating-weight-mec10,MechMaxx,forbidliftgate,"00renew, 01AAA, 02K-series, 1.0 Ton Mini Excavator, _ClogA11, active, bfsales1, bfsales1-1127, coupon, Honda, MECHMAXX Brand, Mini Compact Excavator, sales, SMS",2025-03-17T01:16:12-07:00,2025-03-04T19:52:16-08:00,2026-07-20T11:17:46-07:00,150530,8699.00,9999.00,true,907185,https://cdn.shopify.com/s/files/1/0653/3470/6391/files/miniexcavator-_12.webp?v=1747625859
9076475855063,"Mini Compact Excavator Kubota D722 Engine,  65.7"" Max. Digging Depth, 1.2 Ton, 2700 LBS Operating Weight,  MEC12",mini-compact-excavator-kubota-d722-engine-65-7-max-digging-depth-2700-lbs-operating-weight-mec12,MechMaxx,forbidliftgate,"00renew, 01AAA, 02K-series, 1.2 Ton Mini Excavator, _ClogA11, active, bfsales0, bfsales2-1127, coupon, CROBA Brand, KUBOTA, Mini Compact Excavator, New Products, sales, SMS",2025-10-28T02:45:53-07:00,2025-10-25T01:11:27-07:00,2026-07-20T11:17:46-07:00,150532,16999.00,22999.00,true,1350798,https://cdn.shopify.com/s/files/1/0653/3470/6391/files/MEC10..webp?v=1762593848
9150760747223,"Mini Compact Excavator Kubota D722 Engine,  65.7"" Max. Digging Depth, 1.2Ton, 2700 LBS Operating Weight,  MEC12",mini-compact-excavator-kubota-d722-engine-65-7-max-digging-depth-2700-lbs-operating-weight-mec12-1,MechMaxx,forbidliftgate,"01AAA, CROBA Brand",2026-01-25T18:37:25-08:00,2026-01-07T23:26:45-08:00,2026-07-20T11:17:46-07:00,150532-1,16999.00,22999.00,false,1350798,https://cdn.shopify.com/s/files/1/0653/3470/6391/files/MEC10..webp?v=1762593848
9076462977239,"Mini Compact Excavator Kubota D902 Engine,  89"" Max. Digging Depth, 1.7 Ton, 4145 LBS Operating Weight,  MEC17",mini-compact-excavator-kubota-d902-engine-89-max-digging-depth-4145-lbs-operating-weight-mec17,MechMaxx,forbidliftgate,"00renew, 01AAA, 02K-series, 1.7 Ton Mini Excavator, _ClogA11, active, bfsales0, bfsales2-1127, coupon, CROBA Brand, KUBOTA, Mini Compact Excavator, New Products, sales, SMS",2025-10-29T01:45:07-07:00,2025-10-24T23:18:36-07:00,2026-07-20T11:17:46-07:00,150533,27299.00,32999.00,true,2044794,https://cdn.shopify.com/s/files/1/0653/3470/6391/files/MiniCompactExcavatormec12-_1.webp?v=1761727422
9076466352343,"Mini Compact Excavator Kubota D902 Engine,  95"" Max. Digging Depth, 1.7 Ton, 4190 LBS Operating Weight,  MEC17PRO",mini-compact-excavator-kubota-d902-engine-90-max-digging-depth-4190-lbs-operating-weight-mec17,MechMaxx,forbidliftgate,"00renew, 01AAA, 02K-series, 1.7 Ton Mini Excavator, _ClogA11, active, bfsales2-1127, coupon, CROBA Brand, KUBOTA, Mini Compact Excavator, New Products, sales, SMS",2025-11-06T04:49:11-08:00,2025-10-25T00:12:45-07:00,2026-07-20T11:17:46-07:00,150534,29999.00,35999.00,true,2077453,https://cdn.shopify.com/s/files/1/0653/3470/6391/files/MEC17..webp?v=1762593956
9291193024727,"Mini Compact Excavator Loncin 300cc 9hp Engine, 43.3"" Max. Digging Depth, 0.6Ton, 1345 LBS Operating Weight, MEC06",mini-compact-excavator-9hp-engine-1510-lbs-operating-weight-mec06,MechMaxx,machine,"0.6 Ton Mini Excavator, 00renew, 01AAA, 02K-series, _ClogA11, active, coupon, CROBA Brand, Mini Compact Excavator, New Products, sales, SMS",2026-06-11T23:14:34-07:00,2026-06-06T01:28:06-07:00,2026-07-20T11:17:46-07:00,150536,4999.00,5499.00,true,684924,https://cdn.shopify.com/s/files/1/0653/3470/6391/files/MEC06--_7.webp?v=1781139445
8872068972759,"Mini Skid Steer Drive Auger with 6"" ,  9"" ,  12"" Dia. Auger Bits",mini-skid-steer-drive-auger,MechMaxx,machine,"01AAA, 02D--series, _ClogA04, AAA15, AAA15skid, active, CROBA Brand, Drive Auger, Mini Skid Steer Attachments, Mini Track Loader Attachments, sales, SMS",2025-04-28T05:13:55-07:00,2025-03-24T22:58:30-07:00,2026-07-20T11:17:46-07:00,150506,3299.00,3799.00,true,244940,https://cdn.shopify.com/s/files/1/0653/3470/6391/files/driveauger-_12.webp?v=1745918917
8768394395863,"Mini Skid Steer Stand On Compact Track Loader ( 4 in 1 bucket included ) with 25HP KUBOTA D1105 Diesel Engine,  Common Industry Interface (CII),  CROBA  STL1000",mini-tracked-skid-steer,MechMaxx,forbidliftgate,"00renew, 01AAA, 02A-series, 02D--series, _ClogA04, AAA10, active, bfsales0, bfsales2-1127, coupon, CROBA Brand, Dealsinpage, Mini Track Loader, New Products, sales, SMS",2024-12-26T17:07:14-08:00,2024-11-21T22:13:54-08:00,2026-07-20T11:17:46-07:00,101000,22999.00,32999.00,true,1400240,https://cdn.shopify.com/s/files/1/0653/3470/6391/files/MiniSkidSteerSTL1000---_41.webp?v=1757729946
8771654451415,"Mobile Double Scissor Lift Table Cart 2200lbs Capacity,  Platform Size,  47.2"" x 24"",  Height 66.9"" ,  TFD22",mobile-scissor-lift-table-cart-2200lb-capacity-platform-size47-2-x-24-height66-9,MechMaxx,machine,"00C, 00renew, 01AAA, 02H-series, 2200lbs Manual Mobile Lift Tables, _ClogA08, AAA30, active, bfsales0, coupon, Lift table, Manual Mobile Lift Table, Material Handling Equipments, MECHMAXX Brand, sales, SMS",2024-12-20T23:40:46-08:00,2024-11-27T01:05:00-08:00,2026-07-20T11:17:46-07:00,310011,1349.00,1499.00,true,259908,https://cdn.shopify.com/s/files/1/0653/3470/6391/files/TFD22main.webp?v=1749694946
8771654222039,"Mobile Scissor Lift Table Cart 2200lbs Capacity, Platform Size, 39.4” x 20.2”, Height 39.4” , TF22",mobile-scissor-lift-table-cart-2200lb-capacity-platform-size39-4-x-20-2-height39-4,MechMaxx,machine,"00C, 00renew, 01AAA, 02H-series, 2200lbs Manual Mobile Lift Tables, _ClogA08, AAA30, active, bfsales0, coupon, Lift table, Manual Mobile Lift Table, Material Handling Equipments, MECHMAXX Brand, New Products, sales, SMS",2024-12-20T23:40:45-08:00,2024-11-27T01:00:39-08:00,2026-07-20T11:17:46-07:00,310010,949.00,,true,122016,https://cdn.shopify.com/s/files/1/0653/3470/6391/files/sku310010.webp?v=1742348327
8822745759959,"Motor Belt for TC Tire Changer (for SKU: 200002, 200027, 200005)",motor-belt-for-tc-tire-changers-for-sku-200002-200027-200005,MechMaxx,accessories,"01BBB, 0ZS, auto-parts, Automotive Equipments & Tools, NOV8-14, SMS, Tire Changer Accessories & Parts, Tire Changers",2025-11-07T22:04:03-08:00,2025-01-26T19:05:50-08:00,2026-07-20T11:17:46-07:00,460016,39.99,49.99,false,100,https://cdn.shopify.com/s/files/1/0653/3470/6391/files/DSC02310.webp?v=1737947140
9141829042391,Motor for Log Splitter Processor with Conveyor HLS20 (SKU: 150244; 150245),412200-for-log-splitter-processor-with-conveyor-hls20-sku-150244-150245,MechMaxx,accessories,"150244, 150245, Lawn & Garden Part, Log Splitters Part, Spare Parts, Woodworking Machinery part",2026-02-03T22:06:51-08:00,2025-12-26T01:20:20-08:00,2026-07-20T11:17:46-07:00,412200,289.99,359.99,true,5443,https://cdn.shopify.com/s/files/1/0653/3470/6391/files/sku412200_f809e4a4-bbb2-4d8d-86a2-4f1abf961c15.webp?v=1766741180
8566018015447,"Motorcycle Adapter for TC Tire Changer (for SKU: 200001, 200002, 200027, 200005, 200006, 200028)",motorcycle-adapter-for-tc-tire-changers-sku-200001-200002-200027-200005-200006-200028,MechMaxx,accessories,"00Z, 01BBB, 0ZS, AAA20, Accessories, auto-parts, Automotive Equipment & Tools, SMS, Tire changer, Tire Changer Accessories & Parts, Vehicle Equipment & Tools, Vehicle Parts",2024-06-19T20:12:45-07:00,2024-06-07T00:48:21-07:00,2026-07-20T11:17:46-07:00,200020,99.99,249.00,true,4536,https://cdn.shopify.com/s/files/1/0653/3470/6391/files/200020-_4.webp?v=1718852362
8566026600663,"Motorcycle Adapter for WB Wheel Balancer (for SKU: 200009, 200010)",motorcycle-adapter-for-wb-wheel-balancers-sku-200009-200010,MechMaxx,accessories,"00Z, 01BBB, 0ZS, AAA20, auto-parts, Automotive Equipment & Tools, SMS, Vehicle Equipment & Tools, Vehicle Parts, Wheel balancer, Wheel Balancer Accessories & Parts",2024-07-13T02:34:00-07:00,2024-06-07T00:53:15-07:00,2026-07-20T11:17:46-07:00,200021,159.99,309.00,true,4536,https://cdn.shopify.com/s/files/1/0653/3470/6391/files/200021WheelbalancerMotocycleadapter.webp?v=1720863047
9193016361175,Narrow Clamp Bar 25.6 inch for SKU: 500000 | Model: MSMB650E,narrow-clamp-bar-for-sku-500000-model-msmb650e,MechMaxx,accessories,"01BBB, 1030V, 500000, Drills & Mills part, Metal Lathe Machine, Metalworking Machines part, Spare Parts",2026-02-24T22:53:28-08:00,2026-02-24T22:50:02-08:00,2026-07-20T11:17:46-07:00,485304,140.00,,true,8999,https://cdn.shopify.com/s/files/1/0653/3470/6391/files/485304-2.webp?v=1771999741
9193047163095,Narrow Clamp Bar 47.24 Inch Long for SKU: 500001 | Model: MSMB1250E,narrow-clamp-bar-47-24-inch-long-for-sku-500001-model-msmb1250e,MechMaxx,accessories,"01BBB, 1030V, 500001, Drills & Mills part, Metal Lathe Machine, Metalworking Machines part, Spare Parts",2026-02-25T01:25:32-08:00,2026-02-25T01:21:43-08:00,2026-07-20T11:17:46-07:00,485324,180.00,,false,8001,https://cdn.shopify.com/s/files/1/0653/3470/6391/files/485324.webp?v=1771999741
8875586453719,"Nitrogen Gas Spring for Mini Skid Steer STL1000, ( SKU: 101000 )",nitrogen-gas-spring-for-mini-skid-steer-stl1000-sku-101000,MechMaxx,accessories,"01BBB, 101000, AAA41, Accessories, active, SMS",2025-03-28T17:11:19-07:00,2025-03-27T18:48:34-07:00,2026-07-20T11:17:46-07:00,410511,72.99,,true,1361,https://cdn.shopify.com/s/files/1/0653/3470/6391/files/NitrogenGasSpring-_2.webp?v=1743133611
9030944063703,"Oil Level & Temperature Guage (for SKU: 150162, 150163, 150164, 201162, 201163, 201164)",oil-level-temperature-guage,MechMaxx,accessories,"0zs, 150162, PTO Backhoes part, SMS, Tractor Implements & Attachments part",2026-02-04T23:49:30-08:00,2025-09-10T00:30:17-07:00,2026-07-20T11:17:46-07:00,461143,39.99,59.99,true,181,https://cdn.shopify.com/s/files/1/0653/3470/6391/files/461143.webp?v=1768984343
9071972712663,Oil Pump Belt for Wood Chipper TX1000 (SKU: 110701),oil-pump-belt-for-wood-chipper-tx1000-sku-110701,MechMaxx,accessories,"01BBB, 110701, 8 in Wood Chipper Part, AAA40, ACCESSORIES, Belt, SMS",2025-10-21T03:33:13-07:00,2025-10-20T02:25:14-07:00,2026-07-20T11:17:46-07:00,412113,49.99,59.99,true,454,https://cdn.shopify.com/s/files/1/0653/3470/6391/files/412113_b9d7f7d7-45da-4207-95d6-a538f95d5c69.webp?v=1762153442
8945524506839,Oil Return Filter for Conveyor(SKU: 150301; 150302）,410725,MechMaxx,accessories,"01BBB, 150301, 150302, filter, SMS",2025-08-28T02:15:35-07:00,2025-06-20T01:15:04-07:00,2026-07-20T11:17:46-07:00,410725,68.99,,true,907,https://cdn.shopify.com/s/files/1/0653/3470/6391/files/410725-_3.webp?v=1756285350
9030942359767,"Oil Tank Filler Cap Assembly (for SKU: 150162, 150163, 150164, 201162, 201163, 201164)",oil-tank-filler-cap-assembly,MechMaxx,accessories,"0zs, 150162, filter, PTO Backhoes part, SMS, Tractor Implements & Attachments part",2026-02-04T23:49:30-08:00,2025-09-10T00:29:49-07:00,2026-07-20T11:17:46-07:00,461142,59.99,79.99,true,91,https://cdn.shopify.com/s/files/1/0653/3470/6391/files/461142.webp?v=1768984340
8493273579735,One Year Warranty for MechMaxx Product,one-year-warranty-for-2000,MechMaxx,,SMS,2025-03-24T02:16:35-07:00,2024-05-12T23:17:55-07:00,2026-07-20T11:17:46-07:00,900002,611.00,,false,0,https://cdn.shopify.com/s/files/1/0653/3470/6391/files/warranty_1_year.jpg?v=1722332055
9141828550871,Outfeed Conveyor Belt for Log Splitter Processor with Conveyor HLS20 (SKU: 150244; 150245),412205-for-log-splitter-processor-with-conveyor-hls20-sku-150244-150245-copy,MechMaxx,accessories,"150244, 150245, Lawn & Garden Part, Log Splitters Part, Spare Parts, Woodworking Machinery part",2026-02-03T22:21:19-08:00,2025-12-26T01:12:02-08:00,2026-07-20T11:17:46-07:00,412205,229.99,299.99,true,8618,https://cdn.shopify.com/s/files/1/0653/3470/6391/files/412205-_1.webp?v=1766740394
9071975399639,Pad and Cushion Cover for Wood Chipper TX1000 (SKU: 110701),pad-and-cushion-cover-for-wood-chipper-tx1000-sku-110701,MechMaxx,accessories,"01BBB, 110701, 8 in Wood Chipper Part, Accessories, SMS, Wood Chipper",2026-01-10T01:23:55-08:00,2025-10-20T02:45:32-07:00,2026-07-20T11:17:46-07:00,412116,59.99,79.99,true,454,https://cdn.shopify.com/s/files/1/0653/3470/6391/files/412116.webp?v=1760953607
9239349297367,Peace of Mind Protection Plan for B2B,peace-of-mind-protection-plan-scheduled-delivery-full-transit-damage-coverage,MechMaxx,accessories,SMS,2026-04-13T19:44:26-07:00,2026-04-13T19:43:52-07:00,2026-07-20T11:17:46-07:00,40000-1,99.00,,true,0,https://cdn.shopify.com/s/files/1/0653/3470/6391/files/default3.png?v=1750494461
8822869819607,"Piezo Sensor for WB Wheel Balancer (for SKU: 200009, 200010)",piezo-sensor-for-wb-wheel-balancers-for-sku-200009-200010,MechMaxx,accessories,"01BBB, 0ZS, auto-parts, Automotive Equipments & Tools, NOV8-14, SMS, Wheel Balancer Accessories & Parts, Wheel Balancers",2025-11-07T22:07:23-08:00,2025-01-27T05:08:17-08:00,2026-07-20T11:17:46-07:00,460040,49.99,59.99,true,100,https://cdn.shopify.com/s/files/1/0653/3470/6391/files/DSC02223.webp?v=1737983267
9018584301783,Pin for SG24; SG24PRO; SG30RRO (SKU:150151;150151G;150181;150181G;150182;150182G）,pin-for-sg24-sg30rro-sku-150151-150151g-150181-150181g,MechMaxx,accessories,"01BBB, 150151, 150151G, 150181, 150181G, 150182, 150182G, Accessories, active, other spare part, PTO Stump Grinder, SMS, Stump Grinder for Tractor, Tractor Implements & Attachments part",2025-08-24T20:09:59-07:00,2025-08-24T19:19:55-07:00,2026-07-20T11:17:46-07:00,410791,52.99,,true,1814,https://cdn.shopify.com/s/files/1/0653/3470/6391/files/410791--_1.webp?v=1756092220
9071976480983,Pin Shaft for Wood Chipper TX1000 (SKU: 110701),pin-shaft-for-wood-chipper-tx1000-sku-110701,MechMaxx,accessories,"01BBB, 110701, 8 in Wood Chipper Part, Accessories, SMS, Wood Chipper",2025-11-21T21:42:26-08:00,2025-10-20T02:57:28-07:00,2026-07-20T11:17:46-07:00,412120,49.99,65.99,true,454,https://cdn.shopify.com/s/files/1/0653/3470/6391/files/412120.webp?v=1760954312
9230850818263,Piston Quick Change Tool Posts and Holders 251-200 Size for SKU: 500007 | Model: 1130V SKU: 500008 | Model: 1130VD SKU: 500009 | Model: 1440G SKU: 500011 | Model: 1337GN SKU: 500012 | Model: 1337G4 SKU: 500013 | Model: 1340G,piston-quick-change-tool-posts-and-holders-251-200-size-for-sku-500007-model-1130v-sku-500008-model-1130vd-sku-500009-model-1440g-sku-500011-model-1337gn-sku-500012-model-1337g4-sku-500013-model-1340g,MechMaxx,accessories,"01BBB, 1030V, 500005, Metal Lathe Machine, Metalworking Machines part, Spare Parts",2026-07-10T12:18:56-07:00,2026-04-01T00:16:41-07:00,2026-07-20T11:17:46-07:00,485006,368.00,,true,8500,https://cdn.shopify.com/s/files/1/0653/3470/6391/files/485006_DSC02305.webp?v=1775029138
9018586398935,Piston Rings for B&S Vanguard 25V3 Engine,piston-rings-for-b-s-vanguard-25v3-engine,MechMaxx,accessories,"01BBB, 25V3, Accessories, engine parts, SMS",2025-09-24T20:26:57-07:00,2025-08-24T19:42:52-07:00,2026-07-20T11:17:46-07:00,400740,62.99,85.99,true,1361,https://cdn.shopify.com/s/files/1/0653/3470/6391/files/400712_1.webp?v=1743499244
8870453477591,Piston Rings for DUCAR DH212 Engine,piston-rings-for-ducar-dh212-engine,MechMaxx,accessories,"01BBB, Accessories, DH212, engine parts, SMS",2025-03-22T03:15:55-07:00,2025-03-22T02:39:36-07:00,2026-07-20T11:17:46-07:00,400704,48.99,65.99,true,1361,https://cdn.shopify.com/s/files/1/0653/3470/6391/files/SKU400704_1.webp?v=1742636394
8872846295255,Piston Rings for DUCAR DH270 Engine,piston-rings-for-ducar-dh270-engine,MechMaxx,accessories,"01BBB, Accessories, DH270, engine parts, SMS",2025-03-28T00:10:06-07:00,2025-03-25T20:01:30-07:00,2026-07-20T11:17:46-07:00,400708,49.99,65.99,true,1361,https://cdn.shopify.com/s/files/1/0653/3470/6391/files/400708_1.webp?v=1742958085
8877960921303,Piston Rings for DUCAR DH420E Engine,piston-rings-for-ducar-dh420e-engine,MechMaxx,accessories,"01BBB, Accessories, DH420E, engine parts, SMS",2025-04-01T03:02:57-07:00,2025-04-01T02:21:16-07:00,2026-07-20T11:17:46-07:00,400712,52.99,69.99,true,1361,https://cdn.shopify.com/s/files/1/0653/3470/6391/files/400712_1.webp?v=1743499244
9018575421655,Piston Rings for HONDA GX200 Engine,piston-rings-for-honda-gx200-engine,MechMaxx,accessories,"01BBB, Accessories, engine parts, GX200, SMS",2025-09-24T20:26:57-07:00,2025-08-24T19:06:03-07:00,2026-07-20T11:17:46-07:00,400728,49.99,65.99,true,1361,https://cdn.shopify.com/s/files/1/0653/3470/6391/files/400712_1.webp?v=1743499244
9018582958295,Piston Rings for HONDA GX390 Engine,piston-rings-for-honda-gx390-engine,MechMaxx,accessories,"01BBB, Accessories, engine parts, GX390, SMS",2025-09-24T20:26:57-07:00,2025-08-24T19:06:34-07:00,2026-07-20T11:17:46-07:00,400732,65.99,85.99,true,1361,https://cdn.shopify.com/s/files/1/0653/3470/6391/files/400712_1.webp?v=1743499244
9018586333399,Piston Rings for HONDA GX690 Engine,piston-rings-for-honda-gx690-engine,MechMaxx,accessories,"01BBB, Accessories, engine parts, GX690, SMS",2025-09-24T20:26:57-07:00,2025-08-24T19:42:23-07:00,2026-07-20T11:17:46-07:00,400736,61.99,80.99,true,1361,https://cdn.shopify.com/s/files/1/0653/3470/6391/files/400712_1.webp?v=1743499244
9018586464471,Piston Rings for KOHLER CH440 Engine,piston-rings-for-kohler-ch440-engine,MechMaxx,accessories,"01BBB, Accessories, CH440, engine parts, SMS",2025-09-24T20:26:56-07:00,2025-08-24T19:43:18-07:00,2026-07-20T11:17:46-07:00,400744,59.99,79.99,true,1361,https://cdn.shopify.com/s/files/1/0653/3470/6391/files/400712_1.webp?v=1743499244
9018565132503,Piston Rings for ZONSEN GB1000 Engine,piston-rings-for-zonsen-gb1000-engine,MechMaxx,accessories,"01BBB, Accessories, engine parts, GB1000, SMS",2025-09-24T20:26:59-07:00,2025-08-24T19:05:34-07:00,2026-07-20T11:17:46-07:00,400724,52.99,69.99,true,1361,https://cdn.shopify.com/s/files/1/0653/3470/6391/files/400712_1.webp?v=1743499244
9018552713431,Piston Rings for ZONSEN GB460 Engine,piston-rings-for-zonsen-gb460-engine,MechMaxx,accessories,"01BBB, Accessories, engine parts, GB460, SMS",2025-09-24T20:26:59-07:00,2025-08-24T19:04:32-07:00,2026-07-20T11:17:46-07:00,400716,52.99,69.99,true,1361,https://cdn.shopify.com/s/files/1/0653/3470/6391/files/400712_1.webp?v=1743499244
9018559660247,Piston Rings for ZONSEN GB750 Engine,piston-rings-for-zonsen-gb750-engine,MechMaxx,accessories,"01BBB, Accessories, engine parts, GB750, SMS",2025-09-24T20:26:59-07:00,2025-08-24T19:05:01-07:00,2026-07-20T11:17:46-07:00,400720,52.99,69.99,true,1361,https://cdn.shopify.com/s/files/1/0653/3470/6391/files/400712_1.webp?v=1743499244
8865761886423,"Plastic Floor Brush for Industrial Vacuum Cleaner (for SKU: 202021, 202022, 202023)",plastic-floor-brush-for-industrial-vacuum-cleaner,MechMaxx,accessories,"202021, 202022, 202023, SMS",2025-03-25T08:36:57-07:00,2025-03-17T06:49:44-07:00,2026-07-20T11:17:46-07:00,462005,69.99,88.99,true,1179,https://cdn.shopify.com/s/files/1/0653/3470/6391/files/DSC00260.webp?v=1742915163
9228888375511,Plate for Camlock D4 for SKU: 500007 | Model: 1130V SKU: 500008 | Model: 1130VD,plate-for-camlock-d4-for-sku-500007-model-1130v-sku-500008-model-1130vd,MechMaxx,accessories,"01BBB, 1030V, 500005, Metal Lathe Machine, Metalworking Machines part, Spare Parts",2026-03-30T17:38:02-07:00,2026-03-30T16:43:51-07:00,2026-07-20T11:17:46-07:00,485103,90.00,,true,3901,https://cdn.shopify.com/s/files/1/0653/3470/6391/files/485103-2.webp?v=1774914152
9117309567191,"Pneumatic Connector Accessory for Model: 1700-B1, 1700-B2, 1600-C1, 1600-C2, 1600-C3pro, 1700-A1, 1700-A3(SKU:501014, 501015, 501017, 501018, 501019, 501016, 501020)",pneumatic-connector-accessory-for-model-1700-b1-1700-b2-1600-c1-1600-c2-1600-c3pro-1700-a1-1700-a3sku-501014-501015-501017-501018-501019-501016-501020,MechMaxx,accessories,"01BBB, Advertising Equipments part, Laminating Machines part, other spare part, SMS",2025-11-25T19:34:42-08:00,2025-11-25T19:31:20-08:00,2026-07-20T11:17:46-07:00,486012,59.00,79.99,true,200,https://cdn.shopify.com/s/files/1/0653/3470/6391/files/486012.webp?v=1764126292
8565911716055,Pneumatic Tire Spreader Foot Operated Tire Repair Machine,pneumatic-tire-spreader-foot-operated-tire-repair-machine,MechMaxx,accessories,"00Z, 01BBB, 0ZS, AAA20, Automotive Equipment & Tools, SMS, Tire changer, Tire Changer & Wheel Balancer Combo, Tire Changer Accessories & Parts, Vehicle Equipment & Tools",2024-06-19T20:16:13-07:00,2024-06-06T23:27:10-07:00,2026-07-20T11:17:46-07:00,200016,599.00,699.00,false,48081,https://cdn.shopify.com/s/files/1/0653/3470/6391/files/PneumaticTireSpreader-_2.webp?v=1718847255
8565952086231,"Pneumatic Tire Wheel Lifter for Tire Changer Tire Lift Machine for TC Tire Changer (for SKU: 200001, 200002, 200027, 200005, 200006, 200028)",pneumatic-tire-wheel-lifter-for-tire-changer-tire-lift-machine,MechMaxx,accessories,"00Z, 01BBB, 0ZS, AAA20, auto-parts, Automotive Equipment & Tools, SMS, Tire Changer, Tire Changer Accessories & Parts, Vehicle Equipment & Tools",2024-07-26T05:14:16-07:00,2024-06-06T23:59:53-07:00,2026-07-20T11:17:46-07:00,200017,529.99,799.00,true,58967,https://cdn.shopify.com/s/files/1/0653/3470/6391/files/TWL01-_13.webp?v=1722329099
8566008283351,"Pneumatic Tire Wheel Lifter for Wheel Balancer Tire Lift Machine for WB Wheel Balancer (for SKU: 200009, 200010)",pneumatic-tire-wheel-lifter-for-wheel-balancer-tire-lift-machine,MechMaxx,accessories,"00Z, 01BBB, 0ZS, AAA20, auto-parts, Automotive Equipment & Tools, SMS, Vehicle Equipment & Tools, Wheel balancer, Wheel Balancer Accessories & Parts",2024-07-26T05:14:42-07:00,2024-06-07T00:41:38-07:00,2026-07-20T11:17:46-07:00,200018,559.99,899.00,true,54885,https://cdn.shopify.com/s/files/1/0653/3470/6391/files/WWL01-_9.webp?v=1722495705
8791752212695,Positioning Plate and Rod CP of Disc Mower(SKU: 150231; 150232）,positioning-plate-and-rod-cp-of-disc-mower-150231-150232,MechMaxx,accessories,"01BBB, 150231, 150232, AAA15, active, other spare part, SMS",2024-12-31T01:17:30-08:00,2024-12-29T22:41:43-08:00,2026-07-20T11:17:46-07:00,410225,62.99,,true,3175,https://cdn.shopify.com/s/files/1/0653/3470/6391/files/410225-_1.webp?v=1735617144
8822867362007,"Power Board for WB Wheel Balancer (for SKU: 200009, 200010)",power-board-for-wb-wheel-balancers-for-sku-200009-200010,MechMaxx,accessories,"01BBB, 0ZS, auto-parts, Automotive Equipments & Tools, NOV8-14, SMS, Wheel Balancer Accessories & Parts, Wheel Balancers",2025-11-07T22:06:18-08:00,2025-01-27T05:02:27-08:00,2026-07-20T11:17:46-07:00,460037,79.99,,true,499,https://cdn.shopify.com/s/files/1/0653/3470/6391/files/DSC02498.webp?v=1737982937
9136443130071,"Power Feed for the X axis for  SKU: 500202 | Model: VM25L, SKU: 500203 | Model: VM25LD",power-feed-for-the-x-axis,MechMaxx,accessories,"1030V, 500202, 500203, Drills & Mills part, Metal Lathe Machine, Metalworking Machines part",2025-12-17T00:27:38-08:00,2025-12-16T23:23:53-08:00,2026-07-20T11:17:46-07:00,511011,279.00,,true,6985,https://cdn.shopify.com/s/files/1/0653/3470/6391/files/511011511012POWERFEED.jpg?v=1765961019
9136450437335,Power Feed for the X axis for  SKU: 500204 | Model: VM32L SKU: 500205 | Model: VM32LD,power-feed-for-the-x-axis-for-sku-500204-model-vm32l-sku-500205-model-vm32ld,MechMaxx,accessories,"1030V, 500202, 500203, Drills & Mills part, Metal Lathe Machine, Metalworking Machines part",2025-12-17T00:28:37-08:00,2025-12-17T00:09:53-08:00,2026-07-20T11:17:46-07:00,511012,289.00,299.00,true,6985,https://cdn.shopify.com/s/files/1/0653/3470/6391/files/511011511012POWERFEED.jpg?v=1765961019
9228922192087,"Precision Keyless Drill Chuck 1-13 mm, B16 for SKU:500003, 500004, 500005, 500006, 500007, 500008, 500009, 500010, 500011, 500012, 500013, 500014, 500015",precision-keyless-drill-chuck-1-13-mm-b16-for-sku-500003-500004-500005-500006-500007-500008-500009-500010-500011-500012-500013-500014-500015,MechMaxx,accessories,"01BBB, 1030V, 500005, Metal Lathe Machine, Metalworking Machines part, Spare Parts",2026-03-30T18:01:50-07:00,2026-03-30T17:56:13-07:00,2026-07-20T11:17:46-07:00,485141,36.00,,true,1179,https://cdn.shopify.com/s/files/1/0653/3470/6391/files/485141-4.webp?v=1774918912
9228925993175,"Precision Keyless Drill Chuck 1-16 mm, B16 for SKU:500003, 500004, 500005, 500006, 500007, 500008, 500009, 500010, 500011, 500012, 500013, 500014, 500015",precision-keyless-drill-chuck-1-16-mm-b16-for-sku-500003-500004-500005-500006-500007-500008-500009-500010-500011-500012-500013-500014-500015-副本,MechMaxx,accessories,"01BBB, 1030V, 500005, Metal Lathe Machine, Metalworking Machines part, Spare Parts",2026-03-30T18:12:30-07:00,2026-03-30T18:06:47-07:00,2026-07-20T11:17:46-07:00,485142,44.00,,false,1501,https://cdn.shopify.com/s/files/1/0653/3470/6391/files/485142-8.webp?v=1774919119
8872220950743,"Preheat Indicator Light for Mini Skid Steer STL1000, ( SKU: 101000 )",preheat-indicator-light-for-mini-skid-steer-stl1000-sku-101000,MechMaxx,accessories,"01BBB, 101000, AAA41, Accessories, active, SMS",2025-03-25T05:09:13-07:00,2025-03-25T01:57:30-07:00,2026-07-20T11:17:46-07:00,410519,64.99,,true,1361,https://cdn.shopify.com/s/files/1/0653/3470/6391/files/PreheatIndicatorLight-_1.webp?v=1742893199
8969818538199,"Pressure Washer 175gal Water Tank with 2 Belts & 2 Tensioners (for SKU: 204003, 204007, 204011)",175gal-tank-with-2-belts-2-tensioners,MechMaxx,accessories,"01BBB, 0ZS, 204003, 204007, 204011, Janitorial & Cleaning, Pressure Washers, Skid Mounted Pressure Washers, SMS",2025-10-18T02:35:12-07:00,2025-07-10T23:17:43-07:00,2026-07-20T11:17:46-07:00,464012,899.99,1199.99,true,79832,https://cdn.shopify.com/s/files/1/0653/3470/6391/files/hot_water_pressure_washer_accessories_14.webp?v=1755141159
8969819455703,"Pressure Washer 245gal Water Tank with 2 Belts & 2 Tensioners (for SKU: 204004, 204008, 204012)",245gal-tank-with-2-belts-2-tensioners,MechMaxx,accessories,"01BBB, 0ZS, 204004, 204008, 204012, Janitorial & Cleaning, Pressure Washers, Skid Mounted Pressure Washers, SMS",2025-10-18T02:35:11-07:00,2025-07-10T23:18:11-07:00,2026-07-20T11:17:46-07:00,464013,1249.99,1549.99,true,100244,https://cdn.shopify.com/s/files/1/0653/3470/6391/files/hot_water_pressure_washer_accessories_12.webp?v=1755141171
8969820405975,"Pressure Washer 3/8"" Double Female Quick Connector Max Pressure 5000 PSI",double-female-quick-connector,MechMaxx,accessories,"01BBB, 0ZS, Janitorial & Cleaning, other spare part, Portable Pressure Washers, Pressure Washers, Skid Mounted Pressure Washers, SMS",2025-08-14T03:42:28-07:00,2025-07-10T23:18:40-07:00,2026-07-20T11:17:46-07:00,464014,42.99,59.99,true,318,https://cdn.shopify.com/s/files/1/0653/3470/6391/files/hotwaterpressurewasheraccessories_8.webp?v=1755104868
8969814278359,"Pressure Washer Diesel Fuel Level Sensor (for SKU: 204002, 204003, 204004, 204006, 204007, 204008, 204010, 204011, 204012)",fuel-level-sensor,MechMaxx,accessories,"01BBB, 0zs, 204002, 204003, 204004, 204006, 204007, 204008, 204010, 204011, 204012, SMS",2025-10-18T02:25:17-07:00,2025-07-10T23:16:07-07:00,2026-07-20T11:17:46-07:00,464009,42.99,52.99,true,798,https://cdn.shopify.com/s/files/1/0653/3470/6391/files/hotwaterpressurewasheraccessories_3.webp?v=1755104889
8853341798615,"Pressure Washer Hose Reel (for SKU: 204002, 204003, 204004, 204006, 204007, 204008, 204010, 204011, 204012)",pressure-washer-hose-reel,MechMaxx,accessories,"01BBB, 0zs, 204002, 204003, 204004, 204006, 204007, 204008, SMS",2025-03-24T20:44:09-07:00,2025-03-02T19:23:16-08:00,2026-07-20T11:17:46-07:00,464001,129.99,,true,4672,https://cdn.shopify.com/s/files/1/0653/3470/6391/files/DSC00131-01.webp?v=1742872127
8853343240407,"Pressure Washer Oil Pump (for SKU: 204002, 204003, 204004, 204006, 204007, 204008, 204010, 204011, 204012)",pressure-washer-oil-pump,MechMaxx,accessories,"01BBB, 0zs, 204002, 204003, 204004, 204006, 204007, 204008, 204010, 204011, 204012, SMS",2025-10-18T02:25:17-07:00,2025-03-02T19:25:37-08:00,2026-07-20T11:17:46-07:00,464006,139.99,169.99,true,1451,https://cdn.shopify.com/s/files/1/0653/3470/6391/files/DSC00133-01.webp?v=1742873496
8969821520087,"Pressure Washer Photoresistance (for SKU: 204002, 204003, 204004, 204006, 204007, 204008, 204010, 204011, 204012)",photoresistance,MechMaxx,accessories,"01BBB, 0zs, 204002, 204003, 204004, 204006, 204007, 204008, 204010, 204011, 204012, SMS",2025-10-22T07:58:47-07:00,2025-07-10T23:19:15-07:00,2026-07-20T11:17:46-07:00,464015,54.99,64.99,true,200,https://cdn.shopify.com/s/files/1/0653/3470/6391/files/hotwaterpressurewasheraccessories_5.webp?v=1755102583
8853342585047,"Pressure Washer Spray Gun and Wand Assembly (for SKU: 204002, 204003, 204004, 204006, 204007, 204008, 204010, 204011, 204012)",pressure-washer-spray-gun-and-wand-assembly,MechMaxx,accessories,"01BBB, 0zs, 204002, 204003, 204004, 204006, 204007, 204008, SMS",2025-03-24T20:44:41-07:00,2025-03-02T19:24:43-08:00,2026-07-20T11:17:46-07:00,464004,89.99,89.99,true,2268,https://cdn.shopify.com/s/files/1/0653/3470/6391/files/DSC00146-01.webp?v=1742873460
8853342978263,"Pressure Washer Spray Nozzle Set (for SKU: 204002, 204003, 204004, 204006, 204007, 204008, 204010, 204011, 204012)",pressure-washer-spray-nozzles,MechMaxx,accessories,"01BBB, 0zs, 204002, 204003, 204004, 204006, 204007, 204008, SMS",2025-03-24T20:44:45-07:00,2025-03-02T19:25:11-08:00,2026-07-20T11:17:46-07:00,464005,39.99,46.99,true,181,https://cdn.shopify.com/s/files/1/0653/3470/6391/files/DSC00168-01.webp?v=1742873485
9314832351447,"PTO Extension Kit (for SKU: 150162, 150163, 150164, 201162, 201163, 201164)",461164-pto-extension-kit,MechMaxx,accessories,"0zs, 150162, 150163, 150164, 201162, 201163, 201164, PTO Backhoes part, Tractor Implements & Attachments part",2026-07-11T03:21:06-07:00,2026-07-01T20:18:21-07:00,2026-07-20T11:17:46-07:00,461164,99.99,119.99,true,1905,https://cdn.shopify.com/s/files/1/0653/3470/6391/files/DSC07771_a58031ce-83be-4426-b36d-a6655f20670e.webp?v=1783056369
9030944817367,"PTO Pump Assembly (for SKU: 150162, 201162)",pto-pump-assembly-for-bh660,MechMaxx,accessories,"0zs, 150162, PTO Backhoes part, SMS, Tractor Implements & Attachments part",2026-02-04T23:49:28-08:00,2025-09-10T00:31:03-07:00,2026-07-20T11:17:46-07:00,461145,559.99,759.99,true,18280,https://cdn.shopify.com/s/files/1/0653/3470/6391/files/461145.webp?v=1768984343
9030944850135,"PTO Pump Assembly (for SKU: 150163, 150164, 201163, 201164)",pto-pump-assembly-for-bh760-bh860,MechMaxx,accessories,"0zs, 150163, 150164, PTO Backhoes part, SMS, Tractor Implements & Attachments part",2026-02-04T23:49:28-08:00,2025-09-10T00:31:23-07:00,2026-07-20T11:17:46-07:00,461146,559.99,759.99,true,18280,https://cdn.shopify.com/s/files/1/0653/3470/6391/files/461146.webp?v=1768984343
9166674362583,"PTO Stump Grinder Cover for SG24, SG24PRO (SKU：150151;150151G;150182;150182G）",pto-stump-grinder-cover-for-sg24-sg24pro-sku-150151-150151g-150182-150182g,MechMaxx,accessories,"01BBB, 150151, 150151G, 150182, 150182G, Accessories, active, cover, Cover6 PTO grinder, PTO Stump Grinder, SMS, Stump Grinder for Tractor, Tractor Implements & Attachments part",2026-01-25T19:35:24-08:00,2026-01-25T19:34:31-08:00,2026-07-20T11:17:46-07:00,410412,69.99,79.99,true,1361,https://cdn.shopify.com/s/files/1/0653/3470/6391/files/410412_SG24_cover.webp?v=1730278416
8751826632919,PTO Stump Grinder Cover for SG24; SG24PRO (SKU 150151;150151G;150182;150182G）,pto-stump-grinder-cover-for-sg24-sku-150151-150151g,MechMaxx,accessories,01BBB,2024-10-30T01:57:32-07:00,2024-10-30T01:38:05-07:00,2026-07-20T11:17:46-07:00,410412-1,69.99,79.99,true,1361,https://cdn.shopify.com/s/files/1/0653/3470/6391/files/410412_SG24_cover.webp?v=1730278416
9048309563607,"PTO Stump Grinder Cover for SG28, SG30PRO (SKU: 150181; 180181G;150183; 150183G）",pto-stump-grinder-cover-for-sg30pro-sku-150181,MechMaxx,accessories,"01BBB, 150181, 150181G, 150183, 150183G, Accessories, active, cover, Cover6 PTO grinder, PTO Stump Grinder, SMS, Stump Grinder for Tractor",2025-09-27T06:54:19-07:00,2025-09-27T06:43:00-07:00,2026-07-20T11:17:46-07:00,412127,69.99,79.99,true,1361,https://cdn.shopify.com/s/files/1/0653/3470/6391/files/410412_SG30_cover_3000x_a84c66ea-23b6-464e-be9c-38eb7a3691b9.webp?v=1758980470
8875770708183,"Pull Cord Emergency Stop Switch for Mini Skid Steer STL1000, ( SKU: 101000 )",pull-cord-emergency-stop-switch-for-mini-skid-steer-stl1000-sku-101000,MechMaxx,accessories,"01BBB, 101000, AAA41, Accessories, active, SMS",2025-03-28T17:11:19-07:00,2025-03-27T23:52:33-07:00,2026-07-20T11:17:46-07:00,410520,68.99,,true,1361,https://cdn.shopify.com/s/files/1/0653/3470/6391/files/PullCordEmergencyStopSwitch-_1.webp?v=1743144863
9018587644119,Pull Starter for B&S Vanguard 25V3 Engine,pull-starter-for-b-s-vanguard-25v3-engine,MechMaxx,accessories,"01BBB, 25V3, Accessories, engine parts, SMS",2025-08-30T02:26:46-07:00,2025-08-24T19:53:29-07:00,2026-07-20T11:17:46-07:00,400741,72.99,95.99,true,1361,https://cdn.shopify.com/s/files/1/0653/3470/6391/files/400741-_1.webp?v=1756542005
8877962363095,Pull Starter for DUCAR  DH420E Engine,pull-starter-for-ducar-dh420e-engine,MechMaxx,accessories,"01BBB, Accessories, DH420E, engine parts, SMS",2025-04-01T03:02:57-07:00,2025-04-01T02:34:13-07:00,2026-07-20T11:17:46-07:00,400713,56.99,75.99,true,1361,https://cdn.shopify.com/s/files/1/0653/3470/6391/files/400713_1.webp?v=1743500018
8870453903575,Pull Starter for DUCAR DH212 Engine,pull-starter-for-ducar-dh212-engine,MechMaxx,accessories,"01BBB, Accessories, DH212, engine parts, SMS",2025-03-22T03:15:56-07:00,2025-03-22T02:44:40-07:00,2026-07-20T11:17:46-07:00,400705,53.99,69.99,true,1361,https://cdn.shopify.com/s/files/1/0653/3470/6391/files/SKU400705_2.webp?v=1742636671
8872849342679,Pull Starter for DUCAR DH270 Engine,pull-starter-for-ducar-dh270-engine,MechMaxx,accessories,"01BBB, Accessories, DH270, engine parts, SMS",2025-03-28T00:10:06-07:00,2025-03-25T20:03:45-07:00,2026-07-20T11:17:46-07:00,400709,53.99,69.99,true,1361,https://cdn.shopify.com/s/files/1/0653/3470/6391/files/400709_2.webp?v=1742958215
9018587513047,Pull Starter for HONDA GX200 Engine,pull-starter-for-honda-gx200-engine,MechMaxx,accessories,"01BBB, Accessories, engine parts, GX200, SMS",2025-09-24T20:26:55-07:00,2025-08-24T19:51:45-07:00,2026-07-20T11:17:46-07:00,400729,59.99,75.99,true,1361,https://cdn.shopify.com/s/files/1/0653/3470/6391/files/400729-_1.webp?v=1756541819
9018587578583,Pull Starter for HONDA GX390 Engine,pull-starter-for-honda-gx390-engine,MechMaxx,accessories,"01BBB, Accessories, engine parts, GX390, SMS",2025-08-30T02:22:02-07:00,2025-08-24T19:52:34-07:00,2026-07-20T11:17:46-07:00,400733,81.99,105.99,true,1361,https://cdn.shopify.com/s/files/1/0653/3470/6391/files/400733-_2.webp?v=1756541656
9018587742423,Pull Starter for KOHLER CH440 Engine,pull-starter-for-kohler-ch440-engine,MechMaxx,accessories,"01BBB, Accessories, CH440, engine parts, SMS",2025-09-24T20:26:55-07:00,2025-08-24T19:54:01-07:00,2026-07-20T11:17:46-07:00,400745,81.99,105.99,true,1361,https://cdn.shopify.com/s/files/1/0653/3470/6391/files/400745-_1.webp?v=1756977373
9018586857687,Pull Starter for ZONSEN GB460 Engine,pull-starter-for-zonsen-gb460-engine,MechMaxx,accessories,"01BBB, Accessories, engine parts, GB460, SMS",2025-09-24T20:26:56-07:00,2025-08-24T19:44:37-07:00,2026-07-20T11:17:46-07:00,400717,56.99,75.99,true,1361,https://cdn.shopify.com/s/files/1/0653/3470/6391/files/400717-_1.webp?v=1768287889
9071927427287,Pump Taper Bush Pulley for Wood Chipper TX1000 (SKU: 110701),pump-taper-bush-pulley-for-wood-chipper-tx1000-sku-110701,MechMaxx,accessories,"01BBB, 110701, 8 in Wood Chipper Part, Accessories, SMS, Wood Chipper",2025-11-21T21:42:28-08:00,2025-10-20T00:30:31-07:00,2026-07-20T11:17:46-07:00,412105,109.99,139.99,true,4082,https://cdn.shopify.com/s/files/1/0653/3470/6391/files/412105-1.webp?v=1761041371
9032038842583,Pump Valve Spool for Hay Baler HB3120 (SKU: 150215）,pump-valve-spool-for-hay-baler-hb3120-sku-150215,MechMaxx,accessories,"01BBB, 150215, other spare part, SMS",2025-09-18T02:28:52-07:00,2025-09-11T01:50:10-07:00,2026-07-20T11:17:46-07:00,410800,72.99,,true,136,https://cdn.shopify.com/s/files/1/0653/3470/6391/files/410800-2.jpg?v=1758176907
9071966945495,Push Plate Shim for Wood Chipper TX1000 (SKU: 110701),push-plate-shim-for-wood-chipper-tx1000-sku-110701,MechMaxx,accessories,"01BBB, 110701, 8 in Wood Chipper Part, Accessories, SMS, Wood Chipper",2025-11-21T21:42:28-08:00,2025-10-20T01:42:00-07:00,2026-07-20T11:17:46-07:00,412108,49.99,65.99,true,907,https://cdn.shopify.com/s/files/1/0653/3470/6391/files/412108.webp?v=1760951865
9004016435415,Quick Log Clamp Assembly for Sawmill SM-18 ( SKU: 150165 ),quick-log-clamp-assembly-for-sawmill-sm18-sku-150165,MechMaxx,accessories,"01BBB, 02C-series, AAA15, other spare part, sawmill, SMS",2025-08-07T23:43:06-07:00,2025-08-07T20:08:34-07:00,2026-07-20T11:17:46-07:00,410228,79.99,99.99,true,7257,https://cdn.shopify.com/s/files/1/0653/3470/6391/files/410228_3000x_8d62cb43-1bd0-45bf-8bb1-d3dfab111335.webp?v=1765765676
8789525561559,Quick Log Clamp Assembly for Sawmill SM-22 ( SKU: 150169; 150169K4; 150320 ),quick-log-clamp-assembly-for-sawmill-sm22-sku-150169-410229,MechMaxx,accessories,"01BBB, 150169, AAA41, active, sawmill, Sawmill accessories, SMS",2024-12-25T01:57:28-08:00,2024-12-24T18:02:10-08:00,2026-07-20T11:17:46-07:00,410229,89.99,,true,6804,https://cdn.shopify.com/s/files/1/0653/3470/6391/files/410207_410208_quick_log_clamp.webp?v=1731292245
8663202562263,Quick Log Clamp Assembly for Sawmill SM-26 (SKU: 150166; 150166D6; 150166K6）,quick-log-clamp-for-sawmill-sm26-sku-150166-150166d6,MechMaxx,accessories,"01BBB, AAA41, sawmill, Sawmill accessories, SMS",2024-08-13T02:25:07-07:00,2024-08-07T02:54:22-07:00,2026-07-20T11:17:46-07:00,410208,89.99,,true,6804,https://cdn.shopify.com/s/files/1/0653/3470/6391/files/410207_410208_quick_log_clamp.webp?v=1731292245
8663202955479,Quick Log Clamp Assembly for Sawmill SM-32 ( SKU: 150167; 150167D6; 150167K4; 150167K6; 150167H6),quick-log-clamp-for-sawmill-sm32-sku-150167-150167d6-150167k4-150167k6,MechMaxx,accessories,"01BBB, 32 inch Sawmill, AAA41, sawmill, Sawmill accessories, SMS",2024-08-13T02:25:07-07:00,2024-08-07T02:55:49-07:00,2026-07-20T11:17:46-07:00,410207,89.99,,true,6804,https://cdn.shopify.com/s/files/1/0653/3470/6391/files/410207_410208_quick_log_clamp.webp?v=1731292245
8789525659863,"Quick Log Clamp Assembly for Sawmill SM-36MAX, SM-36HMAX ( SKU: 150168MAX, 150168HMAX )",quick-log-clamp-assembly-for-sawmill-sm36-sku-150168-410230,MechMaxx,accessories,"01BBB, AAA41, active, sawmill, Sawmill accessories, SMS",2024-12-25T01:57:29-08:00,2024-12-24T18:02:37-08:00,2026-07-20T11:17:46-07:00,410230,99.99,,true,6804,https://cdn.shopify.com/s/files/1/0653/3470/6391/files/410207_410208_quick_log_clamp.webp?v=1731292245
8566061465815,"Quick Release Locking Nut Set for WB Wheel Balancer (for SKU: 200009, 200010)",quick-release-locking-nut-set-for-wb-wheel-balancers-sku-200009-200010,MechMaxx,accessories,"00Z, 01BBB, 0ZS, AAA20, Accessories, auto-parts, Automotive Equipment & Tools, SMS, Vehicle Equipment & Tools, Vehicle Parts, Wheel balancer, Wheel Balancer Accessories & Parts",2024-06-19T20:09:46-07:00,2024-06-07T01:16:20-07:00,2026-07-20T11:17:46-07:00,200026,49.99,59.00,true,1361,https://cdn.shopify.com/s/files/1/0653/3470/6391/files/200026-webp_1.webp?v=1718936399
9314833268951,"Rear Deflector Chain & Shackle for LRT Rotary Tiller (for SKU: 201103, 201104, 201105, 201106)",461192-rear-deflector-chain-shackle-for-lrt-rotary-tiller,MechMaxx,accessories,"01BBB, 0zs, 201103, 201104, 201105, 201106, batch0711-1, Rotary Tillers part, Spare Parts, Tillage part, Tractor Implements & Attachments part",2026-07-11T05:00:54-07:00,2026-07-01T20:26:45-07:00,2026-07-20T11:17:46-07:00,461192,45.99,55.99,true,2540,https://cdn.shopify.com/s/files/1/0653/3470/6391/files/4983dd96c207482aff02c6ceca0638b0.webp?v=1783056542
8760701419735,Rear Tire for Mini Dumper E50; EH50 ( SKU: 101200; 101200Y;101201R;101201 ),rear-tire-for-mini-dumper-e50-eh50-sku-101200-101200y-101201r-101201,MechMaxx,accessories,"01BBB, 0Tire, 101200, 101201, SMS",2025-09-09T07:16:43-07:00,2024-11-11T23:47:52-08:00,2026-07-20T11:17:46-07:00,404030,79.99,,true,13154,https://cdn.shopify.com/s/files/1/0653/3470/6391/files/404025_404030-_2.webp?v=1757743745
8760701124823,Rear Tire for Wood Chipper DCH7 ( SKU: 110700; 110700H）,rear-tire-for-wood-chipper-dch7-sku-110700-110700h,MechMaxx,accessories,"01BBB, 0Tire, 110700, 7 in Wood Chipper Part, SMS",2025-09-09T07:16:44-07:00,2024-11-11T23:46:14-08:00,2026-07-20T11:17:46-07:00,404026,129.99,,true,13154,https://cdn.shopify.com/s/files/1/0653/3470/6391/files/404026--_2.webp?v=1757744624
9071927361751,Rear Tire for Wood Chipper TX1000 (SKU: 110701),rear-tire-for-wood-chipper-tx1000-sku-110701,MechMaxx,accessories,"01BBB, 110701, 8 in Wood Chipper Part, Accessories, SMS, Wood Chipper",2026-01-10T00:51:16-08:00,2025-10-20T00:28:48-07:00,2026-07-20T11:17:46-07:00,412104,169.99,219.99,true,27216,https://cdn.shopify.com/s/files/1/0653/3470/6391/files/412104.webp?v=1760945345
9027005808855,"Red Throttle Handle and Throttle Cable for Portable Sawmill SM26, SM32 ( SKU: 150166; 150166D6; 150167; 150167K4; 150167D6; 150167K6; 150167H6)",red-throttle-handle-and-throttle-cable-for-sm32,MechMaxx,accessories,"01BBB, 150166, 150167, other spare part, SMS",2025-09-09T03:51:30-07:00,2025-09-05T02:48:01-07:00,2026-07-20T11:17:46-07:00,410779,49.99,,true,1361,https://cdn.shopify.com/s/files/1/0653/3470/6391/files/410779-_2.webp?v=1757065979
8791752605911,Repair Kit for Disc Mower(SKU: 150231; 150232）,repair-kit-for-disc-mower,MechMaxx,accessories,"01BBB, 150231, 150232, AAA15, active, SMS",2024-12-31T01:16:26-08:00,2024-12-29T22:43:14-08:00,2026-07-20T11:17:46-07:00,410221,86.99,,true,1361,https://cdn.shopify.com/s/files/1/0653/3470/6391/files/410221-_1.webp?v=1735612530
9175208001751,Replacement Belts for Walk Behind Flail Mower SFM27T (for SKU: 201029),belt-for-walk-behind-flail-mower-sfm27t,MechMaxx,accessories,"0zs, 201029, Spare Parts",2026-03-19T23:51:01-07:00,2026-02-04T18:57:10-08:00,2026-07-20T11:17:46-07:00,461186,99.99,119.99,false,635,https://cdn.shopify.com/s/files/1/0653/3470/6391/files/461185_461186-2.webp?v=1773906004
9175207542999,Replacement Belts for Walk Behind Flail Mower SFM27W (for SKU: 201028),belt-for-walk-behind-flail-mower-sfm27w,MechMaxx,accessories,"0zs, 201028, Spare Parts",2026-03-19T23:48:59-07:00,2026-02-04T18:52:41-08:00,2026-07-20T11:17:46-07:00,461185,99.99,119.99,true,590,https://cdn.shopify.com/s/files/1/0653/3470/6391/files/461185_461186-2.webp?v=1773906004
8962129756375,Replacement Filter For CAF101(SKU:480051),replacement-filter-for-caf101sku-480051,MechMaxx,accessories,"01BBB, Air Compressor Accessories, Element for Compressed Air Filter, filter, SMS",2025-07-08T01:29:47-07:00,2025-07-04T00:28:09-07:00,2026-07-20T11:17:46-07:00,480066,99.99,,true,454,https://cdn.shopify.com/s/files/1/0653/3470/6391/files/480066_2.webp?v=1751863263
8962130280663,Replacement Filter For CAF102(SKU:480052),replacement-filter-for-caf102sku-480052,MechMaxx,accessories,"01BBB, Air Compressor Accessories, Element for Compressed Air Filter, filter, SMS",2025-07-08T01:29:48-07:00,2025-07-04T00:29:02-07:00,2026-07-20T11:17:46-07:00,480067,99.99,,true,454,https://cdn.shopify.com/s/files/1/0653/3470/6391/files/480067_2.webp?v=1751863291
8962131034327,Replacement Filter For CAF103(SKU:480053),replacement-filter-for-caf103sku-480053,MechMaxx,accessories,"01BBB, Air Compressor Accessories, Element for Compressed Air Filter, filter, SMS",2025-07-08T01:29:49-07:00,2025-07-04T00:30:52-07:00,2026-07-20T11:17:46-07:00,480068,99.99,,true,454,https://cdn.shopify.com/s/files/1/0653/3470/6391/files/480068_2.webp?v=1751863317
8962132246743,Replacement Filter For CAF151(SKU:480054),replacement-filter-for-caf151sku-480054,MechMaxx,accessories,"01BBB, Air Compressor Accessories, Element for Compressed Air Filter, filter, SMS",2025-07-08T01:29:49-07:00,2025-07-04T00:31:39-07:00,2026-07-20T11:17:46-07:00,480069,119.99,,true,454,https://cdn.shopify.com/s/files/1/0653/3470/6391/files/480069_2.webp?v=1751863343
8962134048983,Replacement Filter For CAF152(SKU:480055),replacement-filter-for-caf152sku-480055,MechMaxx,accessories,"01BBB, Air Compressor Accessories, Element for Compressed Air Filter, filter, SMS",2025-07-08T01:29:50-07:00,2025-07-04T00:37:38-07:00,2026-07-20T11:17:46-07:00,480070,119.99,,true,454,https://cdn.shopify.com/s/files/1/0653/3470/6391/files/480070_2.webp?v=1751863371
8962134704343,Replacement Filter For CAF153(SKU:480056),replacement-filter-for-caf153sku-480056,MechMaxx,accessories,"01BBB, Air Compressor Accessories, Element for Compressed Air Filter, filter, SMS",2025-07-08T01:29:51-07:00,2025-07-04T00:39:41-07:00,2026-07-20T11:17:46-07:00,480071,119.99,,true,454,https://cdn.shopify.com/s/files/1/0653/3470/6391/files/480071_2.webp?v=1751863399
8962135097559,Replacement Filter For CAF201\CAF301(SKU:480057\480060),replacement-filter-for-caf201-caf301sku-480057-480060,MechMaxx,accessories,"01BBB, Air Compressor Accessories, Element for Compressed Air Filter, filter, SMS",2025-07-08T01:29:52-07:00,2025-07-04T00:40:42-07:00,2026-07-20T11:17:46-07:00,480072,139.99,,true,454,https://cdn.shopify.com/s/files/1/0653/3470/6391/files/480072_2.webp?v=1751863423
8962135982295,Replacement Filter For CAF202\CAF302(SKU:480058\480061),replacement-filter-for-caf202-caf301sku-480058-480061,MechMaxx,accessories,"01BBB, Air Compressor Accessories, Element for Compressed Air Filter, filter, SMS",2025-07-08T01:29:53-07:00,2025-07-04T00:42:32-07:00,2026-07-20T11:17:46-07:00,480073,139.99,,true,454,https://cdn.shopify.com/s/files/1/0653/3470/6391/files/480073_2.webp?v=1751863458
8962136244439,Replacement Filter For CAF203\CAF303(SKU:480059\480062),replacement-filter-for-caf203-caf301sku-480059-480062,MechMaxx,accessories,"01BBB, Air Compressor Accessories, Element for Compressed Air Filter, filter, SMS",2025-07-08T01:29:53-07:00,2025-07-04T00:43:18-07:00,2026-07-20T11:17:46-07:00,480074,139.99,,true,454,https://cdn.shopify.com/s/files/1/0653/3470/6391/files/480074_2.webp?v=1751863481
8962136572119,Replacement Filter For CAF501(SKU:480063),replacement-filter-for-caf501sku-480063,MechMaxx,accessories,"01BBB, Air Compressor Accessories, Element for Compressed Air Filter, filter, SMS",2025-07-08T01:29:54-07:00,2025-07-04T00:44:35-07:00,2026-07-20T11:17:46-07:00,480075,169.99,,true,454,https://cdn.shopify.com/s/files/1/0653/3470/6391/files/480075_2.webp?v=1751863506
8962136899799,Replacement Filter For CAF502(SKU:480064),replacement-filter-for-caf502sku-480064,MechMaxx,accessories,"01BBB, Air Compressor Accessories, Element for Compressed Air Filter, filter, SMS",2025-07-08T01:29:55-07:00,2025-07-04T00:45:57-07:00,2026-07-20T11:17:46-07:00,480076,169.99,,false,0,https://cdn.shopify.com/s/files/1/0653/3470/6391/files/480076_2.webp?v=1751863532
8962137751767,Replacement Filter For CAF503(SKU:480065),replacement-filter-for-caf503sku-480065,MechMaxx,accessories,"01BBB, Air Compressor Accessories, Element for Compressed Air Filter, filter, SMS",2025-07-08T01:29:56-07:00,2025-07-04T00:49:10-07:00,2026-07-20T11:17:46-07:00,480077,169.99,,true,0,https://cdn.shopify.com/s/files/1/0653/3470/6391/files/480077_2.webp?v=1751863589
9030941442263,"Return Oil Filter Assembly (for SKU: 150162, 150163, 150164, 201162, 201163, 201164)",return-oil-filter-assembly,MechMaxx,accessories,"0zs, 150162, filter, PTO Backhoes part, SMS, Tractor Implements & Attachments part",2026-02-04T23:49:30-08:00,2025-09-10T00:29:23-07:00,2026-07-20T11:17:46-07:00,461141,129.99,159.99,true,998,https://cdn.shopify.com/s/files/1/0653/3470/6391/files/461141.webp?v=1768984343
9029338759383,Right Front Tire for Mini Dumper E50; EH50 ( SKU: 101200; 101200Y;101201R;101201 ),right-front-tire-for-mini-dumper-e50-eh50-sku-101200-101200y-101201r-101201,MechMaxx,accessories,"01BBB, 0Tire, 101200, 101201, SMS",2025-09-09T07:17:09-07:00,2025-09-09T06:34:22-07:00,2026-07-20T11:17:46-07:00,404029R,99.99,,true,13154,https://cdn.shopify.com/s/files/1/0653/3470/6391/files/404029R.jpg?v=1757426981
8760700436695,"Right Rear Tire for Wood Chipper GS1500 ( SKU: 110200, 110200Y, 110200K )",right-rear-tire-for-wood-chipper-gs1500-sku-110200-110200y-110200k,MechMaxx,accessories,"01BBB, 0Tire, 110200, 110200k, 110200y, 5 in Wood Chipper Part, GS1500, SMS",2025-09-09T07:16:46-07:00,2024-11-11T23:42:02-08:00,2026-07-20T11:17:46-07:00,404021R,89.99,,true,13154,https://cdn.shopify.com/s/files/1/0653/3470/6391/files/404021R.jpg?v=1757427017
8760700862679,"Right Rear Tire for Wood Chipper GS650 and Stump Grinder ( SKU: 110100, 110101, 130200, 130300, 130300R, 130400, 130400Y )",right-rear-tire-for-wood-chipper-gs650-and-stump-grinder-sku-110100-110101-130200-130300-130300r-130400-130400y,MechMaxx,accessories,"01BBB, 0Tire, 110100, 110101, 130200, 130300, 130400, 4 in Wood Chipper Part, SMS",2025-09-09T07:16:45-07:00,2024-11-11T23:44:37-08:00,2026-07-20T11:17:46-07:00,404022R,79.99,,true,13154,https://cdn.shopify.com/s/files/1/0653/3470/6391/files/404022R-_2.webp?v=1757734084
8760700960983,"Right Rear Tire for Wood Chipper P4205, P4206, B150  ( SKU: 110601; 110602; 110800; 110801; 110802; 110803; 110804; 110805）",right-rear-tire-for-wood-chipper-p4205-p4206-b150-sku-110601-110602-110800-110801-110802-110803-110804-110805,MechMaxx,accessories,"01BBB, 0Tire, 110601, 110602, 110800, 110801, 110802, 110803, 110804, 110805, 5 in Wood Chipper Part, 6 in Wood Chipper Part, SMS",2025-09-09T07:16:45-07:00,2024-11-11T23:45:15-08:00,2026-07-20T11:17:46-07:00,404023R,89.99,,true,13154,https://cdn.shopify.com/s/files/1/0653/3470/6391/files/404023R-_2.webp?v=1763085430
9232358015191,Rotary table HV4 for SKU: 500200 | Model: VM18L SKU: 500201 | Model: VM18LD,rotary-table-hv4-for-sku-500200-model-vm18l-sku-500201-model-vm18ld,MechMaxx,accessories,"01BBB, 1030V, 500005, Metal Lathe Machine, Metalworking Machines part, Spare Parts",2026-04-02T08:10:33-07:00,2026-04-02T08:08:31-07:00,2026-07-20T11:17:46-07:00,485401,368.00,,true,9498,https://cdn.shopify.com/s/files/1/0653/3470/6391/files/485401_DSC08284_1_-01.webp?v=1775142472
9232359915735,Rotary table HV5 for SKU: 500202 | Model: VM25L SKU: 500203 | Model: VM25LD,rotary-table-hv5-for-sku-500202-model-vm25l-sku-500203-model-vm25ld,MechMaxx,accessories,"01BBB, 1030V, 500005, Metal Lathe Machine, Metalworking Machines part, Spare Parts",2026-04-02T08:16:12-07:00,2026-04-02T08:13:09-07:00,2026-07-20T11:17:46-07:00,485402,376.00,,true,12002,https://cdn.shopify.com/s/files/1/0653/3470/6391/files/485402_DSC08335-01.webp?v=1775142730
9232361980119,Rotary table HV6 for SKU: 500204 | Model: VM32L SKU: 500205 | Model: VM32LD,rotary-table-hv6-for-sku-500204-model-vm32l-sku-500205-model-vm32ld,MechMaxx,accessories,"01BBB, 1030V, 500005, Metal Lathe Machine, Metalworking Machines part, Spare Parts",2026-04-02T08:21:24-07:00,2026-04-02T08:18:43-07:00,2026-07-20T11:17:46-07:00,485403,388.00,,true,13998,https://cdn.shopify.com/s/files/1/0653/3470/6391/files/485403_DSC08355-01.webp?v=1775143070
9314833170647,"Round Brush with Connector for Industrial Vacuum Cleaner (for SKU: 202021, 202022, 202023)",round-brush-with-connector-for-industrial-vacuum-cleaner,MechMaxx,accessories,"0zs, 110V 1Phase Vacuum Cleaner, 202021, 202022, 202023, 230V 3Phase Vacuum Cleaner, 480V 3Phase Vacuum Cleaner, Janitorial & Cleaning, Vacuum Cleaners",2026-07-04T03:15:22-07:00,2026-07-01T20:26:10-07:00,2026-07-20T11:17:46-07:00,462012,49.99,59.99,true,318,https://cdn.shopify.com/s/files/1/0653/3470/6391/files/462012.webp?v=1783056953
9071973761239,Rubber Deflector for Wood Chipper TX1000 (SKU: 110701),rubber-deflector-for-wood-chipper-tx1000-sku-110701,MechMaxx,accessories,"01BBB, 110701, 8 in Wood Chipper Part, Accessories, SMS, Wood Chipper",2025-11-21T21:42:26-08:00,2025-10-20T02:32:09-07:00,2026-07-20T11:17:46-07:00,412114,49.99,99.98,true,4536,https://cdn.shopify.com/s/files/1/0653/3470/6391/files/412114.webp?v=1760952853
9136446243031,Rubber Mat and Rubber Curtain 3-Piece Set for Wood Chipper B200(SKU: 110810;110811),rubber-mat-and-rubber-curtain-3-piece-set-for-wood-chipper-b200,MechMaxx,accessories,"110810, 110811, B200",2026-01-09T22:05:29-08:00,2025-12-16T23:42:06-08:00,2026-07-20T11:17:46-07:00,412195,59.99,79.99,true,1814,https://cdn.shopify.com/s/files/1/0653/3470/6391/files/412191-1.webp?v=1767859398
9136442835159,Rubber Mat and Rubber Curtain 3-Piece Set for Wood Chipper GS1500 (SKU: 110200; 110200Y; 110200K),412192,MechMaxx,accessories,"110200, 110200k, 110200y, GS1500",2026-01-09T22:01:48-08:00,2025-12-16T23:18:27-08:00,2026-07-20T11:17:46-07:00,412192,59.99,79.99,true,1814,https://cdn.shopify.com/s/files/1/0653/3470/6391/files/412191-1.webp?v=1767859398
9136436707543,"Rubber Mat and Rubber Curtain 3-Piece Set for Wood Chipper P4206, B150( SKU: 110801;110802;110803;110804;110805)",412191,MechMaxx,accessories,"110801, 110802, 110803, 110804, 110805, B150, P4206",2026-01-09T21:41:36-08:00,2025-12-16T22:40:35-08:00,2026-07-20T11:17:46-07:00,412191,59.99,79.99,true,2268,https://cdn.shopify.com/s/files/1/0653/3470/6391/files/412191-1.webp?v=1767859398
8822741762263,Rubber Pad for TC Tire Changer (for SKU: 200001),rubber-pad-for-tc-tire-changer-for-sku-200001,MechMaxx,accessories,"01BBB, 0ZS, auto-parts, Automotive Equipments & Tools, SMS, Tire Changer Accessories & Parts, Tire Changers",2025-08-14T03:25:26-07:00,2025-01-26T18:30:06-08:00,2026-07-20T11:17:46-07:00,460003,39.99,45.99,true,1406,https://cdn.shopify.com/s/files/1/0653/3470/6391/files/DSC02121.webp?v=1737945002
8822745727191,"Rubber Pad for TC Tire Changer (for SKU: 200002, 200027, 200005)",rubber-pad-for-tc-tire-changers-for-sku-200002-200027-200005,MechMaxx,accessories,"01BBB, 0ZS, auto-parts, Automotive Equipments & Tools, SMS, Tire Changer Accessories & Parts, Tire Changers",2025-08-14T03:27:44-07:00,2025-01-26T19:04:23-08:00,2026-07-20T11:17:46-07:00,460015,39.99,45.99,true,1406,https://cdn.shopify.com/s/files/1/0653/3470/6391/files/DSC02143.webp?v=1737947054
8822850289879,"Rubber Pad for TC Tire Changer (for SKU: 200006, 200028)",rubber-pad-for-tc-tire-changer-for-sku-200006-200028,MechMaxx,accessories,"01BBB, 0ZS, auto-parts, Automotive Equipments & Tools, SMS, Tire Changer Accessories & Parts, Tire Changers",2025-08-14T03:32:22-07:00,2025-01-27T04:20:19-08:00,2026-07-20T11:17:46-07:00,460022,45.99,48.99,true,1905,https://cdn.shopify.com/s/files/1/0653/3470/6391/files/DSC01682.webp?v=1737980299
8822745268439,"Run Capacitor for TC Tire Changer (for SKU: 200001, 200002, 200027, 200005, 200006, 200028)",run-capacitor-for-tc-tire-changers-for-sku-200001-200002-200027-200005-200006-200028,MechMaxx,accessories,"01BBB, 0ZS, auto-parts, Automotive Equipments & Tools, NOV8-14, SMS, Tire Changer Accessories & Parts, Tire Changers",2025-11-07T22:04:03-08:00,2025-01-26T19:02:04-08:00,2026-07-20T11:17:46-07:00,460014,39.99,49.99,false,299,https://cdn.shopify.com/s/files/1/0653/3470/6391/files/DSC02543_9cda49f1-694f-4ae4-a424-2fad3623c98f.webp?v=1737946918
9030944751831,"Seat Assembly (for SKU: 150162, 150163, 150164, 201162, 201163, 201164)",seat-assembly,MechMaxx,accessories,"0zs, 150162, PTO Backhoes part, SMS, Tractor Implements & Attachments part",2026-02-04T23:49:28-08:00,2025-09-10T00:30:47-07:00,2026-07-20T11:17:46-07:00,461144,299.99,349.99,true,21591,https://cdn.shopify.com/s/files/1/0653/3470/6391/files/461144.webp?v=1768984343
9023412994263,Security Screws and Nuts for Hay Baler HB3120  (SKU: 150215）,security-screws-and-nuts-for-hay-baler-hb3120-sku-150215,MechMaxx,accessories,"01BBB, 150215, SMS",2025-09-18T02:28:52-07:00,2025-08-30T02:27:38-07:00,2026-07-20T11:17:46-07:00,410798,42.99,,true,227,https://cdn.shopify.com/s/files/1/0653/3470/6391/files/410798-3.webp?v=1756546081
9193017606359,"Segmented Clamp Bars Lengths: 0.98(25mm), 1.48(37.5mm), 2.07(52.5mm), 2.76(70mm), 5.51(140mm), 11.02(280mm) inch for SKU: 500001 | Model: MSMB1250E",segmented-clamp-bars-lengths-0-9825mm-1-4837-5mm-2-0752-5mm-2-7670mm-5-51140mm-11-02280mm-inch-for-sku-500001-model-msmb1250e,MechMaxx,accessories,"01BBB, 1030V, 500001, Drills & Mills part, Metal Lathe Machine, Metalworking Machines part, Spare Parts",2026-02-25T01:08:27-08:00,2026-02-24T22:57:57-08:00,2026-07-20T11:17:46-07:00,485321,192.00,,true,8001,https://cdn.shopify.com/s/files/1/0653/3470/6391/files/485321-2.webp?v=1771999742
9193007579351,"Segmented Clamp Bars: 0.98, 1.48, 2.07, 2.76, 5.51, 11.02 Inch Lengths for SKU: 500000 | Model: MSMB650E",segmented-clamp-bars-25-37-5-52-5-70-140-280mm-lengths-for-sku-500000-model-msmb650e,MechMaxx,accessories,"01BBB, 1030V, 500000, Drills & Mills part, Metal Lathe Machine, Metalworking Machines part, Spare Parts",2026-02-24T22:39:07-08:00,2026-02-24T22:13:55-08:00,2026-07-20T11:17:46-07:00,485301,192.00,,true,8001,https://cdn.shopify.com/s/files/1/0653/3470/6391/files/485301.webp?v=1771999742
9231940190423,"Set of 15 pcs Collets 1/16""-5/8"" mm, with Holder ER25 R8 (INCH TYPE) for SKU: 500200 | Model: VM18L SKU: 500201 | Model: VM18LD SKU: 500202 | Model: VM25L SKU: 500203 | Model: VM25LD SKU: 500204 | Model: VM32L SKU: 500205 | Model: VM32LD",set-of-15-pcs-collets-1-16-5-8-mm-with-holder-er25-r8-inch-type-for-sku-500200-model-vm18l-sku-500201-model-vm18ld-sku-500202-model-vm25l-sku-500203-model-vm25ld-sku-500204-model-vm32l-sku-500205-model-vm32ld,MechMaxx,accessories,"01BBB, 1030V, 500005, Metal Lathe Machine, Metalworking Machines part, Spare Parts",2026-04-02T02:06:50-07:00,2026-04-01T23:43:59-07:00,2026-07-20T11:17:46-07:00,485341,184.00,,false,2499,https://cdn.shopify.com/s/files/1/0653/3470/6391/files/485341_DSC08104-01.webp?v=1775120798
8822859202775,"Shaft Handle Switch Valve for TC Tire Changer (for SKU: 200006, 200028)",shaft-lock-valve-for-tc-tire-changers-for-sku-200006-200028,MechMaxx,accessories,"01BBB, 0ZS, auto-parts, Automotive Equipments & Tools, SMS, Tire Changer Accessories & Parts, Tire Changers",2025-08-14T03:35:02-07:00,2025-01-27T04:50:01-08:00,2026-07-20T11:17:46-07:00,460032,39.99,49.99,true,181,https://cdn.shopify.com/s/files/1/0653/3470/6391/files/DSC02232.webp?v=1737982059
8957785735383,Shipping Protection,shipping-protection-1,ShipWill,ShipWill,SMS,2025-07-01T00:10:40-07:00,2025-07-01T00:10:41-07:00,2026-07-20T11:17:46-07:00,400005,100.00,,true,0,https://cdn.shopify.com/s/files/1/0653/3470/6391/files/default3_d2e8acd3-9fe9-424b-9f53-996159ec3ce4.png?v=1751353843
9022717133015,Short Cylinder for Stump Grinder TSG61 ( SKU: 150152 ),410784,MechMaxx,accessories,"01BBB, 150152, SMS",2025-09-26T20:37:31-07:00,2025-08-29T00:17:22-07:00,2026-07-20T11:17:46-07:00,410784,159.99,,true,8618,https://cdn.shopify.com/s/files/1/0653/3470/6391/files/410784.webp?v=1756451879
9125539283159,"Short Sleeve Polo, Size 2XL",short-sleeve-size-xl-copy,MechMaxx,,"Apparel & Footwear, Sleeve, Tops",2025-12-03T17:25:24-08:00,2025-12-02T19:20:52-08:00,2026-07-20T11:17:46-07:00,410760-2XL,59.99,,true,590,https://cdn.shopify.com/s/files/1/0653/3470/6391/files/410760--_1.webp?v=1768462010
9125538955479,"Short Sleeve Polo, Size L",short-sleeve-size-l,MechMaxx,,,2025-12-03T17:25:22-08:00,2025-12-02T19:17:38-08:00,2026-07-20T11:17:46-07:00,410760-L,59.99,,true,590,https://cdn.shopify.com/s/files/1/0653/3470/6391/files/410760--_1.webp?v=1768462010
9111651909847,"Short Sleeve Polo, Size M",410760,MechMaxx,,,2025-12-03T17:25:08-08:00,2025-11-19T19:46:18-08:00,2026-07-20T11:17:46-07:00,410760-M,59.99,,true,590,https://cdn.shopify.com/s/files/1/0653/3470/6391/files/410760--_1.webp?v=1768462010
9125539184855,"Short Sleeve Polo, Size XL",short-sleeve-size-xl,MechMaxx,,,2025-12-03T17:25:23-08:00,2025-12-02T19:19:10-08:00,2026-07-20T11:17:46-07:00,410760-XL,59.99,,true,590,https://cdn.shopify.com/s/files/1/0653/3470/6391/files/410760--_1.webp?v=1768462010
7937781006551,"Skid Steer Backhoe 8ft Digging Depth, 16” Bucket Included,70°  Left/Right Swivel Rotation SBH50",mechmaxx-skid-steer-swivel-backhoe-attachment-95-67-digging-depth,MechMaxx,machine,"01AAA, 02E--series, _ClogA14, AAA15, BACKHOE, Backhoe attachment, MECHMAXX Brand, Skid Steer, SMS",2023-04-08T00:53:29-07:00,2023-03-29T00:56:39-07:00,2026-07-20T11:17:46-07:00,150107,5999.00,7999.00,false,771107,https://cdn.shopify.com/s/files/1/0653/3470/6391/products/DSC_8274.webp?v=1693971057
7937838121175,"Skid Steer Rotary Rock Picker Attachment 30"" Diameter Drum RSM-30",mechmaxx-30in-diameter-rotary-rock-picker,MechMaxx,machine,"01AAA, 02E--series, _ClogA14, AAA15, MECHMAXX Brand, Member-Only Deals, Rock Screening Machine, Skid Steer, SMS",2023-04-10T01:03:33-07:00,2023-03-29T01:54:13-07:00,2026-07-20T11:17:46-07:00,150128,1999.00,2999.00,false,360152,https://cdn.shopify.com/s/files/1/0653/3470/6391/files/RockScreeningMachine150128-5.webp?v=1699532862
9193016099031,Slotted Clamp Bar 25.6 inch for SKU: 500000 | Model: MSMB650E,full-length-clamp-bar-for-sku-500000-model-msmb650e-1,MechMaxx,accessories,"01BBB, 1030V, 500000, Drills & Mills part, Metal Lathe Machine, Metalworking Machines part, Spare Parts",2026-02-24T22:49:18-08:00,2026-02-24T22:46:38-08:00,2026-07-20T11:17:46-07:00,485303,280.00,,true,8999,https://cdn.shopify.com/s/files/1/0653/3470/6391/files/485303-3.webp?v=1771999742
9193045229783,Slotted Clamp Bar 47.24 Inch Long for SKU: 500001 | Model: MSMB1250E,slotted-clamp-bar-47-24-inch-long-for-sku-500001-model-msmb1250e,MechMaxx,accessories,"01BBB, 1030V, 500001, Drills & Mills part, Metal Lathe Machine, Metalworking Machines part, Spare Parts",2026-02-25T01:17:43-08:00,2026-02-25T01:14:41-08:00,2026-07-20T11:17:46-07:00,485323,448.00,,true,15998,https://cdn.shopify.com/s/files/1/0653/3470/6391/files/485323-3.webp?v=1771999741
8921230508247,SM-22 Trailer Combo Kit for 13' Track Length Sawmill,sm-22-trailer-combo-kit-for-13-track-length-sawmill,MechMaxx,accessories,"01BBB, AAA15, active, sales, sawmill, Sawmill accessories, Sawmill Trailer",2025-06-06T03:35:09-07:00,2025-05-29T01:09:35-07:00,2026-07-20T11:17:46-07:00,410719,999.00,1399.00,true,88904,https://cdn.shopify.com/s/files/1/0653/3470/6391/files/SM-22TrailerComboKit-_4.webp?v=1748506906
8598963355863,"SM-26 Trailer Primary Sub-Frame, 13' Track Length",primary-sub-frame-for-sawmill-trailer-13-track-length-compatible-for-sm-26,MechMaxx,accessories,"01BBB, AAA15, sawmill, Sawmill accessories, Sawmill Trailer",2024-06-24T01:07:53-07:00,2024-06-24T00:58:58-07:00,2026-07-20T11:17:46-07:00,1501664,649.00,899.00,true,230425,https://cdn.shopify.com/s/files/1/0653/3470/6391/files/15016741501664.webp?v=1745307481
8577768620247,"SM-26 Trailer Primary Sub-Frame, 20' Track Length",primary-sub-frame-for-sawmill-trailer-sm-26-sku-150166d6,MechMaxx,accessories,"01BBB, AAA15, sawmill, Sawmill accessories, Sawmill Trailer",2024-06-13T02:54:05-07:00,2024-06-13T01:05:59-07:00,2026-07-20T11:17:46-07:00,150166T6,799.00,1199.00,true,278052,https://cdn.shopify.com/s/files/1/0653/3470/6391/files/trailofsm36-_3_f8c274fb-869f-4c6d-b848-63d6b13129e0.webp?v=1730182165
8577792082135,SM-26; SM-32 Trailer Combo Kit (Trailer Hitch; Torsion Axle; Tire),mobility-combo-kit-for-sawmill,MechMaxx,accessories,"01BBB, 32 inch Sawmill, AAA15, sawmill, Sawmill accessories, Sawmill Trailer, SMS",2024-06-13T02:53:53-07:00,2024-06-13T01:13:53-07:00,2026-07-20T11:17:46-07:00,150166A,599.00,799.00,true,47627,https://cdn.shopify.com/s/files/1/0653/3470/6391/files/SM36-32-26-1.png?v=1730202394
8589374783703,"SM-32 Trailer Primary Sub-Frame, 13' Track Length",primary-sub-frame-for-sawmill-trailer-13-track-length-compatible-for-sm-32,MechMaxx,accessories,"01BBB, 32 inch Sawmill, AAA15, sawmill, Sawmill accessories, Sawmill Trailer",2024-06-20T00:20:48-07:00,2024-06-18T23:20:38-07:00,2026-07-20T11:17:46-07:00,1501674,749.00,999.00,true,237229,https://cdn.shopify.com/s/files/1/0653/3470/6391/files/15016741501664.webp?v=1745307481
8598953754839,"SM-32 Trailer Primary Sub-Frame, 20' Track Length",primary-sub-frame-for-sawmill-trailer-20-track-length-compatible-for-sm-32,MechMaxx,accessories,"01BBB, 32 inch Sawmill, AAA15, sawmill, Sawmill accessories, Sawmill Trailer",2024-06-25T20:50:50-07:00,2024-06-24T00:51:37-07:00,2026-07-20T11:17:46-07:00,1501676,899.00,1299.00,true,298464,https://cdn.shopify.com/s/files/1/0653/3470/6391/files/trailofsm36-_3_9e46ff39-91c6-4b26-a968-f598afc6bb2c.webp?v=1730182121
8599954489559,SM-36 Trailer Combo Kit (Trailer Hitch; Torsion Axle; Tire),mobility-combo-kit-for-sawmill-trailer-for-sm-36-150168-150168h,MechMaxx,accessories,"01BBB, AAA41, SMS",2024-09-03T01:43:35-07:00,2024-06-24T10:22:48-07:00,2026-07-20T11:17:46-07:00,150168A,599.00,,true,47627,https://cdn.shopify.com/s/files/1/0653/3470/6391/files/150168ATrailer.webp?v=1725351596
8690526290135,"SM-36 Trailer Primary Sub-Frame, 20' Track Length",primary-sub-frame-for-sawmill-trailer-20-track-length-compatible-for-sm-36,MechMaxx,accessories,"01BBB, AAA41, SMS",2024-09-03T01:43:36-07:00,2024-09-03T01:04:24-07:00,2026-07-20T11:17:46-07:00,1501686,1099.00,,true,346091,https://cdn.shopify.com/s/files/1/0653/3470/6391/files/1501686-_7.webp?v=1725593420
8771638198487,SM-36MAX; SM-36HMAX Trailer Combo Kit (Trailer Hitch; Torsion Axle; Tire),mobility-combo-kit-for-sawmill-trailer-sm-36max,MechMaxx,accessories,"01BBB, AAA15, active, sawmill, Sawmill accessories, Sawmill Trailer, SMS",2024-11-27T00:02:31-08:00,2024-11-26T23:55:15-08:00,2026-07-20T11:17:46-07:00,410716,599.00,,true,47627,https://cdn.shopify.com/s/files/1/0653/3470/6391/files/150168ATrailer.webp?v=1725351596
8771638460631,"SM-36MAX; SM-36HMAX Trailer Primary Sub-Frame, 20' Track Length",primary-sub-frame-for-sawmill-trailer-20-track-length-compatible-for-sm-36max-1,MechMaxx,accessories,"01BBB, AAA15, active, sawmill, Sawmill accessories, Sawmill Trailer",2024-11-27T00:02:42-08:00,2024-11-26T23:56:15-08:00,2026-07-20T11:17:46-07:00,410715,999.00,,true,346091,https://cdn.shopify.com/s/files/1/0653/3470/6391/files/1501686-_7.webp?v=1725593420
9114201489623,Small File Bucket,small-file-bucket,MechMaxx,accessories,"01BBB, 150151, 150151G, 150181, 150181G, 150182, 150182G, 150183, 150183G, 4 in Wood Chipper Part, 5 in Wood Chipper Part, 6 in Wood Chipper Part, 7 in Wood Chipper Part, 8 in Wood Chipper Part, File Bucket, SMS",2025-11-21T21:51:52-08:00,2025-11-20T23:17:39-08:00,2026-07-20T11:17:46-07:00,412144,39.99,49.99,true,454,https://cdn.shopify.com/s/files/1/0653/3470/6391/files/412144_ce9c9fac-b9b3-40e8-88a4-d84d6e362b44.webp?v=1763715300
9030944948439,"Snow Blower 3 Point Linkage Sets (for SKU: 201042, 201042T, 201015, 201015T, 201016, 201016T, 201043, 201043T)",snow-blower-3-point-linkage-sets,MechMaxx,accessories,"0zs, 201042, SMS, Snow Blower part, Tractor Implements & Attachments part",2026-02-04T23:49:28-08:00,2025-09-10T00:31:46-07:00,2026-07-20T11:17:46-07:00,461147,69.99,89.99,true,1814,https://cdn.shopify.com/s/files/1/0653/3470/6391/files/461147_cb21f667-93f4-48b3-b299-63297fe59424.webp?v=1769049674
8969963274455,"Snow Blower Discharge Chute & Deflector Liners (for SKU: 201042, 201042T, 201015, 201015T, 201016, 201016T, 201043, 201043T)",snow-blower-discharge-chute-deflector-liners,MechMaxx,accessories,"00Z, 01BBB, 0ZS, 201015, 201016, 201042, 201043, active, other spare part, SMS, Snow Blower, Tractor Implements & Attachments part",2025-11-13T23:23:05-08:00,2025-07-11T02:44:00-07:00,2026-07-20T11:17:46-07:00,461128,69.99,89.99,true,1179,https://cdn.shopify.com/s/files/1/0653/3470/6391/files/snow_blower_chute_2.webp?v=1763101619
8969962258647,"Snow Blower Hydraulic Chute Rotator Gear (for SKU: 201042, 201042T, 201015, 201015T, 201016, 201016T, 201043, 201043T)",snow-blower-hydraulic-chute-rotator-gear,MechMaxx,accessories,"00Z, 01BBB, 0ZS, 201015, 201016, 201042, 201043, active, other spare part, SMS, Snow Blower, Tractor Implements & Attachments part",2025-10-19T22:56:13-07:00,2025-07-11T02:35:31-07:00,2026-07-20T11:17:46-07:00,461047,44.99,54.99,false,399,https://cdn.shopify.com/s/files/1/0653/3470/6391/files/461047-2.webp?v=1757570726
8969959932119,"Snow Blower Lock Handle (for SKU: 201042, 201042T, 201015, 201015T, 201016, 201016T, 201043, 201043T)",snow-blower-handle,MechMaxx,accessories,"00Z, 01BBB, 0ZS, 201015, 201016, 201042, 201043, active, other spare part, SMS, Snow Blower, Tractor Implements & Attachments part",2025-10-19T22:56:14-07:00,2025-07-11T02:26:49-07:00,2026-07-20T11:17:46-07:00,461041,36.99,46.99,true,100,https://cdn.shopify.com/s/files/1/0653/3470/6391/files/461041-1.webp?v=1757570725
8969963077847,"Snow Blower Manual Chute Rotation Assembly with Mounting Hardware (for SKU: 201042, 201042T, 201015, 201015T, 201016, 201016T, 201043, 201043T)",snow-blower-manual-deflector-handle,MechMaxx,accessories,"00Z, 01BBB, 0ZS, 201015, 201016, 201042, 201043, active, other spare part, SMS, Snow Blower, Tractor Implements & Attachments part",2025-11-13T23:23:05-08:00,2025-07-11T02:41:25-07:00,2026-07-20T11:17:46-07:00,461126,89.99,109.99,true,2495,https://cdn.shopify.com/s/files/1/0653/3470/6391/files/snow_blower_manual_chute_rotation_assembly_2.webp?v=1763101538
8969961930967,"Snow Blower Manual Chute Rotator Crank (for SKU: 201042, 201042T, 201015, 201015T, 201016, 201016T, 201043, 201043T)",snow-blower-manual-chute-rotator-handle,MechMaxx,accessories,"00Z, 01BBB, 0ZS, 201015, 201016, 201042, 201043, active, other spare part, SMS, Snow Blower, Tractor Implements & Attachments part",2025-10-19T22:56:13-07:00,2025-07-11T02:34:26-07:00,2026-07-20T11:17:46-07:00,461046,44.99,54.99,false,299,https://cdn.shopify.com/s/files/1/0653/3470/6391/files/461046-1.webp?v=1757570725
8969960325335,"Snow Blower Manual Chute Rotator Gear (for SKU: 201042, 201042T, 201015, 201015T, 201016, 201016T, 201043, 201043T)",snow-blower-manual-chute-rotator-gear,MechMaxx,accessories,"00Z, 01BBB, 0ZS, 201015, 201016, 201042, 201043, active, other spare part, SMS, Snow Blower, Tractor Implements & Attachments part",2025-10-19T22:56:14-07:00,2025-07-11T02:28:56-07:00,2026-07-20T11:17:46-07:00,461042,44.99,54.99,true,499,https://cdn.shopify.com/s/files/1/0653/3470/6391/files/461042-2.webp?v=1757570726
8969960980695,"Snow Blower Manual Chute Rotator Hex Shaft (for SKU: 201042, 201042T, 201015, 201015T, 201016, 201016T, 201043, 201043T)",snow-blower-manual-chute-rotator-link-bar,MechMaxx,accessories,"00Z, 01BBB, 0ZS, 201015, 201016, 201042, 201043, active, other spare part, SMS, Snow Blower, Tractor Implements & Attachments part",2025-10-19T22:56:14-07:00,2025-07-11T02:30:40-07:00,2026-07-20T11:17:46-07:00,461043,39.99,49.99,true,100,https://cdn.shopify.com/s/files/1/0653/3470/6391/files/461043-2.webp?v=1757570726
8969961734359,"Snow Blower Manual Chute Rotator Link Bar (for SKU: 201042, 201042T, 201015, 201015T, 201016, 201016T, 201043, 201043T)",snow-blower-manual-chute-rotator-link-bar-2,MechMaxx,accessories,"00Z, 01BBB, 0ZS, 201015, 201016, 201042, 201043, active, other spare part, SMS, Snow Blower, Tractor Implements & Attachments part",2025-10-19T22:56:13-07:00,2025-07-11T02:33:26-07:00,2026-07-20T11:17:46-07:00,461045,39.99,49.99,true,200,https://cdn.shopify.com/s/files/1/0653/3470/6391/files/461045-1.webp?v=1757570725
8969961144535,"Snow Blower Manual Chute Rotator Universal Joint (for SKU: 201042, 201042T, 201015, 201015T, 201016, 201016T, 201043, 201043T)",snow-blower-manual-chute-rotator-cardan,MechMaxx,accessories,"00Z, 01BBB, 0ZS, 201015, 201016, 201042, 201043, active, other spare part, SMS, Snow Blower, Tractor Implements & Attachments part",2025-10-19T22:56:13-07:00,2025-07-11T02:31:39-07:00,2026-07-20T11:17:46-07:00,461044,39.99,49.99,true,200,https://cdn.shopify.com/s/files/1/0653/3470/6391/files/461044-2.webp?v=1760776314
8969959276759,"Snow Blower Roller Chain (for SKU: 201042, 201042T, 201015, 201015T, 201016, 201016T, 201043, 201043T)",snow-blower-roller-chain,MechMaxx,accessories,"00Z, 01BBB, 0ZS, 201015, 201016, 201042, 201043, active, other spare part, SMS, Snow Blower, Tractor Implements & Attachments part",2025-10-19T22:51:56-07:00,2025-07-11T02:22:49-07:00,2026-07-20T11:17:46-07:00,461037,59.99,69.99,true,2400,https://cdn.shopify.com/s/files/1/0653/3470/6391/files/461037-2.webp?v=1757570726
8969963176151,"Snow Blower Snow Shovel Assembly (for SKU: 201042, 201042T, 201015, 201015T, 201016, 201016T, 201043, 201043T)",snow-blower-snow-shovel-assembly,MechMaxx,accessories,"00Z, 01BBB, 0ZS, 201015, 201016, 201042, 201043, active, other spare part, SMS, Snow Blower, Tractor Implements & Attachments part",2025-11-13T23:23:05-08:00,2025-07-11T02:42:19-07:00,2026-07-20T11:17:46-07:00,461127,49.99,69.99,true,408,https://cdn.shopify.com/s/files/1/0653/3470/6391/files/snow_shovel_set_4.webp?v=1763101599
8969958162647,"Snow Blower Tensioner Gear Kit (for SKU: 201042, 201042T, 201015, 201015T, 201016, 201016T, 201043, 201043T)",tsb72-tensioner-gear,MechMaxx,accessories,"00Z, 01BBB, 0ZS, 201015, 201016, 201042, 201043, active, other spare part, SMS, Snow Blower, Tractor Implements & Attachments part",2025-10-19T22:51:56-07:00,2025-07-11T02:20:46-07:00,2026-07-20T11:17:46-07:00,461036,59.99,69.99,true,898,https://cdn.shopify.com/s/files/1/0653/3470/6391/files/461036-2.webp?v=1757570726
8875665096919,"Solenoid Valve for Mini Skid Steer STL1000, ( SKU: 101000 )",solenoid-valve-for-mini-skid-steer-stl1000-sku-101000,MechMaxx,accessories,"01BBB, 101000, AAA41, Accessories, active, SMS",2025-03-28T17:11:19-07:00,2025-03-27T20:55:53-07:00,2026-07-20T11:17:46-07:00,410513,172.99,,true,1361,https://cdn.shopify.com/s/files/1/0653/3470/6391/files/SolenoidValve-_1.webp?v=1743134316
9117302653143,"Solid State Relay for Model: 1700-B1, 1700-B2, 1600-C2, 1700-A1, 1700-A3(SKU:501014, 501015, 501018, 501016, 501020)",heater-relay-for-model-1700-b1-1700-b2-1600-c2-1700-a1-1700-a3sku-501014-501015-501018-501016-501020,MechMaxx,accessories,"01BBB, Advertising Equipments part, Laminating Machines part, other spare part, SMS",2025-11-25T19:08:19-08:00,2025-11-25T18:54:15-08:00,2026-07-20T11:17:46-07:00,486007,65.99,79.99,true,200,https://cdn.shopify.com/s/files/1/0653/3470/6391/files/486007.webp?v=1764126236
9018510213335,Spark Plug for B&S Vanguard 25V3 Engine,spark-plug-for-b-s-vanguard-25v3-engine,MechMaxx,accessories,"01BBB, 25V3, Accessories, engine parts, SMS",2025-09-24T20:27:00-07:00,2025-08-24T19:02:02-07:00,2026-07-20T11:17:46-07:00,400739,70.99,89.99,true,1361,https://cdn.shopify.com/s/files/1/0653/3470/6391/files/400711_3.webp?v=1743496934
8870436765911,Spark Plug for DUCAR DH212 Engine,spark-plug-for-ducar-dh212-engine,MechMaxx,accessories,"01BBB, Accessories, DH212, engine parts, SMS",2025-03-22T03:15:54-07:00,2025-03-22T02:19:34-07:00,2026-07-20T11:17:46-07:00,400703,48.99,65.99,true,1361,https://cdn.shopify.com/s/files/1/0653/3470/6391/files/SKU400703_1_f52e5ee0-bd39-4cc7-b7ea-7607179215b1.webp?v=1742635243
8872832565463,Spark Plug for DUCAR DH270 Engine,spark-plug-for-ducar-dh270-engine,MechMaxx,accessories,"01BBB, Accessories, DH270, engine parts, SMS",2025-03-28T00:10:06-07:00,2025-03-25T19:50:28-07:00,2026-07-20T11:17:46-07:00,400707,48.99,65.99,true,1361,https://cdn.shopify.com/s/files/1/0653/3470/6391/files/400707_1.webp?v=1742957520
8877955186903,Spark Plug for DUCAR DH420E Engine,spark-plug-for-ducar-dh420e-engine,MechMaxx,accessories,"01BBB, Accessories, DH420E, engine parts, SMS",2025-04-01T03:02:57-07:00,2025-04-01T01:41:33-07:00,2026-07-20T11:17:46-07:00,400711,48.99,65.99,true,1361,https://cdn.shopify.com/s/files/1/0653/3470/6391/files/400711_3.webp?v=1743496934
9018497007831,Spark Plug for HONDA GX200 Engine,spark-plug-for-honda-gx200-engine,MechMaxx,accessories,"01BBB, Accessories, engine parts, GX200, SMS",2025-09-24T20:27:00-07:00,2025-08-24T18:59:52-07:00,2026-07-20T11:17:46-07:00,400727,49.99,65.99,true,1361,https://cdn.shopify.com/s/files/1/0653/3470/6391/files/400711_3.webp?v=1743496934
9018499104983,Spark Plug for HONDA GX390 Engine,spark-plug-for-honda-gx390-engine,MechMaxx,accessories,"01BBB, Accessories, engine parts, GX390, SMS",2025-09-24T20:27:00-07:00,2025-08-24T19:00:18-07:00,2026-07-20T11:17:46-07:00,400731,67.99,85.99,true,1361,https://cdn.shopify.com/s/files/1/0653/3470/6391/files/400711_3.webp?v=1743496934
9018501791959,Spark Plug for HONDA GX690 Engine,spark-plug-for-honda-gx690-engine,MechMaxx,accessories,"01BBB, Accessories, engine parts, GX690, SMS",2025-09-24T20:27:00-07:00,2025-08-24T19:01:19-07:00,2026-07-20T11:17:46-07:00,400735,71.99,95.99,true,1361,https://cdn.shopify.com/s/files/1/0653/3470/6391/files/400711_3.webp?v=1743496934
9018523877591,Spark Plug for KOHLER CH440 Engine,spark-plug-for-kohler-ch440-engine,MechMaxx,accessories,"01BBB, Accessories, CH440, engine parts, SMS",2025-09-24T20:26:59-07:00,2025-08-24T19:02:38-07:00,2026-07-20T11:17:46-07:00,400743,62.99,85.99,true,1361,https://cdn.shopify.com/s/files/1/0653/3470/6391/files/400711_3.webp?v=1743496934
9018421346519,Spark Plug for ZONSEN GB1000 Engine,spark-plug-for-zonsen-gb1000-engine,MechMaxx,accessories,"01BBB, Accessories, engine parts, GB1000, SMS",2025-09-24T20:27:01-07:00,2025-08-24T18:48:16-07:00,2026-07-20T11:17:46-07:00,400723,51.99,65.99,true,1361,https://cdn.shopify.com/s/files/1/0653/3470/6391/files/400711_3.webp?v=1743496934
9018421280983,Spark Plug for ZONSEN GB460 Engine,spark-plug-for-zonsen-gb460-engine,MechMaxx,accessories,"01BBB, Accessories, engine parts, GB460, SMS",2025-09-24T20:27:01-07:00,2025-08-24T18:46:53-07:00,2026-07-20T11:17:46-07:00,400715,48.99,65.99,true,1361,https://cdn.shopify.com/s/files/1/0653/3470/6391/files/400711_3.webp?v=1743496934
9018421313751,Spark Plug for ZONSEN GB750 Engine,spark-plug-for-zonsen-gb750-engine,MechMaxx,accessories,"01BBB, Accessories, engine parts, GB750, SMS",2025-09-24T20:27:01-07:00,2025-08-24T18:47:37-07:00,2026-07-20T11:17:46-07:00,400719,51.99,65.99,true,1361,https://cdn.shopify.com/s/files/1/0653/3470/6391/files/400711_3.webp?v=1743496934
9071927230679,Spring Combination for Wood Chipper TX1000 (SKU: 110701),spring-combination-for-wood-chipper-tx1000-sku-110701,MechMaxx,accessories,"01BBB, 110701, 8 in Wood Chipper Part, Accessories, SMS, Wood Chipper",2026-01-10T00:47:34-08:00,2025-10-20T00:27:34-07:00,2026-07-20T11:17:46-07:00,412103,89.99,119.99,true,2722,https://cdn.shopify.com/s/files/1/0653/3470/6391/files/412103.webp?v=1760945283
9071975071959,Spring Latch for Wood Chipper TX1000 (SKU: 110701),spring-latch-for-wood-chipper-tx1000-sku-110701,MechMaxx,accessories,"01BBB, 110701, 8 in Wood Chipper Part, Accessories, SMS, Wood Chipper",2026-01-10T01:00:05-08:00,2025-10-20T02:42:42-07:00,2026-07-20T11:17:46-07:00,412115,49.99,65.99,true,454,https://cdn.shopify.com/s/files/1/0653/3470/6391/files/412115-1_2a0bfda5-dc6e-4766-998a-8d3f0541144c.webp?v=1761041498
9071975727319,Square Bearing Seat for Wood Chipper TX1000 (SKU: 110701),square-bearing-seat-for-wood-chipper-tx1000-sku-110701,MechMaxx,accessories,"01BBB, 110701, 8 in Wood Chipper Part, Accessories, SMS, Wood Chipper",2026-01-10T01:08:05-08:00,2025-10-20T02:49:53-07:00,2026-07-20T11:17:46-07:00,412118,89.99,119.99,true,6350,https://cdn.shopify.com/s/files/1/0653/3470/6391/files/412118.webp?v=1760953947
9314831040727,"Stainless Steel Duckhead (28 mm Hole Diameter) with 1 Set Plastic Inserts for TC Tire Changer (for SKU: 200006, 200028)",460075-stainless-steel-duckhead-28-mm-hole-diameter-for-tc-tire-changer,MechMaxx,accessories,"0zs, 200006, 200028, Automotive Equipments & Tools, Spare Parts, Tire Changer Accessories & Parts, Tire Changers",2026-07-05T19:35:16-07:00,2026-07-01T20:08:49-07:00,2026-07-20T11:17:46-07:00,460075,79.99,99.99,true,680,https://cdn.shopify.com/s/files/1/0653/3470/6391/files/IMG_1172_acd0c892-5225-4dbf-8074-cde62a951ce3.webp?v=1783055707
9314831007959,"Stainless Steel Duckhead (30 mm Hole Diameter) with 1 Set Plastic Inserts for TC Tire Changer (for SKU: 200001, 200002, 200027, 200005)",460074-stainless-steel-duckhead-30-mm-hole-diameter-for-tc-tire-changer,MechMaxx,accessories,"0zs, 200001, 200002, 200005, 200027, Automotive Equipments & Tools, Spare Parts, Tire Changer Accessories & Parts, Tire Changers",2026-07-05T19:35:16-07:00,2026-07-01T20:08:21-07:00,2026-07-20T11:17:46-07:00,460074,79.99,99.99,true,680,https://cdn.shopify.com/s/files/1/0653/3470/6391/files/IMG_1172_c0a0547b-860c-41bc-859a-5ad4787465da.webp?v=1783055636
9131465900247,Stand  For CB-65Slim(SKU:321009) – Optional Accessory,cb-65slimsku-321009-stand-optional-accessory,MechMaxx,,"01BBB, Clean Bench Accessories, Laboratory Equipment & Supplies part, Laminar Flow Air Clean Bench part",2026-02-02T06:01:58-08:00,2025-12-10T01:09:10-08:00,2026-07-20T11:17:46-07:00,482111,199.99,,true,13880,https://cdn.shopify.com/s/files/1/0653/3470/6391/files/482111_3.webp?v=1770093308
9131465965783,Stand  For CB-80Slim(SKU:321010) – Optional Accessory,cb-80slimsku-321010-stand-optional-accessory,MechMaxx,,"01BBB, Clean Bench Accessories, Laboratory Equipment & Supplies part, Laminar Flow Air Clean Bench part",2026-02-02T06:15:45-08:00,2025-12-10T01:09:43-08:00,2026-07-20T11:17:46-07:00,482112,249.99,,false,15195,https://cdn.shopify.com/s/files/1/0653/3470/6391/files/482112.webp?v=1770093233
8822745006295,"Start Capacitor for TC Tire Changer (for SKU: 200001, 200002, 200027, 200005, 200006, 200028)",start-capacitor-for-tc-tire-changers-for-sku-200001-200002-200027-200005-200006-200028,MechMaxx,accessories,"01BBB, 0ZS, auto-parts, Automotive Equipments & Tools, NOV8-14, SMS, Tire Changer Accessories & Parts, Tire Changers",2025-11-07T22:04:04-08:00,2025-01-26T18:59:44-08:00,2026-07-20T11:17:46-07:00,460013,39.99,49.99,true,299,https://cdn.shopify.com/s/files/1/0653/3470/6391/files/DSC02555.webp?v=1737946947
8771631382743,"Stationary Electric Hydraulic Parallel Double Scissor Lift Table 3300lb Capacity,  108.3"" x 31.5"" Platform,  33.9"" Lift Height,  UL Certified Motor,  ELT33P",stationary-electric-hydraulic-lift-table-2200lb-capacity-platform-size108-3-x-31-5-height70-1,MechMaxx,forbidliftgate,"00C, 00renew, 01AAA, 02H-series, 3300lbs Electric Stationary Lift Tables, _ClogA08, AAA30, active, blackfriday, coupon, Electric Stationary Lift Table, Lift table, Material Handling Equipments, MECHMAXX Brand, New Products, sales, SMS",2024-12-25T00:27:59-08:00,2024-11-26T23:37:59-08:00,2026-07-20T11:17:46-07:00,310008,4699.00,4599.00,true,649998,https://cdn.shopify.com/s/files/1/0653/3470/6391/files/sku310008.webp?v=1742348254
8771634069719,"Stationary Electric Hydraulic Parallel Double Scissor Lift Table 6600lb Capacity,  112.9"" x 39.4""Platform,  34.3""Lift Height, UL Certified Motor,  ELT66P",stationary-electric-hydraulic-lift-table-6600lb-capacity-platform-size112-9-x-39-4-height34-3,MechMaxx,forbidliftgate,"00C, 00renew, 01AAA, 02H-series, 6600lbs Electric Stationary Lift Tables, _ClogA08, AAA30, active, blackfriday, coupon, Electric Stationary Lift Table, Lift table, Material Handling Equipments, MECHMAXX Brand, New Products, sales, SMS",2024-12-25T00:28:00-08:00,2024-11-26T23:48:03-08:00,2026-07-20T11:17:46-07:00,310009,5199.00,4999.00,true,843682,https://cdn.shopify.com/s/files/1/0653/3470/6391/files/sku310009.webp?v=1742348295
9141772288215,"STIHL Chainsaw Chain for Log Splitter Processor with Conveyor HLS20, 0.325” 66/1.5 (SKU: 150244; 150245)",chainsaw-chain-for-log-splitter-processor-with-conveyor-hls20-sku-150244-150245,MechMaxx,accessories,"01BBB, 150244, 150245, Lawn & Garden Part, Log Splitters Part, SMS, Woodworking Machinery part",2025-12-26T01:09:03-08:00,2025-12-25T19:29:21-08:00,2026-07-20T11:17:46-07:00,412197,79.99,109.99,true,454,https://cdn.shopify.com/s/files/1/0653/3470/6391/files/412197.webp?v=1766731618
8965443584215,Storage Stand For Metal Lathe Machine 0831 Serial （SKU:500003）(SKU:500004),stand-for-metal-lathe-machine-0831-serial-sku-500003-sku-500004,MechMaxx,accessories,"01AAA, coupon, MECHMAXX Brand, Metal Lathe Machine Stand, Metalworking Machines, SMS, Stand & Accessories",2025-07-08T18:50:24-07:00,2025-07-07T23:49:23-07:00,2026-07-20T11:17:46-07:00,510001A,369.00,399.00,true,24948,https://cdn.shopify.com/s/files/1/0653/3470/6391/files/0831stand-02.webp?v=1754880206
9102914715863,Storage Stand For Metal Lathe Machine 1022 Serial （SKU:500014）(SKU:500015),storage-stand-for-metal-lathe-machine-1022-serial-sku-500014-sku-500015,MechMaxx,accessories,"01AAA, coupon, MECHMAXX Brand, Metal Lathe Machine Stand, Metalworking Machines, SMS, Stand & Accessories",2025-11-20T07:20:50-08:00,2025-11-10T21:58:39-08:00,2026-07-20T11:17:46-07:00,510011A,449.00,528.00,true,24948,https://cdn.shopify.com/s/files/1/0653/3470/6391/files/510011_1022V_Serial_Stand-4.webp?v=1763652041
8966446514391,Storage Stand For Metal Lathe Machine 1030 Serial （SKU:500005）(SKU:500006)（SKU：500101））without Oiltray,storage-stand-for-metal-lathe-machine-1030-serial-sku-500005-sku-500006-sku-500101,MechMaxx,accessories,"01AAA, coupon, MECHMAXX Brand, Metal Lathe Machine Stand, Metalworking Machines, SMS, Stand & Accessories",2025-07-08T18:52:17-07:00,2025-07-08T18:52:16-07:00,2026-07-20T11:17:46-07:00,510003A,419.00,439.00,true,36741,https://cdn.shopify.com/s/files/1/0653/3470/6391/files/1030stand-R_3.jpg?v=1755066722
8966750929111,Storage Stand For Metal Lathe Machine 1130 Serial （SKU:500007）(SKU:500008) (SKU:500102) Without Oiltray,storage-stand-for-metal-lathe-machine-1130-serial-sku-500007-sku-500008-sku-500102,MechMaxx,accessories,"01AAA, coupon, MECHMAXX Brand, Metal Lathe Machine Stand, Metalworking Machines, SMS, Stand & Accessories",2025-07-09T00:19:55-07:00,2025-07-09T00:19:54-07:00,2026-07-20T11:17:46-07:00,510005A,469.00,499.00,true,38102,https://cdn.shopify.com/s/files/1/0653/3470/6391/files/stand1130_7.jpg?v=1754966880
9112307302615,Storage Stand For Metal Lathe Machine 1337GN 1337G4 Serial （SKU:500011）(SKU:500012) Without Oiltray,storage-stand-for-metal-lathe-machine-1337gn-1337g4-serial-sku-500011-sku-500012-without-oiltray,MechMaxx,machine,"01AAA, coupon, MECHMAXX Brand, Metal Lathe Machine Stand, Metalworking Machines, SMS, Stand & Accessories",2025-11-20T07:14:41-08:00,2025-11-20T05:34:51-08:00,2026-07-20T11:17:46-07:00,510007A,469.00,499.00,true,182616,https://cdn.shopify.com/s/files/1/0653/3470/6391/files/510007A_1337GN_1337G4.webp?v=1763645994
8760693162199,"Stump Grinder Attachment for Skid Steer Loader With 34 Carbide Teeth, 18-23 GPM, SG61",150501-skid-steer-stump-grinder,MechMaxx,machine,"00renew, 01AAA, 02E--series, _ClogA14, AAA15, AAA15skid, active, bfsales1, bfsales1-1127, blackfriday, coupon, MECHMAXX Brand, sales, Skid Steer, Skid Steer Stump Grinder, SMS",2024-11-19T00:27:45-08:00,2024-11-11T23:21:16-08:00,2026-07-20T11:17:46-07:00,150501,2999.00,3499.00,true,340194,https://cdn.shopify.com/s/files/1/0653/3470/6391/files/Skidsteerstumpgrinder-_1.webp?v=1731987444
8260520476887,Stump Grinder Cover for SGR1500; SG380 (SKU: 130200; 130300; 130400）,sheet-for-stump-grinder-sku-130200-130300-130400,MechMaxx,accessories,"01BBB, 130200, 130300, 130400, Accessories, cover, cover4 gas stump grinder, Gas Stump Grinder, SMS",2024-03-20T22:39:13-07:00,2024-01-30T22:33:19-08:00,2026-07-20T11:17:46-07:00,410400,69.99,79.99,true,1361,https://cdn.shopify.com/s/files/1/0653/3470/6391/files/410400_Stump_Grinder.webp?v=1725435412
9030940066007,"Suction Oil Filter Assembly (for SKU: 150162, 150163, 150164, 201162, 201163, 201164)",suction-oil-filter-assembly,MechMaxx,accessories,"0zs, 150162, filter, PTO Backhoes part, SMS, Tractor Implements & Attachments part",2026-02-04T23:49:30-08:00,2025-09-10T00:28:59-07:00,2026-07-20T11:17:46-07:00,461140,59.99,79.99,true,499,https://cdn.shopify.com/s/files/1/0653/3470/6391/files/461140_1.webp?v=1768984343
9076462846167,Swing cylinder for VAM Mowers (SKU: 150143; 150143G; 150144; 150144G; 150145）,tilting-cylinder-for-vam-mowers-150143-150144-150145,MechMaxx,accessories,"01BBB, 150143, 150144, 150145, Accessories, SMS",2025-10-24T23:41:31-07:00,2025-10-24T23:15:21-07:00,2026-07-20T11:17:46-07:00,412083,159.99,195.99,true,7031,https://cdn.shopify.com/s/files/1/0653/3470/6391/files/412083_69d1e986-d504-456d-83da-674e228bc923.webp?v=1761376608
8822743531735,"Switch Torsion Spring for TC Tire Changer (for SKU: 200001, 200002, 200027, 200005)",switch-spring-for-tc-tire-changers-for-sku-200001-200002-200027-200005,MechMaxx,accessories,"01BBB, 0ZS, auto-parts, Automotive Equipments & Tools, SMS, Tire Changer Accessories & Parts, Tire Changers",2025-08-14T03:25:25-07:00,2025-01-26T18:40:43-08:00,2026-07-20T11:17:46-07:00,460006,33.99,43.99,true,91,https://cdn.shopify.com/s/files/1/0653/3470/6391/files/DSC02465.webp?v=1737945586
8822852813015,"Switch Torsion Spring for TC Tire Changer (for SKU: 200006, 200028)",switch-spring-for-tc-tire-changers-for-sku-200006-200028,MechMaxx,accessories,"01BBB, 0ZS, auto-parts, Automotive Equipments & Tools, SMS, Tire Changer Accessories & Parts, Tire Changers",2025-08-14T03:32:21-07:00,2025-01-27T04:31:14-08:00,2026-07-20T11:17:46-07:00,460025,33.99,43.99,true,91,https://cdn.shopify.com/s/files/1/0653/3470/6391/files/DSC02764.webp?v=1737980825
9030931972311,"Swivel Weldment Lock Pin (for SKU: 150162, 150163, 150164, 201162, 201163, 201164)",swivel-weldment-lock-pin,MechMaxx,accessories,"0zs, 150162, PTO Backhoes part, SMS, Tractor Implements & Attachments part",2026-02-04T23:48:18-08:00,2025-09-10T00:26:13-07:00,2026-07-20T11:17:46-07:00,461134,44.99,64.99,true,408,https://cdn.shopify.com/s/files/1/0653/3470/6391/files/461134.webp?v=1768984343
9020057878743,Taillight for Conveyor(SKU: 150301; 150302）,taillight-for-conveyorsku-150301-150302,MechMaxx,accessories,"01BBB, 150301, 150302, other spare part, SMS",2025-08-28T02:15:38-07:00,2025-08-25T19:35:00-07:00,2026-07-20T11:17:46-07:00,410729,75.99,,true,907,https://cdn.shopify.com/s/files/1/0653/3470/6391/files/410729-_5.webp?v=1756286964
9130777149655,Tailplane Lock for MEC10  ( SKU: 150530),tailplane-lock-for-mec10-sku-150530,MechMaxx,accessories,"01BBB, 150530, Accessories, active, Mini Excavator Spare Parts, SMS",2025-12-12T00:03:24-08:00,2025-12-09T01:24:32-08:00,2026-07-20T11:17:46-07:00,412175,59.99,,true,454,https://cdn.shopify.com/s/files/1/0653/3470/6391/files/412175-2.webp?v=1765272292
9141829370071,Tandem Pump for Log Splitter Processor with Conveyor HLS20 (SKU: 150244; 150245),tandem-pump-for-log-splitter-processor-with-conveyor-hls20-sku-150244-150245,MechMaxx,accessories,"150244, 150245, Lawn & Garden Part, Log Splitters Part, Spare Parts, Woodworking Machinery part",2026-02-03T22:15:16-08:00,2025-12-26T01:24:35-08:00,2026-07-20T11:17:46-07:00,412204,299.99,399.99,true,5897,https://cdn.shopify.com/s/files/1/0653/3470/6391/files/sku412204.webp?v=1766741100
9143802757335,Tapered Bushing Pulley for B200 Honda Engine (SKU: 110811),tapered-bushing-pulley-for-b200-honda-engine,MechMaxx,accessories,"110811, Spare Parts",2026-03-20T01:13:31-07:00,2025-12-31T01:10:10-08:00,2026-07-20T11:17:46-07:00,412180,89.99,99.99,true,6804,https://cdn.shopify.com/s/files/1/0653/3470/6391/files/412180-_1.webp?v=1773994404
9114457538775,test product,test,MechMaxx,,,2026-05-13T14:12:16-07:00,2025-11-21T02:20:21-08:00,2026-07-20T11:17:46-07:00,,0.00,,false,0,
9087307251927,"Three-Rod Auger for Mini Compact Excavator MEC17, MEC17PRO (SKU: 150533; 150534）",three-rod-auger-for-mini-compact-excavator-mec17-sku-150533-150534,MechMaxx,machine,"01AAA, 02K-series, 150533, 150534, _ClogA11, active, Excavator Auger, Mini Excavator Attachments, SMS",2025-11-05T04:42:32-08:00,2025-10-31T00:16:51-07:00,2026-07-20T11:17:46-07:00,150550,1099.00,1429.00,true,102965,https://cdn.shopify.com/s/files/1/0653/3470/6391/files/150550-_1.webp?v=1761895026
9030962839767,Thumb Throttle for Electric Mini Dumper E50; EH50 ( SKU: 101200; 101200Y;101201R;101201 ),thumb-throttle-for-electric-mini-dumper-e50-eh50-sku-101200-101200y-101201r-101201,MechMaxx,accessories,"01BBB, 101200, 101201, SMS",2025-09-23T05:04:48-07:00,2025-09-10T01:35:24-07:00,2026-07-20T11:17:46-07:00,412055,52.99,,true,454,https://cdn.shopify.com/s/files/1/0653/3470/6391/files/412055-_2.webp?v=1757657584
9232344547543,Tilt & Swivel Milling Vise QKH100MM for SKU: 500202 | Model: VM25L SKU: 500203 | Model: VM25LD,tilt-swivel-milling-vise-qkh100mm-for-sku-500202-model-vm25l-sku-500203-model-vm25ld,MechMaxx,accessories,"01BBB, 1030V, 500005, Metal Lathe Machine, Metalworking Machines part, Spare Parts",2026-04-02T08:00:26-07:00,2026-04-02T07:37:23-07:00,2026-07-20T11:17:46-07:00,485391,184.00,,true,14601,https://cdn.shopify.com/s/files/1/0653/3470/6391/files/485391_DSC08925.webp?v=1775140331
9232354148567,Tilt & Swivel Milling Vise QKH125MM for SKU: 500204 | Model: VM32L SKU: 500205 | Model: VM32LD,tilt-swivel-milling-vise-qkh125mm-for-sku-500204-model-vm32l-sku-500205-model-vm32ld,MechMaxx,accessories,"01BBB, 1030V, 500005, Metal Lathe Machine, Metalworking Machines part, Spare Parts",2026-04-02T08:05:17-07:00,2026-04-02T08:01:07-07:00,2026-07-20T11:17:46-07:00,485392,260.00,,true,21201,https://cdn.shopify.com/s/files/1/0653/3470/6391/files/485392_DSC08941.webp?v=1775142319
8822855205079,"Tilt Valve for TC Tire Changer (for SKU: 200006, 200028)",tilt-valve-for-tc-tire-changers-for-sku-200006-200028,MechMaxx,accessories,"01BBB, 0ZS, auto-parts, Automotive Equipments & Tools, SMS, Tire Changer Accessories & Parts, Tire Changers",2025-08-14T03:32:21-07:00,2025-01-27T04:40:43-08:00,2026-07-20T11:17:46-07:00,460028,39.99,49.99,true,318,https://cdn.shopify.com/s/files/1/0653/3470/6391/files/DSC02772.webp?v=1737981540
9087308988631,"Tilting Bucket for Mini Compact Excavator MEC17, MEC17PRO (SKU: 150533; 150534）",tilting-bucket-for-mini-compact-excavator-mec17-sku-150533-150534,MechMaxx,accessories,"01AAA, 02K-series, 150533, 150534, _ClogA11, active, Excavator Tilt Bucket, Mini Excavator Attachments, SMS",2025-11-05T02:17:39-08:00,2025-10-31T00:25:46-07:00,2026-07-20T11:17:46-07:00,150551,599.00,779.00,true,57153,https://cdn.shopify.com/s/files/1/0653/3470/6391/files/150551-_1.webp?v=1761895512
9076460716247,Tilting Cylinder for VAM Mowers (SKU: 150143;150143G; 150144; 150144G; 150145）,tilting-cylinder-for-vam-mowers-sku-150143-150144-150145,MechMaxx,accessories,"01BBB, 150143, 150144, 150145, Accessories, SMS",2025-10-24T23:41:31-07:00,2025-10-24T23:03:47-07:00,2026-07-20T11:17:46-07:00,412082,159.99,195.99,false,7031,https://cdn.shopify.com/s/files/1/0653/3470/6391/files/412082.webp?v=1761373924
9114204405975,"Tire Connecting Rod Accessories for Hay Rake Tedder, HT100 (SKU: 150217)",tire-connecting-rod-accessories-for-hay-rake-tedder-ht100-sku-150217,MechMaxx,accessories,"01BBB, 150217, other spare part, SMS",2025-12-03T18:32:15-08:00,2025-11-20T23:19:03-08:00,2026-07-20T11:17:46-07:00,412096,49.99,,true,454,https://cdn.shopify.com/s/files/1/0653/3470/6391/files/412096-_1.webp?v=1764660372
9114245529815,"Tire for Hay Rake Tedder, HT100 (SKU: 150217)",tire-for-hay-rake-tedder-ht100-sku-150217,MechMaxx,accessories,"01BBB, 150217, other spare part, SMS",2025-12-03T18:32:15-08:00,2025-11-20T23:45:18-08:00,2026-07-20T11:17:46-07:00,412095,79.99,,true,4990,https://cdn.shopify.com/s/files/1/0653/3470/6391/files/412095-_1.webp?v=1764659732
9253411913943,Tire for Heavy-Duty Dump Trailer (SKU: 150255; 150256),412211,MechMaxx,accessories,"150255, Spare Parts",2026-04-29T02:55:08-07:00,2026-04-29T02:33:11-07:00,2026-07-20T11:17:46-07:00,412211,169.99,,true,13154,https://cdn.shopify.com/s/files/1/0653/3470/6391/files/412211.webp?v=1777456209
8760701321431,Tire for Mini Trencher TCR650 TCR1500 ( SKU: 120100; 120200; 120200R; 120201; 120201R）,tire-for-mini-trencher-tcr1500-sku-120200-120200r-120201-120201r,MechMaxx,accessories,"01BBB, 0Tire, 120100, 120200, 120201, SMS",2025-09-09T07:16:44-07:00,2024-11-11T23:46:56-08:00,2026-07-20T11:17:46-07:00,404027,79.99,,true,13154,https://cdn.shopify.com/s/files/1/0653/3470/6391/files/404027-_1.webp?v=1757755660
9002657480919,Top Cover Kit for WB855 Wheel Balancer (for SKU:200009),top-cover-kit-for-wb855-wheel-balacner,MechMaxx,accessories,"01BBB, 0ZS, auto-parts, Automotive Equipments & Tools, NOV8-14, SMS, Wheel Balancer Accessories & Parts, Wheel Balancers",2025-11-07T22:07:22-08:00,2025-08-05T07:49:31-07:00,2026-07-20T11:17:46-07:00,460047,179.99,209.99,true,4990,https://cdn.shopify.com/s/files/1/0653/3470/6391/files/wheelbalanceraccessories_4.webp?v=1755148342
9002659348695,Top Cover Kit for WB857 Wheel Balancer (for SKU: 200010),top-cover-kit-for-wb857-wheel-balacner,MechMaxx,accessories,"01BBB, 0zs, auto-parts, Automotive Equipments & Tools, NOV8-14, SMS, Wheel Balancer Accessories & Parts, Wheel Balancers",2025-11-07T22:07:22-08:00,2025-08-05T07:51:09-07:00,2026-07-20T11:17:46-07:00,460048,159.99,189.99,true,4082,https://cdn.shopify.com/s/files/1/0653/3470/6391/files/wheelbalanceraccessories_5.webp?v=1755148403
9314832023767,"Trapezoidal V-Ditching Bucket without Pins, 2-Carbon Steel Teeth (for SKU: 150162, 150163, 150164, 201162, 201163, 201164)",461163-trapezoidal-v-ditching-bucket-2-carbon-steel-teeth,MechMaxx,accessories,"0zs, 150162, 150163, 150164, 201162, 201163, 201164, PTO Backhoes part, Tractor Implements & Attachments part",2026-07-11T03:21:10-07:00,2026-07-01T20:17:55-07:00,2026-07-20T11:17:46-07:00,461163,489.99,689.99,true,67993,https://cdn.shopify.com/s/files/1/0653/3470/6391/files/DSC07810_60581073-f686-4568-9abc-124963e1ba08.webp?v=1783056263
8875768709335,"Triple Switch for Mini Skid Steer STL1000, ( SKU: 101000 )",triple-switch-for-mini-skid-steer-stl1000-sku-101000,MechMaxx,accessories,"01BBB, 101000, AAA41, Accessories, active, SMS",2025-03-28T17:11:19-07:00,2025-03-27T23:46:13-07:00,2026-07-20T11:17:46-07:00,410518,60.99,,true,1361,https://cdn.shopify.com/s/files/1/0653/3470/6391/files/TripleSwitch-_1.webp?v=1743144615
8566028599511,"Truck Cone Kit for WB Wheel Balancer (for SKU: 200009, 200010)",truck-cone-kit-for-wb-wheel-balancers-sku-200009-200010,MechMaxx,accessories,"00Z, 01BBB, 0ZS, AAA20, Accessories, auto-parts, Automotive Equipment & Tools, SMS, Vehicle Equipment & Tools, Vehicle Parts, Wheel balancer, Wheel Balancer Accessories & Parts",2024-06-19T20:12:13-07:00,2024-06-07T00:54:17-07:00,2026-07-20T11:17:46-07:00,200022,129.99,249.00,true,6804,https://cdn.shopify.com/s/files/1/0653/3470/6391/files/200022-_2.webp?v=1718936387
8895421219031,Tubular&Bent Beam Structure Mounting Bracket-Optional Accessory for Installation,bent-structure-mounting-bracket-for-ceiling-fan-optional-accessory-for-installation,MechMaxx,accessories,"01BBB, 330001, 330002, 330003, 330004, 330005, 330006, 330007, 330008, Ceiling Fans Optional Accessory, HVLS Industrial Ceiling Fan Accessories, other spare part, SMS",2025-05-07T20:01:45-07:00,2025-04-25T21:08:17-07:00,2026-07-20T11:17:46-07:00,483304,149.99,,false,24040,https://cdn.shopify.com/s/files/1/0653/3470/6391/files/3_1.webp?v=1747295618
9228593987799,Turning tools 10*10 set 7 pcs for SKU: 500003 | Model: 0831V  SKU: 500004 | Model: 0831VD,turning-tools-10-10-set-7-pcs-for-sku-500003-model-0831v-sku-500004-model-0831vd,MechMaxx,accessories,"01BBB, 1030V, 500005, Metal Lathe Machine, Metalworking Machines part, Spare Parts",2026-03-30T00:50:48-07:00,2026-03-30T00:27:13-07:00,2026-07-20T11:17:46-07:00,485021,84.00,,false,798,https://cdn.shopify.com/s/files/1/0653/3470/6391/files/485021.webp?v=1774856209
9228701073623,Turning tools 12*12 set 7 pcs for SKU: 500005 | Model: 1030V SKU: 500006 | Model: 1030VD SKU: 500007 | Model: 1130V SKU: 500008 | Model: 1130VD SKU: 500014 | Model: 1022V SKU: 500015 | Model: 1022VD,turning-tools-12-12-set-7-pcs-for-sku-500005-model-1030v-sku-500006-model-1030vd-sku-500007-model-1130v-sku-500008-model-1130vd-sku-500014-model-1022v-sku-500015-model-1022vd,MechMaxx,accessories,"01BBB, 1030V, 500005, Metal Lathe Machine, Metalworking Machines part, Spare Parts",2026-03-30T07:25:24-07:00,2026-03-30T07:02:48-07:00,2026-07-20T11:17:46-07:00,485022,88.00,,true,798,https://cdn.shopify.com/s/files/1/0653/3470/6391/files/485022-10.webp?v=1774880726
8822744744151,Turntable Cylinder for TC Tire Changer (for SKU: 200001),turntable-cylinder-for-tc-tire-changer-for-sku-200001,MechMaxx,accessories,"01BBB, 0ZS, auto-parts, Automotive Equipments & Tools, NOV8-14, SMS, Tire Changer Accessories & Parts, Tire Changers",2025-11-07T22:04:04-08:00,2025-01-26T18:54:51-08:00,2026-07-20T11:17:46-07:00,460011,79.99,99.99,true,2722,https://cdn.shopify.com/s/files/1/0653/3470/6391/files/DSC02517.webp?v=1737946445
8822847930583,"Turntable Cylinder for TC Tire Changer (for SKU: 200002, 200027, 200005)",turntable-cylinder-for-tc-tire-changer-for-sku-200002-200027-200005,MechMaxx,accessories,"01BBB, 0ZS, auto-parts, Automotive Equipments & Tools, NOV8-14, SMS, Tire Changer Accessories & Parts, Tire Changers",2025-11-07T22:04:03-08:00,2025-01-27T04:08:20-08:00,2026-07-20T11:17:46-07:00,460019,82.99,102.99,true,2722,https://cdn.shopify.com/s/files/1/0653/3470/6391/files/DSC02255.webp?v=1737979543
8822856876247,"Turntable Cylinder for TC Tire Changer (for SKU: 200006, 200028)",turntable-cylinder-for-tc-tire-changers-for-sku-200006-200028,MechMaxx,accessories,"01BBB, 0ZS, auto-parts, Automotive Equipments & Tools, NOV8-14, SMS, Tire Changer Accessories & Parts, Tire Changers",2025-11-07T22:04:02-08:00,2025-01-27T04:44:34-08:00,2026-07-20T11:17:46-07:00,460030,79.99,99.99,true,2722,https://cdn.shopify.com/s/files/1/0653/3470/6391/files/DSC02150.webp?v=1737981839
8822743859415,"Turntable Valve for TC Tire Changer (for SKU: 200001, 200002, 200027, 200005)",turntable-valve-for-tc-tire-changers-for-sku-200001-200002-200027-200005,MechMaxx,accessories,"01BBB, 0ZS, auto-parts, Automotive Equipments & Tools, SMS, Tire Changer Accessories & Parts, Tire Changers",2025-08-14T03:25:25-07:00,2025-01-26T18:48:46-08:00,2026-07-20T11:17:46-07:00,460008,39.99,49.99,true,181,https://cdn.shopify.com/s/files/1/0653/3470/6391/files/DSC02582.webp?v=1737946063
8822854648023,"Turntable Valve for TC Tire Changer (for SKU: 200006, 200028)",turntable-valve-for-tc-tire-changers-for-sku-200006-200028,MechMaxx,accessories,"01BBB, 0ZS, auto-parts, Automotive Equipments & Tools, SMS, Tire Changer Accessories & Parts, Tire Changers",2025-08-14T03:32:21-07:00,2025-01-27T04:37:54-08:00,2026-07-20T11:17:46-07:00,460027,39.99,49.99,true,318,https://cdn.shopify.com/s/files/1/0653/3470/6391/files/DSC02246.webp?v=1737981426
9250606874839,UPGRADE to Peace of Mind Service : Delivery Appointment & Shipping Protection,upgrade-to-peace-of-mind-service-delivery-appointment-shipping-protection,ShipWill,accessories,SMS,2026-04-27T02:18:52-07:00,2026-04-27T02:13:31-07:00,2026-07-20T11:17:46-07:00,400005,100.00,,true,0,https://cdn.shopify.com/s/files/1/0653/3470/6391/files/default3.png?v=1750494461
8946805407959,Upgrade to Peace of Mind Service: Delivery Appointment & Shipping Protection,shipping-protection,ShipWill,accessories,SMS,2026-04-27T02:37:32-07:00,2025-06-20T23:36:22-07:00,2026-07-20T11:17:46-07:00,400005,100.00,,true,0,https://cdn.shopify.com/s/files/1/0653/3470/6391/files/default3.png?v=1750494461
8869672911063,"USB Charging Port for Mini Skid Steer STL1000, ( SKU: 101000 )",usb-charging-port-for-mini-skid-steer-stl1000-sku-101000,MechMaxx,accessories,"01BBB, 101000, AAA41, Accessories, active, SMS",2025-03-22T01:50:57-07:00,2025-03-21T01:11:18-07:00,2026-07-20T11:17:46-07:00,410521,66.99,,true,1361,https://cdn.shopify.com/s/files/1/0653/3470/6391/files/410521-_1.webp?v=1742545085
8791752769751,Valve of Disc Mower(SKU: 150231; 150232）,valve-of-disc-mower,MechMaxx,accessories,"01BBB, 150231, 150232, AAA15, active, other spare part, SMS",2024-12-31T01:16:55-08:00,2024-12-29T22:43:35-08:00,2026-07-20T11:17:46-07:00,410223,92.99,,true,907,https://cdn.shopify.com/s/files/1/0653/3470/6391/files/410223---_5.webp?v=1735786062
9232125952215,Vise With Swivel Base QH100mm for SKU: 500202 | Model: VM25L SKU: 500203 | Model: VM25LD SKU: 500101 | Model: 1030VC SKU: 500102 | Model: 1130VC,vise-with-swivel-base-qh100mm-for-sku-500202-model-vm25l-sku-500203-model-vm25ld-sku-500101-model-1030vc-sku-500102-model-1130vc,MechMaxx,accessories,"01BBB, 1030V, 500005, Metal Lathe Machine, Metalworking Machines part, Spare Parts",2026-04-02T02:42:35-07:00,2026-04-02T02:37:32-07:00,2026-07-20T11:17:46-07:00,485382,100.00,,true,8999,https://cdn.shopify.com/s/files/1/0653/3470/6391/files/485382_DSC08875.webp?v=1775122957
9232340418775,Vise With Swivel Base QH125mm for SKU: 500204 | Model: VM32L SKU: 500205 | Model: VM32LD,vise-with-swivel-base-qh125mm-for-sku-500204-model-vm32l-sku-500205-model-vm32ld,MechMaxx,accessories,"01BBB, 1030V, 500005, Metal Lathe Machine, Metalworking Machines part, Spare Parts",2026-04-02T07:30:17-07:00,2026-04-02T07:27:14-07:00,2026-07-20T11:17:46-07:00,485383,136.00,,true,14102,https://cdn.shopify.com/s/files/1/0653/3470/6391/files/485383_DSC08916.webp?v=1775140185
9232125558999,Vise With Swivel Base QH80mm for SKU: 500200 | Model: VM18L SKU: 500201 | Model: VM18LD SKU: 500101 | Model: 1030VC,vise-with-swivel-base-qh80mm-for-sku-500200-model-vm18l-sku-500201-model-vm18ld-sku-500101-model-1030vc,MechMaxx,accessories,"01BBB, 1030V, 500005, Metal Lathe Machine, Metalworking Machines part, Spare Parts",2026-04-02T02:35:44-07:00,2026-04-02T02:30:56-07:00,2026-07-20T11:17:46-07:00,485381,88.00,,true,5398,https://cdn.shopify.com/s/files/1/0653/3470/6391/files/485381_DSC_6271.webp?v=1775122059
8329988571351,Warranty for MechMaxx Product (1000),year-warranty,MechMaxx,,SMS,2024-03-26T20:50:30-07:00,2024-03-26T20:42:30-07:00,2026-07-20T11:17:46-07:00,900001A,89.00,,true,0,https://cdn.shopify.com/s/files/1/0653/3470/6391/files/warranty_1_year.jpg?v=1722332055
8746802708695,Warranty for MechMaxx Product (1600),warranty-for-mechmaxx-product-1600,MechMaxx,,"active, SMS",2024-10-23T02:48:28-07:00,2024-10-23T02:04:53-07:00,2026-07-20T11:17:46-07:00,900002A,159.00,,true,0,https://cdn.shopify.com/s/files/1/0653/3470/6391/files/warranty_1_year.jpg?v=1722332055
8746809491671,Warranty for MechMaxx Product (2000),warranty-for-mechmaxx-product-2000,MechMaxx,,"active, SMS",2024-10-23T02:48:28-07:00,2024-10-23T02:35:15-07:00,2026-07-20T11:17:46-07:00,900003A,199.00,,true,0,https://cdn.shopify.com/s/files/1/0653/3470/6391/files/warranty_1_year.jpg?v=1722332055
8746809589975,Warranty for MechMaxx Product (3000),warranty-for-mechmaxx-product-3000,MechMaxx,,"active, SMS",2024-10-23T02:48:29-07:00,2024-10-23T02:36:01-07:00,2026-07-20T11:17:46-07:00,900004A,299.00,,true,0,https://cdn.shopify.com/s/files/1/0653/3470/6391/files/warranty_1_year.jpg?v=1722332055
8746809950423,Warranty for MechMaxx Product (4000),warranty-for-mechmaxx-product-4000,MechMaxx,,"active, SMS",2024-10-23T02:48:30-07:00,2024-10-23T02:37:26-07:00,2026-07-20T11:17:46-07:00,900005A,399.00,,true,0,https://cdn.shopify.com/s/files/1/0653/3470/6391/files/warranty_1_year.jpg?v=1722332055
8746810310871,Warranty for MechMaxx Product (5000),warranty-for-mechmaxx-product-5000,MechMaxx,,"active, SMS",2024-10-23T02:48:31-07:00,2024-10-23T02:38:49-07:00,2026-07-20T11:17:46-07:00,900006A,499.00,,true,0,https://cdn.shopify.com/s/files/1/0653/3470/6391/files/warranty_1_year.jpg?v=1722332055
8746810573015,Warranty for MechMaxx Product (6000),warranty-for-mechmaxx-product-6000,MechMaxx,,"active, SMS",2024-10-23T02:48:31-07:00,2024-10-23T02:39:47-07:00,2026-07-20T11:17:46-07:00,900007A,589.00,,true,0,https://cdn.shopify.com/s/files/1/0653/3470/6391/files/warranty_1_year.jpg?v=1722332055
8746811031767,Warranty for MechMaxx Product (7000),warranty-for-mechmaxx-product-7000,MechMaxx,,"active, SMS",2024-10-23T02:48:32-07:00,2024-10-23T02:40:57-07:00,2026-07-20T11:17:46-07:00,900008A,699.00,,true,0,https://cdn.shopify.com/s/files/1/0653/3470/6391/files/warranty_1_year.jpg?v=1722332055
8746811556055,Warranty for MechMaxx Product (8000),warranty-for-mechmaxx-product-8000,MechMaxx,,"active, SMS",2024-10-23T02:48:33-07:00,2024-10-23T02:42:27-07:00,2026-07-20T11:17:46-07:00,900009A,719.00,,true,0,https://cdn.shopify.com/s/files/1/0653/3470/6391/files/warranty_1_year.jpg?v=1722332055
8746811818199,Warranty for MechMaxx Product (9000),warranty-for-mechmaxx-product-9000,MechMaxx,,"active, SMS",2024-10-23T02:48:34-07:00,2024-10-23T02:43:30-07:00,2026-07-20T11:17:46-07:00,900010A,899.00,,true,0,https://cdn.shopify.com/s/files/1/0653/3470/6391/files/warranty_1_year.jpg?v=1722332055
9136447324375,"Water Bucket Connector Water Pipe for 18"" Portable Sawmill, SM-18 (SKU: 150165）",water-bucket-connector-water-pipe-for-18-portable-sawmill-sm-18-sku-150165,MechMaxx,accessories,"01BBB, other spare part, Sawmill accessories, Sawmill part, SM18, SMS, Woodworking Machinery part",2026-01-09T02:49:33-08:00,2025-12-16T23:50:57-08:00,2026-07-20T11:17:46-07:00,412189,66.99,,true,1361,https://cdn.shopify.com/s/files/1/0653/3470/6391/files/412189-_1.webp?v=1767858862
9136452731095,"Water Bucket Connector Water Pipe for Portable Sawmill, SM-22,SM-26, SM-32 (SKU: 150169; 150169K4; 150320;150166; 150166D6; 150167; 150167K4; 150167D6; 150167K6; 150167H6)",water-bucket-connector-water-pipe-for-portable-sawmill-sm-22-sm-26-sm-32,MechMaxx,accessories,"01BBB, other spare part, Sawmill accessories, Sawmill part, SM22, SM26, SM32, SMS, Woodworking Machinery part",2026-01-09T02:49:32-08:00,2025-12-17T00:19:25-08:00,2026-07-20T11:17:46-07:00,412181,69.99,,true,1361,https://cdn.shopify.com/s/files/1/0653/3470/6391/files/412181-_1.webp?v=1767852842
9136454467799,"Water Bucket Connector Water Pipe for Portable Sawmill, SM-36 (SKU: 150168MAX; 150168HMAX; 150268）",water-bucket-connector-water-pipe-for-portable-sawmill-sm-36-sku-150168max-150168hmax,MechMaxx,accessories,"01BBB, other spare part, Sawmill accessories, Sawmill part, SM36, SMS, Woodworking Machinery part",2026-01-09T02:49:32-08:00,2025-12-17T00:31:50-08:00,2026-07-20T11:17:46-07:00,412182,69.99,,true,1361,https://cdn.shopify.com/s/files/1/0653/3470/6391/files/412182-_1.webp?v=1767853116
9326262255831,Wedge Quick Change Tool Posts and Holders 251-222 Size for SKU: 500007 | Model: 1130V SKU: 500008 | Model: 1130VD SKU: 500009 | Model: 1440G SKU: 500011 | Model: 1337GN SKU: 500012 | Model: 1337G4 SKU: 500013 | Model: 1340G,wedge-quick-change-tool-posts-and-holders-251-222-size-for-sku-500007-model-1130v-sku-500008-model-1130vd-sku-500009-model-1440g-sku-500011-model-1337gn-sku-500012-model-1337g4-sku-500013-model-1340g,MechMaxx,accessories,"01BBB, 1030V, 500005, Metal Lathe Machine, Metalworking Machines part, Spare Parts",2026-07-14T00:43:30-07:00,2026-07-11T02:14:47-07:00,2026-07-20T11:17:46-07:00,485007,456.00,,true,8500,https://cdn.shopify.com/s/files/1/0653/3470/6391/files/485007-1.webp?v=1784014964
9314833432791,"Wheel Assembly for FMS Orchard Finsh Mower (for SKU: 201123, 201124)",461193-wheel-assembly-for-fms-orchard-finsh-mower,MechMaxx,accessories,"0zs, 201123, 201124, PTO Finishing Mowers part, Tractor Implements & Attachments part",2026-07-11T05:08:59-07:00,2026-07-01T20:28:04-07:00,2026-07-20T11:17:46-07:00,461193,79.99,89.99,true,1588,https://cdn.shopify.com/s/files/1/0653/3470/6391/files/DSC06539.webp?v=1783056580
8566015983831,"Wheel Hood for WB Wheel Balancer (for SKU: 200009, 200010)",wheel-hood-for-wheel-balancer-machine-wb855-wb857-sku-200009-200010,MechMaxx,accessories,"00Z, 01BBB, 0ZS, AAA20, Accessories, auto-parts, Automotive Equipment & Tools, SMS, Vehicle Equipment & Tools, Vehicle Parts, Wheel balancer, Wheel Balancer Accessories & Parts",2024-06-19T20:16:26-07:00,2024-06-07T00:46:52-07:00,2026-07-20T11:17:46-07:00,200019,129.99,229.00,true,5897,https://cdn.shopify.com/s/files/1/0653/3470/6391/files/200019-_1.webp?v=1718851987
9030801326295,"Wire Rope for Portable Sawmill, SM-36MAX, SM-36HMAX (SKU: 150168MAX; 150168HMAX）",wire-rope-for-portable-sawmill-sm-36max-sm-36hmax-sku-150168max-150168hmax,MechMaxx,accessories,"01BBB, 150169, 150320, AAA41, other spare part, SMS",2025-09-09T18:00:28-07:00,2025-09-09T17:41:56-07:00,2026-07-20T11:17:46-07:00,412033,49.99,,true,1361,https://cdn.shopify.com/s/files/1/0653/3470/6391/files/sawmillwirerope.webp?v=1757497464
9030799655127,"Wire Rope for Portable Sawmill, SM22 ( SKU: 150169;150169K4;150320 )",wire-rope-for-portable-sawmill-sm22-sku-150169-150320,MechMaxx,accessories,"01BBB, 150169, 150320, AAA41, other spare part, SMS",2025-09-09T18:00:28-07:00,2025-09-09T17:38:36-07:00,2026-07-20T11:17:46-07:00,412030,49.99,,true,1361,https://cdn.shopify.com/s/files/1/0653/3470/6391/files/sawmillwirerope.webp?v=1757497464
8663200628951,"Wire Rope for Portable Sawmill, SM26 (SKU: 150166; 150166D6; 150166K6）",wire-rope-for-portable-sawmill-sm26-sku-150166-150166d6,MechMaxx,accessories,"01BBB, 150166, AAA41, SMS",2025-09-09T18:00:29-07:00,2024-08-07T02:48:41-07:00,2026-07-20T11:17:46-07:00,412031,49.99,,true,1361,https://cdn.shopify.com/s/files/1/0653/3470/6391/files/sawmillwirerope.webp?v=1757497464
8663200891095,"Wire Rope for Portable Sawmill, SM32 ( SKU: 150167; 150167D6; 150167K4; 150167K6; 150167H6 )",wire-rope-for-portable-sawmill-sm32-sku-150167-150167d6-150167k4-150167k6-150167h6,MechMaxx,accessories,"01BBB, 150167, AAA41, SMS",2025-09-09T18:00:29-07:00,2024-08-07T02:49:11-07:00,2026-07-20T11:17:46-07:00,412032,49.99,,true,1361,https://cdn.shopify.com/s/files/1/0653/3470/6391/files/sawmillwirerope.webp?v=1757497464
8996116660439,Wiring Harness for Hay Baler HB3120  (SKU: 150215）,wiring-harness-for-hay-baler-hb3120-sku-150215,MechMaxx,accessories,"01BBB, 150215, other spare part, SMS",2025-08-30T02:59:11-07:00,2025-07-29T02:31:49-07:00,2026-07-20T11:17:46-07:00,410797,65.99,69.99,true,680,https://cdn.shopify.com/s/files/1/0653/3470/6391/files/410797-4.webp?v=1753781537
8872021197015,Worry-Free Purchase,worry-free-purchase,Seel,SEEL-WFP,SMS,2026-01-07T19:38:36-08:00,2025-03-24T20:36:32-07:00,2026-07-20T11:17:46-07:00,SEEL-WFP,0.98,,true,0,https://cdn.shopify.com/s/files/1/0653/3470/6391/files/Worry-Free-Purchase.png?v=1742873794
9114362970327,"🎁 ( 1 Pack / 4 Pcs ) Teeth for Stump Grinder SG24; SG61, 1 Pack 4 teeth (SKU: 150151; 150151G;150501) (100% off)",1-pack-4-pcs-teeth-and-nut-for-stump-grinder-sg24-sg61-1-pack-4-teeth-sku-150151-150151g-150501-sca_clone_freegift-1,MechMaxx,,bogos-gift,2025-04-27T22:42:34-07:00,2025-11-21T01:10:24-08:00,2026-07-20T11:17:46-07:00,409300,0.00,,false,0,https://cdn.shopify.com/s/files/1/0653/3470/6391/files/409300.webp?v=1763716225
9248695091415,🎁 [ 1 Pack / 4 Pcs ] Teeth for Stump Grinder SG24; SG61;  1 Pack 4 teeth (SKU: 150151; 150151G;150501) (100% off),1-pack-4-pcs-teeth-for-stump-grinder-sg24-sg61-1-pack-4-teeth-sku-150151-150151g-150501-100-off,MechMaxx,,,2026-04-25T00:40:56-07:00,2026-04-25T00:39:11-07:00,2026-07-20T11:17:46-07:00,215,0.00,,false,0,https://cdn.shopify.com/s/files/1/0653/3470/6391/files/409300.webp?v=1763716225