id,product_type,title
7593802432701,"Cordless Air Compressors","Vevor PCP Air Compressor 4500 PSI 0.4 Gal Portable 110V/220V Auto Stop Built In Adapter And Fan VV-GYDQBJS New"
7593802432701,"Cordless Air Compressors","Vevor PCP Air Compressor 4500 PSI 0.4 Gal Portable 110V/220V Auto Stop Built In Adapter And Fan VV-GYDQBJS New"
7659249402045,"Air Pumps","Vevor Air-Operated Double Diaphragm Pump 100 PSI 22 GPM 275.6' Head Lift New"
7593802432701,"Cordless Air Compressors","Vevor PCP Air Compressor 4500 PSI 0.4 Gal Portable 110V/220V Auto Stop Built In Adapter And Fan VV-GYDQBJS New"
7646527520957,"Food Slicers","Vevor Commercial Electric Meat Bandsaw 1100W or 1500W Stainless Steel 0.16"" to 7.9"" Cut Thickness 6 Blades New"
7659249402045,"Air Pumps","Vevor Air-Operated Double Diaphragm Pump 100 PSI 22 GPM 275.6' Head Lift New"
7712181518525,"Evaporator Machines","Vevor Maple Syrup Evaporator Pan 30"" x 16"" x 18.9"" Stainless Steel Boiling Pan New"
7734882730173,"Cubby Lockers","Vevor Preschool Storage Shelves 8-Section 36"" Height Durable New"
7749404033213,"Explosion Proof Fans","Vevor Portable Ventilator 16"" Heavy Duty Cylinder Fan 1100W Exhaust Fan 4240 CFM Industrial Utility Blower New"
7749443649725,"Explosion Proof Fans","Vevor Portable Ventilator 12"" Heavy Duty Cylinder Fan 550W Exhaust Fan 2500 CFM Industrial Utility Blower New"
7749456691389,"Explosion Proof Fans","Vevor Portable Ventilator 10"" Heavy Duty Cylinder Fan 350W Exhaust Fan 1942 CFM Industrial Utility Blower New"
7762696962237,"Cordless Air Compressors","Vevor PCP Air Compressor 4500 PSI 0.26 Gal Portable Auto-Stop DC12V/AC120V Built-in Power Converter New"
7778381627581,"Stair Climbing Carts","Vevor Manual Stair Chair 350 lbs. Capacity Foldable Emergency Transport Wheelchair with 4 Wheels New"
7816945533117,"Floor Mats","Vevor Portable Dance Floor 6.6' x 49.2' PVC 0.06"" Thickness Grey/Black Reversible Non-Slip Wearproof New"
7817166127293,"Floor Mats","Vevor Portable Dance Floor 6.6' x 11.8' PVC 0.06"" Thickness Grey/Black Reversible Non-Slip Wearproof New"
7822205288637,"Rebar Benders","Vevor Electric Pipe Tube Bender 1500W 9 Round and 8 Square Die Set New"
7822219837629,"Rebar Benders","Vevor Electric Pipe Tube Bender 1500W 9 Round and 8 Square Die Set for Thin-Wall New"
7826186993853,"Work Benches","Vevor Miter Saw Stand 42"" 330 Lbs. Capacity 5-in-1 Collapsible Rolling with Onboard Outlets New"
7827933855933,"Pipe Tube Benders","Vevor SBG-40 High-Hardness Steel Metal Scroll Bender 3-in-1 Scroll Radius and Angle Bending New"
7827959218365,"Pipe Tube Benders","Vevor UB-100 Manual Universal Rebar Bender Heavy-Duty Steel 120° Bending Angle for Flat Round and Strip Steel New"
7832346656957,"Dog Crates","Vevor Dog House Outdoor Insulated with Elevated Floor 180 lbs. Capacity Medium to Large Dogs Open Roof Iron Frame New"
7836716859581,"Coolers","Vevor Drop in Ice Chest 20"" x 14"" x 12"" Stainless Steel Bin with Cover and Drain Plug New"
7837342236861,"Food Slicers","Vevor Commercial Electric Meat Bandsaw 2200W Stainless Steel 0.16""-8.7"" Cut Thickness New"
7837834051773,"Merchandising Refrigerators","Vevor Ice Cream Display Commercial Freezer 20 Cu. Ft. Holds 12 Tubs with Sliding Glass Doors New"
7840103989437,"Hydraulic Cylinder Jacks","Vevor Air Hydraulic Bottle Jack 50 Ton Capacity Manual New"
7841091190973,"Cordless Air Compressors","Vevor PCP Air Compressor 4500 PSI Powered by 12V Car or 110V/220V Home Outlet New"
7843511566525,"Prep Tables","Vevor Equipment Grill Stand 48"" x 30"" x 24"" Stainless Steel 1000 lbs. Capacity with Adjustable Undershelf New"
7843556163773,"Food Slicers","Vevor Grain Mill Electric 1500W 110V Grinder with Funnel Dry and Wet Grinder Adjustable Thickness New"
7848416608445,"Side Tables","Vevor Lift Top Coffee Table 39.3"" x 19.6""  Multi-Functional with Storage and Built-In Power Outlet Brown New"
7848423358653,"Side Tables","Vevor Lift Top Coffee Table 47.2"" x 19.6""  Multi-Functional with Hidden Storage Brown New"
7860945518781,"Pet Carriers","Vevor Pet Stroller 75 Lbs. Capacity 3-Wheel Dual-Brake Quick Fold Storage Basket Grey New"
7863908499645,"Wine Coolers","Vevor 24 Inch Beverage Refrigerator Under Counter 140 Liter Capacity New"
7872936640701,"Floor Mats","Vevor Dance Floor Roll Portable 6.6' x 15.7' 1.5mm Thick PVC Flooring New"
7875786866877,"Pipe Tube Benders","Vevor Metal Stretcher Shrinker SS-18FD Manual with Foot Pedals New"
7877399019709,"Patio Furniture","Vevor Deck Box 120 Gal. Waterproof Outdoor Storage Bin with Padlock New"
7879551320253,"Food Mills","Vevor Commercial Grain Grinder Mill 100-132 Lbs/Hr 3000W New"
7879582810301,"Wagons","Vevor Bike Cargo Trailer Single Wheel Wagon Cart with Universal Hitch 70 Lbs Capacity New"
7881304277181,"Prep Tables","Vevor Outdoor Mobile Kitchen Portable All-in-One Cooking Station New"
7881444917437,"Ice Shavers","Vevor Commercial Snowflake Ice Maker 44 Lbs per Day New"
7882270015677,"Refrigerators","Vevor Commercial Freezer 19.32 Cu. Ft. Upright Reach-In Single Door 27"" Stainless Steel 4 Shelves New"
7884422250685,"Shock Absorbers","Vevor Air Springs Suspension Kit Compatible with '07-'18 Chevrolet Silverado 1500 New"
7884428673213,"Shock Absorbers","Vevor Air Springs Suspension Kit Compatible with '11-'18 Dodge Ram 1500 New"
7889013964989,"Cargo Racks","Vevor Rooftop Cargo Carrier 18 Cu. Ft. ABS Hard Shell Luggage Box with Dual-Sided Opening and 2 Straps New"
7889023369405,"Cargo Racks","Vevor Rooftop Cargo Carrier 14 Cu. Ft. ABS Hard Shell Luggage Box with Dual-Sided Opening and 2 Straps New"
7893397700797,"Dry Erase Boards","Vevor Magnetic Chalk Board 35"" x 46"" with Chalks and Eraser New"
7894905356477,"Cordless Air Compressors","Vevor PCP Air Compressor with Built-in Water and Fan Cooling 4500PSI DC 12V AC 120V New"
7899354857661,"Spa Tables","Vevor Manicure Table Glass Top Nail Station with Storage Cabinets Acetone-Resistant New"
7899372323005,"Coolers","Vevor Drop-In Ice Chest 21"" x 17"" x 18"" Stainless Steel 82.4 Qt Bin with Cover and Drain Plug New"
7899870396605,"Milkshake Makers","Vevor Milk Tea Shaker Machine 120W Single Head Mixer with Adjustable Timer 0-180s New"
7901429334205,"Shock Absorbers","Vevor Air Springs Suspension Kit Compatible with 2001-2010 Chevrolet Silverado 2500/3500HD New"
7901670899901,"Fire Pits","Vevor Fire Pit Lid Round 40"" Foldable Stainless Steel Cover New"
7901752885437,"Shower Chairs","Vevor Shower Commode Wheelchair w/ Locking Wheels Adjustable Height 350 Lbs Capacity New"
7902291067069,"Shock Absorbers","Vevor Air Springs Suspension Kit Compatible with 2003-2013 Dodge Ram 2500 4WD New"
7902412832957,"Milkshake Makers","Vevor Milk Tea Shaker Machine Double Head 120W with 750mL Stainless Steel Cups New"
7904519094461,"Shock Absorbers","Vevor Air Springs Suspension Bag Kit Fits 2019-2023 Chevrolet Silverado 1500 4WD RWD New"
7904523026621,"Shock Absorbers","Vevor Air Springs Suspension Bag Kit Fits 2011-2019 Chevrolet Silverado and GMC Sierra 2500/3500 HD 4WD RWD New"
7904530366653,"Shock Absorbers","Vevor Air Springs Suspension Bag Kit Fits 2014-2023 Dodge Ram 2500 2WD 4WD New"
7904546750653,"Shock Absorbers","Vevor Air Springs Suspension Bag Kit Fits 1999-2004 and 2008-2010 Ford F250/F350 2WD 4WD New"
7904655737021,"Linear Guide Rails","Vevor Linear Guide Rail Kit RM1605-350mm 650mm 1050mm for CNC Machine New"
7904926400701,"Modified Sine Wave Inverters","Vevor VFD Variable Frequency Drive 10HP 7.5kW 35A Single Phase or 3-Phase Input New"
7904967360701,"Meat Mixers","Vevor Meat Processing Motor 900W Suitable for Manual Meat Mixers Models BME60 New"
7907299852477,"Wheelchairs","Vevor Chair Cover Universal Fitted 200 pcs Protective Slipcover Stretch Washable White New"
7908068524221,"Collets","Vevor CAT40 Collet Holder and ER 16/32 Collet Chuck Set with Pull Studs New"
7908601954493,"Refrigerant Recovery Machines","Vevor Dual Swing Automatic Gate Opener Kit 18' Long with Remote Control 880 Lbs Capacity 80W New"
7909305843901,"Skid Steer Attachments","Vevor Skid Steer 3-Point Attachment Plate 3/8"" Steel Adapter Compatible with John Deere Kubota New"
7910794100925,"Heat Presses","Vevor Heat Press 6-in-1 Sublimation Machine 15""x15"" and 53"" Vinyl Cutter/Plotter New"
7910797770941,"Heat Presses","Vevor Heat Press 6-in-1 Sublimation Machine 15""x15"" and 14"" Vinyl Cutter/Plotter New"
7911341949117,"Heat Presses","Vevor Heat Press 8-in-1 Sublimation Machine 15"" x 15"" and 53"" Vinyl Cutter/Plotter New"
7911362003133,"Heat Presses","Vevor Heat Press 8-in-1 Sublimation Machine 15"" x 15"" and 28"" Vinyl Cutter/Plotter New"
7911880229053,"Sauna Blankets","Vevor Sauna Tent 27.5"" x 31.5"" x 38.5"" 1050W Portable Infrared Therapy 104-167°F Temperature Control New"
7912007237821,"Generator Accessories","Vevor RV Extension Cord 50 Ft. 50 Amp 6AWG/3C + 8AWG/1C Twist Lock Cord New"
7912412905661,"Strapping Machines","Vevor Strapping Dispenser Bandit Cart for PET/PP/Fiber Rolls with 8"" Core Size New"
7912431976637,"Heat Presses","Vevor Heat Press Hat Cap 5.5"" x 3.5"" and Vinyl Cutter/Plotter Machine 53"" New"
7914606624957,"Heat Presses","Vevor Heat Press 12"" x 10"" and 14"" Vinyl Cutter Plotter with Signmaster Software for Sublimation Projects New"
7916068044989,"Automatic Gate Openers","Vevor Garage Roller Door Opener 800N Lift Force 110V with 2 Remotes New"
7916305416381,"Bar Cabinets","Vevor Ceiling Wine Glass Rack 46.9"" x 13"" Height Adjustable Hanging Cabinet New"
7916687753405,"Car Lifts","Vevor Hydraulic Motorcycle Lift Table 350 Lbs Capacity Foot-Operated Jack Stand New"
7917448429757,"Pet Shelters","Vevor Cat Litter Box Enclosure 57.9"" x 18.3"" x 17.9"" 300 Lbs Capacity Black New"
7918759706813,"Outdoor Kitchen Drawers","Vevor Double Doors for Outdoor Kitchen BBQ Island Stainless Steel 39"" x 26"" New"
7922794823869,"Hot Tub Covers","Vevor Hot Tub Cover Lift Hydraulic System Adjustable 74.8""-98.4"" Length Easy Installation New"
7926028927165,"Floor Mats","Vevor Exercise Mat 12' x 6' Non-Slip High-Density Yoga and Fitness Mat with Bag and Straps New"
7928386650301,"Ice Shavers","Vevor Snowflake Ice Maker 55 lbs/24H Commercial Stainless Steel Flake Ice Machine with Water Filter New"
7933840687293,"Playsets","Vevor Climbing Cargo Net 70"" x 119"" Durable Polyester Net for Swingsets Indoor/Outdoor Use New"
7994047660221,"Pipe Tube Cutters","Vevor Pipe Threader Cutter Combo Machine 750W for 1/2"" to 2"" Pipes New"
7995314962621,"Gas Cooktops","Vevor Commercial Gas Range Stove 180000 BTU 2-Burner Stainless Steel Natural Gas/Propane New"
7998070784189,"Bed Frames","Vevor Rollaway Folding Bed 75"" x 38"" with 4"" Foam Mattress New"
8001795555517,"Gas Cooktops","Vevor Side Burner for Outdoor Grill 15,000 BTU Propane and Natural Gas New"
8004068540605,"Plate Compactors","Vevor Tamper Compactor Four-Spring Jumping Jack 6.5HP 196CC New"
8005217812669,"Batteries","Vevor Battery Backup System 3000W LCD Auto Switches to Battery Inverter New"
8033133920445,"Bathroom Mirrors","Vevor Mirror Medicine Cabinet 24"" x 30"" with Adjustable Shelves New"
8033304412349,"Arcade Cabinets","Vevor Roll & Score Arcade Game Table 9 Ft with LED Electronic Scorer New"
8034073575613,"Wagons","Vevor Steel Dump Cart 17 Cu Ft Heavy Duty 600 Lbs Capacity Tow Behind for ATV UTV Tractors New"
8034079211709,"Wagons","Vevor Steel Dump Cart 10 Cu Ft Heavy Duty 500 Lbs Capacity Tow Behind for ATV UTV Tractors New"
8036867965117,"Telescoping Ladders","Vevor Telescoping A-Frame Ladder 20' Aluminum 330 Lb Capacity with Wheels New"
8037746835645,"TV Stands","Vevor Motorized TV Wall Mount with Remote Control for 32-65"" TVs New"
8038303891645,"Ice Shavers","Vevor Commercial Snowflake Ice Machine 529 Lbs/24H Stainless Steel Multi-Texture Ice New"
8038309101757,"Ice Shavers","Vevor Commercial Snowflake Ice Machine 385 Lbs/24H Stainless Steel Multi-Texture Ice New"
8038310740157,"Ice Shavers","Vevor Commercial Snowflake Ice Machine 397 Lbs/24H Stainless Steel Multi-Texture Ice New"
8038311526589,"TV Stands","Vevor Motorized Ceiling TV Mount with Remote Control for 32-55"" TVs New"
8038368870589,"Cordless Air Compressors","Vevor PCP Air Compressor 4500 PSI with Built-in Converter Auto Stop New"
8039581057213,"Scrolling Signs","Vevor 4K Touchscreen Digital Signage Kiosk 55"" Floor Standing LCD Display New"
8040135983293,"Commercial Sinks","Vevor Drop-In Kitchen Sink 30"" Stainless Steel Top-Mount Single Bowl with Workstation New"
8040166064317,"Commercial Sinks","Vevor Drop-In Kitchen Sink 33"" Stainless Steel Top-Mount Single Bowl Black New"
8041887170749,"Food Warmers","Vevor Commercial Grill Machine 11-Roller with Cover 30 Hot Dog 1600W New"
8041931899069,"Dough Dividers","Vevor Automatic Electric Tortilla Maker 4"" and 6"" Molds Adjustable Thickness New"
8044692406461,"Food Slicers","Vevor Commercial Electric Bone Saw 1800W Meat Bandsaw Cutter with 7"" Max Thickness New"
8049146986685,"Pipe Tube Benders","Vevor Automatic Heat-Shrink Tube Cutter LCD Display 3.35"" Width 120 Cuts/Min New"
8049152458941,"Ice Shavers","Vevor Commercial Snowflake Ice Machine 276 Lbs/Day Stainless Steel Multi-Texture Ice New"
8049159340221,"Ice Shavers","Vevor Commercial Snowflake Ice Machine 397 Lbs/Day Stainless Steel Multi-Texture Ice New"
8049166254269,"Ice Shavers","Vevor Commercial Snowflake Ice Machine 176 Lbs/Day Stainless Steel Multi-Texture Ice New"
8049168613565,"Ice Shavers","Vevor Commercial Snowflake Ice Machine 375 lbs/Day Stainless Steel Multi-Texture Ice New"
8052579336381,"Ice Shavers","Vevor Commercial Snowflake Ice Machine 573 Lbs/Day Stainless Steel Multi-Texture Ice New"
8053435990205,"Scrolling Signs","Vevor Digital Signage Display 43"" Screen 2K UHD LCD Standing Kiosk New"
8055634034877,"Cordless Air Compressors","Vevor PCP Air Compressor 4500 PSI with Built-in Converter Auto Stop 300W New"
8055655530685,"Food Slicers","Vevor Commercial Electric Meat Bandsaw 850W with Grinder Stainless Steel 7"" Cut Thickness New"
8056159830205,"Pipe Tube Cutters","Vevor Pipe Notching Tool with Extended Handle 1.5"" - 2"" Pipes New"
8058543145149,"Gas Cooktops","Vevor Side Burner Single for Outdoor Grill 17,000 BTU Propane and Natural Gas New"
8058604257469,"Pressure Washer Pump Shafts","Vevor Pressure Washer Pump 1"" Shaft Horizontal Triplex Plunger 4.4 GPM 4400 PSI New"
8058626572477,"Fuel Pumps","Vevor DEF Transfer Pump Kit 10.5 GPM for Diesel Exhaust Fluid with Bracket Auto Nozzle 110V New"
8058985971901,"Food Slicers","Vevor Commercial Electric Meat Bandsaw 550W with Saw and Grind Functions New"
8060091105469,"Auto Parts","Vevor Jeep Tube Doors Hunting Style for 2007-2018 Wrangler JK New"
8060177973437,"Cordless Air Compressors","Vevor PCP Air Compressor 4500 PSI Dual-Cylinder Auto Stop 800W New"
8061357719741,"Arcade Cabinets","Vevor Roll & Score Arcade Game Table 8 Ft with Electronic Scorer New"
8061365059773,"Accent Chairs","Vevor Bean Bag Chair Dutch Velvet with High-Density Foam Filling Removable Cover New"
8063461556413,"Cylinder Heads","Vevor 10HP 3-Cylinder Air Compressor Pump Head 17.5CFM @ 90PSI Dual-Stage Piston Pump New"
8067053256893,"Sideboards and Cabinets","Vevor Hall Tree Entryway Bench with LED Coat Rack and Shoe Storage 42"" New"
8068291887293,"Sideboards and Cabinets","Vevor Hall Tree Entryway Bench 59"" with LED Coat Rack Shoe Storage and 12 Hooks New"
8072603533501,"Scrolling Signs","Vevor Touchscreen Digital Signage Kiosk 43"" 2K UHD with Android 11 New"
8093923606717,"Ice Makers","Vevor Head Unit for Commercial Ice Maker 500 Lbs/Day Self-Cleaning Scheduled Ice-Making New"
8108766986429,"Ovens","Vevor Gas Range Oven 36"" with 6 Cooktop Burners 6 Cu. Ft Capacity New"
8127267537085,"Ice Makers","Vevor Head Unit for Commercial Ice Maker 550 Lbs/Day Self-Cleaning Scheduled Ice-Making New"
8127272124605,"Ice Makers","Vevor Head Unit for Commercial Ice Maker 360 Lbs/Day Self-Cleaning Scheduled Ice-Making New"
8127285231805,"Ice Makers","Vevor Head Unit for Commercial Ice Maker 500 Lbs/Day Stainless Steel Self-Cleaning New"
8127330091197,"Ice Makers","Vevor Head Unit for Commercial Ice Maker 400 Lbs/Day Stainless Steel Self-Cleaning New"
8141285032125,"Laboratory Chillers","Vevor Lab Freezer 25L Ultra Low Temperature -40°F to -123°F Adjustable 230W New"
8141451460797,"Laboratory Chillers","Vevor Lab Freezer 28L Ultra Low Temperature -40°F to -123°F Adjustable 450W New"
8141456081085,"Laboratory Chillers","Vevor Lab Freezer 58L Ultra Low Temperature -40°F to -123°F Adjustable with Rollers New"
8159834964157,"Gazebos","Vevor Garden Igloo 15 x 9.5 Ft Outdoor Geodesic Dome Greenhouse PVC New"
8173265191101,"Fume Extractors","Vevor Laminar Flow Hood Fan Filter Unit with HEPA-14 and G1 Pre-Filter New"
8174930526397,"Arcade Cabinets","Vevor Roll & Score Skee Ball Arcade Game 9 Ft with LED Scorer and Lighting New"
8175074869437,"Fume Extractors","Vevor Laminar Flow Hood Portable Clean Room with HEPA-14 and G1 Pre-Filter New"
8175533326525,"Ice Makers","Vevor Commercial Ice Storage Bin 300 lbs Capacity Stainless Steel New"
8175541125309,"Ice Makers","Vevor Commercial Ice Storage Bin 300 lbs Capacity Stainless Steel Gravity Drain New"
8177844453565,"Meat Mixers","Vevor Commercial Meatball Former 280 pcs/min 1100W with 6 Molds New"
8180219019453,"Transport Wheels","Vevor Shipping Container Wheels Kit 8-Lug with Ratchet Tie Downs New"
8187857797309,"Living Room Sets","Vevor Coffee Table Set with 2 End Tables and 66"" TV Stand New"
8189187260605,"Gazebos","Vevor Garden Igloo 12 x 7.2 Ft Outdoor Geodesic Dome Greenhouse PVC New"
8189320429757,"Ice Makers","Vevor Commercial Ice Storage Bin 300 lbs Capacity Stainless Steel Automatic Drainage New"
8190156636349,"Inflatable Paint Booths","Vevor Portable Paint Booth 19.25 x 13 x 5.8 ft Spray Tent with Foldable Frame New"
8205112606909,"Bed Frames","Vevor Headboard with Adjustable Height for King Size Bed New"
8205264289981,"Gazebos","Vevor Garden Dome Igloo 9.5 x 5.7 ft Outdoor Greenhouse Tent for 2-4 Person New"
8208376135869,"Shower Heads","Vevor Shower Faucet Set 16"" Ceiling Rainfall with 6 Body Jets and Handheld Spray New"
8209117905085,"Playsets","Vevor Wooden Ladder Wall Gym 9-in-1 with Rock Climbing Pull-Up Bar Swing New"
8213638742205,"Shower Heads","Vevor Shower Faucet Set 16"" Ceiling Rainfall System with 6 Body Jets Brushed Nickel New"
8213825913021,"Ice Makers","Vevor Commercial Ice Maker Storage Bin 250 lb. Capacity Stainless Steel New"
8214516957373,"Stationary Bikes","Vevor Bike Trainer Stationary Stand fits 26-29 inch 700C Wheels Zwift App Compatible New"
8221045457085,"Truck Accessories","Vevor Running Boards 6 in. Side Steps Non-Slip 550 lb. Capacity fits 2007-18 Jeep Wrangler JK New"
8231522402493,"Load Binders","Vevor Ratchet Chain Binders 5/16"" x 14' G80 Chains 8,000 lb. Working Load Set of 4 New"
8236429377725,"Transmission Jacks","Vevor Low Profile Floor Jack 2,200 lbs Capacity 7.28-27.6 in. Lift Height New"
8241171300541,"Cargo Racks","Vevor Ski and Snowboard Rack Hitch Mounted Fits 2"" Receiver Holds 6 Pairs or 4 Boards New"
8242466324669,"Accent Chairs","Vevor Chaise Lounge Chair 48 in. Upholstered Oversized with Throw Pillows New"
8250968473789,"Ice Chests","Vevor Commercial Ice Bin 125 lbs Portable Insulated Caddy with Wheels New"
8252780445885,"Food Slicers","Vevor Electric Meat Bandsaw with 12.4 x 18.1 in. Workbench 0-4.3 in. Cut Thickness 1100W New"
8254569480381,"Shower Heads","Vevor Shower Faucet Set 12"" 3-Function Rainfall System with 6"" Wall Head Handheld Sprayer New"
8260753981629,"Shower Heads","Vevor Shower Faucet Set 12"" Ceiling Rainfall System with Hand Sprayer 6"" Wall Mount Chrome New"
8271582527677,"Floor Jacks","Vevor Electric Car Jack 15 Tons 7.9-20.5 in. Portable with LED Lighting 12V New"
8271586132157,"Floor Jacks","Vevor Electric Car Jack Kit 5 Tons 6.3-17.7 in. with Impact Wrench LED Lighting Remote Control New"
8277663940797,"Floor Jacks","Vevor Air Hydraulic Bottle Jack 50 Ton Capacity 10.4-16.1 in. Lift Range Pneumatic/Manual New"
8277683536061,"Load Binders","Vevor Ratchet Chain Binders 5/16 in. x 12.8 ft. G80 Chains 8000 lb. Working Load 4 Sets New"
8282913931453,"Dethatchers","Vevor Tow Behind Landscape Rake 48 in. with 24 Tines Adjustable Universal Hitch New"
8282921402557,"Dethatchers","Vevor Tow Behind Landscape Rake 42 in. 19 Tines with Grading Blade & Lift Lever New"
8282925531325,"Dethatchers","Vevor Tow Behind Landscape Rake 50 in. 17 Steel Tines with 3-Point Universal Hitch New"
8282938409149,"Dethatchers","Vevor Tow Behind Landscape Rake 60 in. with 26 Spring Steel Tines New"
8282948337853,"Melting Furnaces","Vevor Electric Kiln Tabletop Furnace 2192°F Max Temp 1500W 110V New"
8307158941885,"Prep Tables","Vevor Overshelf for Prep Table Double Tier Stainless Steel 12"" x 60"" Height Adjustable New"
8307159204029,"Prep Tables","Vevor Overshelf for Prep Table Double Tier Stainless Steel 12"" x 48"" Adjustable Height New"
8307160219837,"Prep Tables","Vevor Overshelf for Prep Table 12"" x 72"" Double Tier Stainless Steel Adjustable Height New"
8310238478525,"Tail Pipe Expanders","Vevor Brake Line Flaring Tool 45 Degree Single Double and Bubble Flares for 3/16"" to 3/8"" Tubes New"
8310240149693,"Dust Collectors","Vevor Shop Vacuum 4 Gallon 5 Peak HP Wet Dry Vac with Blower Function New"
8310240379069,"Dust Collectors","Vevor Wet Dry Vacuum 2.6 Gal 2.5 Peak HP 3-in-1 Portable Shop Vac New"
8310240968893,"Cable Ramps","Vevor Speed Bump 72"" Rubber 2-Channel Heavy Duty Traffic Hump New"
8310241329341,"Utility Wagons","Vevor Utility Cart 3-Tier Rolling Service Cart 154 lbs Black New"
8310242345149,"Utility Wagons","Vevor Utility Service Cart 3-Tier Heavy Duty Rolling Food Service Cart with Lockable Wheels 40"" x 19.3"" x 38.6"" Black New"
8310242574525,"Kitchen Island Carts","Vevor Utility Cart 3-Tier Rolling Wire Cart on Wheels 40.5"" x 17.7"" x 40.9"" New"
8310244671677,"Metal Planters","Vevor Raised Garden Bed Elevated Wooden Planter Box with Legs 47.2 x 22.8 x 30"" Burlywood New"
8310245163197,"Metal Planters","Vevor Raised Garden Bed Wooden Planter Box with Legs 34 x 18.1 x 30"" Burlywood New"
8310247915709,"Planers","Vevor Planer Blades 13"" HSS Thickness Planer Knives 3-Pack New"
8310248046781,"Creepers","Vevor Mechanic Stool Rolling Creeper Garage Shop Seat with Tool Tray 250 lbs New"
8310248308925,"Creepers","Vevor Creeper Seat 2-in-1 Rolling Folding Mechanic Stool New"
8310250143933,"Kayak Trailers","Vevor Kayak Cart Heavy Duty 320 lbs Detachable Canoe Trolley with 10"" Solid Tires New"
8310253322429,"Hoists","Vevor Chain Sling 5/16"" x 5' 11,000 lbs Adjustable 4-Leg Lifting Chain with Grab Hooks New"
8310253453501,"Polishers","Vevor Bench Grinder 6"" Single-Speed Brushless 3550 RPM Table Grinder New"
8310255780029,"Utility Wagons","Vevor Utility Cart 2-Shelf Heavy-Duty Rolling Service Cart 550 lbs New"
8310255812797,"Utility Wagons","Vevor Utility Cart 3-Shelf Heavy-Duty Rolling Service Cart 550 lbs New"
8310256042173,"Electrical Enclosures","Vevor Server Cabinet 6U Wall Mount Network Rack Enclosure 15.5"" Deep New"
8310256435389,"Electrical Enclosures","Vevor Network Server Cabinet 9U Wall-Mounted Rack Enclosure 15.5"" Deep New"
8310257025213,"Storage Racks","Vevor Wall Shelf 12"" x 36"" Stainless Steel Floating Shelving with Brackets New"
8310257451197,"Utility Wagons","Vevor Utility Cart Foldable 3-Shelf Rolling Service Cart 165 lbs New"
8310258729149,"Panini Presses","Vevor Electric Griddle 14.4"" 7-in-1 Commercial Countertop Teppanyaki Grill New"
8310282485949,"Air Scrubbers","Vevor Air Filter Protective Pre-Filters 5-Pack 15.75"" x 15.75"" Stage 1 Replacement New"
8310282584253,"Air Scrubbers","Vevor Air Filter Replacement Active Carbon 3-Pack 15.7"" x 15.7"" New"
8310283141309,"Tail Pipe Expanders","Vevor Hydraulic Tube Expander 3/8"" to 1-1/8"" OD HVAC Swaging Tool Kit New"
8310283436221,"Vertical Kegerator Key Dispensers","Vevor CO2 Regulator Double Gauge Draft Beer Regulator with Check Valve New"
8310283534525,"Vertical Kegerator Key Dispensers","Vevor CO2 Regulator Triple Gauge Draft Beer Regulator New"
8310284845245,"Vertical Kegerator Key Dispensers","Vevor CO2 Regulator Triple Gauge Draft Beer Regulator New"
8310285566141,"Wheel Chock Tie-Down Kits","Vevor Ratchet Tie Down Straps Lasso Style 2"" x 120"" Car Tie Down Straps 4-Pack New"
8310285762749,"Wheel Chock Tie-Down Kits","Vevor Ratchet Tie-Down Straps Kit 1.57"" x 120"" 4-Pack New"
8310286024893,"Wheel Chock Tie-Down Kits","Vevor Tie Down Straps Car Lasso Style 2"" x 120"" Flat Hook 4-Pack New"
8310286352573,"Tail Pipe Expanders","Vevor Pipe Expander Manual Lever PEX Tubing Expander with 3 Expansion Heads New"
8310288253117,"Pressure Washer Pump Shafts","Vevor Pressure Washer Pump 3/4"" Shaft Horizontal 3400 PSI 2.5 GPM Replacement New"
8310288384189,"Pressure Washer Pump Shafts","Vevor Pressure Washer Pump 7/8"" Shaft Vertical 3400 PSI 2.5 GPM Replacement Kit New"
8310288449725,"Floor Heating Cable Sets","Vevor Floor Heating Mat 10 sq. ft. Electric Radiant Heated Warm System with Digital Thermostat New"
8310288679101,"Door Hardware","Vevor Access Panel 16"" x 16"" Drywall & Ceiling Access Door New"
8310288842941,"Bone Saw Machines","Vevor Band Saw Blade 65"" Carbon Steel Meat Cutting Replacement 5 Pack New"
8310289563837,"Inlet Boxes","Vevor Temporary Power Outlet Panel RV Power Outlet Box 125/250V 20/30/50 Amp New"
8310289662141,"Slide Drawer For Pans","Vevor Hanging Pot Rack 36"" Ceiling Mount with 20 S Hooks New"
8310289694909,"Slide Drawer For Pans","Vevor Hanging Pot Rack 32"" Ceiling Mount with 12 S Hooks New"
8310289825981,"Laundry Hampers","Vevor Utility Cart Folding Shopping Cart with Double Baskets New"
8310289891517,"Sauna Accessories","Vevor Sauna Heater 3kW 220-240V Electric Stove with Built-In Controls New"
8310289957053,"Belt Sanders","Vevor Bench Grinder 8"" Bench Grinder with 2"" x 28"" Belt Sander Combo New"
8310290317501,"Laundry Hampers","Vevor Shopping Cart Folding Jumbo Grocery Utility Cart with Removable Waterproof Liner New"
8310290645181,"Sauna Accessories","Vevor Sauna Heater 6kW 220-240VAC Electric Stove with Built-In Controls New"
8310290743485,"Plier Sets","Vevor Pliers Set 8-Piece High Carbon Steel with Adjustable Wrench and Tool Bag New"
8310292021437,"TV Stands","Vevor TV Mount Full Motion Wall Bracket for 37""-75"" TVs New"
8310292086973,"Vertical Potato Dicer/Cutters","Vevor Commercial Chopper Vegetable Fruit Chopper with 4 Blades New"
8310292414653,"Sand Ice Machines","Vevor Blender Professional Countertop 68 oz Shielded Commercial White New"
8310292644029,"Creepers","Vevor Mechanic Stool Rolling Seat with 4"" Wheels, 3 Tool Trays and Drawer, 300 lbs Capacity New"
8310292709565,"Sand Ice Machines","Vevor Blender Professional Countertop 68 oz 3-Function Commercial Black New"
8310292775101,"TV Stands","Vevor TV Mount Full Motion Wall Mount Bracket for 37""-90"" TVs New"
8310293135549,"TV Stands","Vevor TV Wall Mount Universal Low Profile Tilt Bracket for 37""-70"" TVs New"
8310293364925,"Utility Wagons","Vevor Utility Cart 2-Shelf 550 lbs Heavy-Duty Rolling Service Cart New"
8310293758141,"Sand Ice Machines","Vevor Blender Professional Countertop Blender with Shield 68 oz 9-Speed Black New"
8310293987517,"TV Stands","Vevor TV Mount Full Motion Wall Bracket for 26-55"" TVs New"
8310294282429,"Deep Fryers","Vevor Turkey Fryer 30-Qt Propane Boiler Steamer Cooker Set New"
8310294577341,"Self-Retracting Lifelines","Vevor Vertical Lifeline Assembly 0.55"" x 25' Fall Protection Rope New"
8310294741181,"Self-Retracting Lifelines","Vevor Arborist Flipline Steel Core 1/2"" x 8' Tree Climbing Lanyard with Snap Hook Carabiner New"
8310294806717,"Chimney Kits","Vevor Chimney Cap 12"" x 12"" 304 Stainless Steel Fireplace Cover New"
8310294872253,"Chimney Kits","Vevor Chimney Cap 9"" x 9"" 304 Stainless Steel Fireplace Cover New"
8310294937789,"Self-Retracting Lifelines","Vevor Vertical Lifeline Assembly 0.55"" x 50' Fall Protection Rope New"
8310295068861,"Self-Retracting Lifelines","Vevor Static Climbing Rope 96' 10.5 mm Outdoor Rock Climbing Rope New"
8310295101629,"Self-Retracting Lifelines","Vevor Vertical Lifeline Assembly 0.55"" x 100' Fall Protection Rope New"
8310295199933,"Slide Drawer For Pans","Vevor Pot Rack 24"" Wall-Mounted Hanging Pot and Pan Organizer New"
8310295396541,"Chimney Kits","Vevor Chimney Cap 17"" x 17"" Stainless Steel Fireplace Cover New"
8310295429309,"Slide Drawer For Pans","Vevor Pot Rack 30"" Wall-Mounted Hanging Rack New"
8310295462077,"Chimney Kits","Vevor Chimney Cap 6"" Stainless Steel Round Roof Rain Cap New"
8310295494845,"Chimney Kits","Vevor Chimney Cap 13"" x 9"" 304 Stainless Steel Fireplace Cover New"
8310295527613,"Self-Retracting Lifelines","Vevor Static Climbing Rope 32' 10.5 mm with Steel Snap Hooks Blue New"
8310295560381,"Self-Retracting Lifelines","Vevor Arborist Flipline Steel Core 1/2"" x 12' Tree Climbing Lanyard New"
8310295691453,"Self-Retracting Lifelines","Vevor Static Climbing Rope 64' 10.5 mm Blue Safety Rope New"
8310296084669,"Dump Tarp Roller Kits","Vevor Dump Truck Mesh Tarp 7.5' x 18' PVC-Coated Black Heavy Duty Cover New"
8310296117437,"Dump Tarp Roller Kits","Vevor Dump Truck Mesh Tarp 8 x 18' PVC-Coated Heavy Duty Black Cover New"
8310296314045,"Dump Tarp Roller Kits","Vevor Dump Truck Mesh Tarp 7' x 22' PVC-Coated Black Heavy Duty Cover New"
8310296346813,"Dump Tarp Roller Kits","Vevor Dump Truck Mesh Tarp 7 x 18' PVC-Coated Black Heavy Duty Cover New"
8310296543421,"Dump Tarp Roller Kits","Vevor Dump Truck Mesh Tarp 7' x 14' PVC-Coated Heavy Duty Black Cover New"
8310296576189,"Dump Tarp Roller Kits","Vevor Dump Truck Mesh Tarp 6' x 14' PVC-Coated Black Heavy Duty Cover New"
8310297428157,"Vertical Potato Dicer/Cutters","Vevor Vegetable Chopper Commercial 1/4"" Blade Fruit Dicer French Fry Cutter New"
8310297559229,"Vertical Potato Dicer/Cutters","Vevor Vegetable Chopper Commercial Stainless Steel Fruit Cutter with 4 Blades Tray New"
8310297788605,"Work Benches","Vevor Standing Desk Mobile Gas-Spring Height Adjustable Sit-Stand Desk New"
8310298017981,"Work Benches","Vevor Mobile Standing Desk Height Adjustable Rolling Laptop Table New"
8310298247357,"Chocolate Melters","Vevor Fondue Pot Electric 3 qt Cheese & Chocolate Melting Warmer with Temperature Control and 8 Forks New"
8310298542269,"Self-Retracting Lifelines","Vevor Safety Rope Tree Stand Lifeline 30' with Prusik Knot and Carabiners New"
8310298706109,"Dough Cutters","Vevor Pasta Maker Manual Hand Press Noodle Machine New"
8310299001021,"Asphalt Rakes","Vevor Landscape Rake 36"" Aluminum Lake Weed Rake with 75"" Handle New"
8310300278973,"Asphalt Rakes","Vevor Landscape Rake 36"" Aluminum Lake Weed Rake with Adjustable 102.36"" Handle New"
8310300606653,"F-Clamps","Vevor Bar Clamps 12"" One-Handed Clamp Spreader 2-Pack New"
8310302245053,"Electronic Signs","Vevor Felt Message Board Gradient Letter Board with LED Lights 10"" x 10"" New"
8310302834877,"F-Clamps","Vevor Bar Clamps 2-Pack 50"" Parallel Clamp Set New"
8310304342205,"Shopping Carts","Vevor Utility Cart Foldable Rolling Crate Handcart 80 lbs Black New"
8310304473277,"Annular Cutters","Vevor Hole Saw Kit Bi-Metal M42 General Purpose 18-Piece Set New"
8310304735421,"Cutting","Vevor Blacksmith Tongs 18"" Z V-Bit Forge Tongs New"
8310304833725,"Lever Casters","Vevor Leveling Casters 4-Pack 2"" Heavy Duty Adjustable Swivel Caster Wheels New"
8310305390781,"Cutting","Vevor Blacksmith Tongs 18"" V-Bit Bolt Forge Tongs New"
8310305554621,"Cutting","Vevor Blacksmith Tongs 18"" 3-Pc Carbon Steel Forge Set New"
8310305685693,"Cutting","Vevor Blacksmith Tongs 18"" 4-Pc Carbon Steel Forge Tong Set New"
8310305882301,"Cutting","Vevor Blacksmith Tongs 18"" Wolf Jaw Forge Tongs New"
8310306341053,"Annular Cutters","Vevor Hole Saw Kit Bi-Metal M42 11-Piece General Purpose Set with Carrying Case New"
8310306799805,"Lever Casters","Vevor Leveling Casters 2.5"" Heavy Duty Adjustable Swivel Caster Wheels Set of 4 New"
8310308241597,"Dining Benches","Vevor Bench Upholstered Ottoman End-of-Bed Entryway Beige New"
8310310502589,"Greenhouse Supplies","Vevor Egg Incubator 48 Egg Automatic Turner Poultry Hatcher New"
8310310535357,"Greenhouse Supplies","Vevor Egg Incubator 12-Egg Automatic Hatcher with Temperature and Humidity Control New"
8310310895805,"Vertical Potato Dicer/Cutters","Vevor Vegetable Chopper Commercial 1/2"" Food Fruit Dicer New"
8310311157949,"Greenhouse Supplies","Vevor Egg Incubator Automatic 24-Egg Poultry Hatcher New"
8310316662973,"Safes","Vevor Key Cabinet 200-Key Wall-Mount Steel Lock Box New"
8310316695741,"Fire Ring Covers","Vevor Fire Pit Spark Screen 36"" Round Stainless Steel Cover with Ring Handle New"
8310316794045,"Safes","Vevor Key Cabinet 100-Key Wall-Mount Security Lock Box New"
8310318203069,"Vacuum Buckets","Vevor Vacuum Chamber 3 Gallon Tempered Glass Lid Stainless Steel Degassing Chamber New"
8310318366909,"Vacuum Buckets","Vevor Vacuum Chamber 5 Gallon Tempered Glass Lid Degassing Chamber New"
8310318432445,"Vacuum Buckets","Vevor Vacuum Chamber 2 Gallon Acrylic Degassing Chamber New"
8310318465213,"Fire Ring Covers","Vevor Fire Pit Spark Screen 27"" Round Stainless Steel Cover New"
8310318661821,"Winches","Vevor Recovery Kit Off-Road Winch Recovery Kit 3"" x 30' 30,000 lbs with D-Ring Shackles New"
8310318825661,"Winches","Vevor Recovery Kit Off-Road Winch 3"" x 30' Heavy Duty Tow Strap with D-Ring Shackles and Storage Bag New"
8310318923965,"Door Hardware","Vevor Cabinet Pulls 30-Pack 3"" Center-to-Center Matte Black Stainless Steel Handles New"
8310319251645,"Door Hardware","Vevor Cabinet Pulls 10-Pack Matte Black Stainless Steel 5.03"" Center-to-Center New"
8310319317181,"Door Hardware","Vevor Cabinet Pulls 30 Pack 6.3"" Matte Black Stainless Steel Slim Square Handles New"
8310320005309,"Door Hardware","Vevor Cabinet Pulls 10-Pack 3"" Matte Black Stainless Steel Square Handles New"
8310320103613,"Door Hardware","Vevor Cabinet Pulls 30-Pack 3"" Matte Black Square Stainless Steel Handles New"
8310320234685,"Door Hardware","Vevor Cabinet Pulls 30-Pack Matte Black Stainless Steel 3.86"" Center-to-Center Square Handles New"
8310320365757,"Door Hardware","Vevor Cabinet Pulls Matte Black Stainless Steel Square 10-Pack New"
8310322233533,"Snow Plows","Vevor Snow Shovel 30"" Heavy-Duty Snow Pusher with Wheels New"
8310322856125,"Fireplace Doors","Vevor Fireplace Screen Vintage Iron Mesh Spark Guard Cover 39"" x 31.6"" New"
8310323085501,"Fireplace Doors","Vevor Fireplace Screen Freestanding Iron Mesh Spark Guard with Door 38.98"" x 30.7"" New"
8310323282109,"Fireplace Doors","Vevor Fireplace Screen Single Panel Iron Mesh Spark Guard 35.6"" x 28.4"" Black New"
8310323314877,"Fireplace Doors","Vevor Fireplace Screen 3-Panel Iron Mesh Spark Guard Cover 48"" x 30.2"" Vintage Black New"
8310323445949,"Fireplace Doors","Vevor Fireplace Screen Single Panel Iron Mesh Spark Guard Cover 38.6"" x 29.8"" New"
8310323511485,"Door Handles","Vevor Dryer Vent Cleaner Kit 40' 29-Piece Flexible Lint Trap Brush Set New"
8310323806397,"Heating Blankets","Vevor Heated Blanket 72"" x 84"" Full Size Soft Flannel Electric Throw Grey New"
8310324723901,"Gas Fittings & Connectors","Vevor Dryer Vent Cleaner Kit 40' 29-Piece Duct Cleaning Brush Set New"
8310324822205,"Door Handles","Vevor Front Door Handleset Satin Nickel Single Cylinder Deadbolt Lock Set New"
8310324953277,"Gas Fittings & Connectors","Vevor Dryer Vent Cleaner Kit 30' 22-Piece Flexible Lint Trap Brush Set New"
8310325248189,"Chairs","Vevor Kids Sofa Fold-Out Glow-in-the-Dark Convertible Toddler Couch New"
8310325280957,"Coolers","Vevor Insulated Beverage Dispenser 10 Gallon Hot and Cold Beverage Server New"
8310326689981,"Coolers","Vevor Insulated Beverage Dispenser 5 Gallon Hot and Cold Beverage Server New"
8310326722749,"Coolers","Vevor Beverage Dispenser 1.5 Gal Stainless Steel Insulated Hot and Cold Drink Server New"
8310326952125,"Coolers","Vevor Beverage Dispenser 2 Gal Stainless Steel Insulated Hot and Cold Drink Server New"
8310326984893,"Coolers","Vevor Insulated Beverage Dispenser 2.5 Gallon Hot and Cold Beverage Server New"
8310327115965,"Coolers","Vevor Beverage Dispenser Stainless Steel Insulated 2.4 Gal Hot and Cold Drink Server New"
8310327312573,"Dust Collectors","Vevor Shop Vacuum 5 gal 6 Peak HP Wet/Dry Vac with Blower Function New"
8310327738557,"Dust Collectors","Vevor Wet/Dry Vacuum Stainless Steel 5.5 Gallon 6 Peak HP Shop Vac with Blower Function New"
8310327902397,"Ovens","Vevor Shawarma Grill Machine 13 lbs Electric Vertical Broiler New"
8310327935165,"Dust Collectors","Vevor Shop Vacuum Stainless Steel Wet Dry 8 Gallon 6 Peak HP with Blower Function New"
8310329508029,"Work Benches","Vevor Table Top 60"" x 25"" Rectangular Particle Board Desktop New"
8310329639101,"Lacrosse Goal Equipments","Vevor Lacrosse Goal Portable 6' x 6"" Backyard Training Net New"
8310329704637,"Wheel Balancers","Vevor Wheel Alignment Tool Toe Plates with 2 Measuring Tapes New"
8310329770173,"Flower Vases","Vevor Wedding Flower Stand 4-Piece 35.43"" Crystal Gold Centerpiece Set New"
8310329868477,"Flower Vases","Vevor Wedding Flower Stand 4-Piece Gold Metal Column Centerpiece Display Rack 31.5"" New"
8310329966781,"Wheel Balancers","Vevor Wheel Alignment Tool Toe Plates Kit New"
8310330032317,"Wheel Balancers","Vevor Wheel Alignment Tool 2-Pack Toe Plates Camber Caster Toe Gauge New"
8310330294461,"Flower Vases","Vevor Wedding Flower Stand 2-Pc 31.5"" Gold Rectangular Geometric Centerpiece Display Rack New"
8310330589373,"Flower Vases","Vevor Wedding Flower Stand 10-Piece 23.6"" Acrylic Geometric Centerpiece Display Set New"
8310330622141,"Flower Vases","Vevor Wedding Flower Stand 10-Piece 31.5"" Gold Rectangular Centerpiece Display Rack New"
8310330687677,"Flower Vases","Vevor Wedding Flower Stand 4-Piece Gold Metal Column Centerpiece Display Rack 23.6"" New"
8310330785981,"Flower Vases","Vevor Wedding Flower Stand 2-Pc 31.5"" Acrylic Geometric Centerpiece Display Rack New"
8310331146429,"Mass Barriers","Vevor Car Sound Deadening Mat 50 mil 52 sq.ft Butyl Noise Insulation New"
8310331310269,"Mass Barriers","Vevor Sound Deadening Mat 80 mil 36 sq ft Butyl Automotive Sound Dampening Material New"
8310331408573,"Mass Barriers","Vevor Automotive Sound Deadener Mat 16 sq.ft 400 mil Acoustic Insulation New"
8310331539645,"Mass Barriers","Vevor Sound Deadening Mat 25 sq ft Butyl Noise Insulation Sheets New"
8310331637949,"Mass Barriers","Vevor Sound Deadener Car Sound Deadening Mat 200 mil 36 sq.ft New"
8310332031165,"Work Benches","Vevor Table Top Maple Wood Desktop 29.5"" x 23.6"" New"
8310332817597,"Thermal Imagers","Vevor Infrared Thermometer Dual Laser Temperature Gun New"
8310332915901,"Security Gates","Vevor Dog Gate Freestanding Folding Pet Barrier 24"" x 80.3"" White New"
8310334292157,"Stabilizing Jacks","Vevor Trailer Jack Block 6000 lbs RV Leveling Blocks 4-Pack New"
8310334423229,"Stabilizing Jacks","Vevor Trailer Jack Block RV Leveling Stabilizer Blocks 2-Pack New"
8310336323773,"Leather Embossing Machines","Vevor Leather Cutting Machine 7.1"" x 3.9"" Manual Die Cutter New"
8310336749757,"Roll Carpets","Vevor Garage Floor Mat Waterproof 3' x 5' Heavy Duty Containment Mat New"
8310336782525,"Roll Carpets","Vevor Garage Floor Mat 7.6' x 19' Waterproof Heavy Duty Containment Mat New"
8310336848061,"Roll Carpets","Vevor Garage Floor Mat Waterproof Non-Slip Heavy Duty 6.6' x 8.5' Containment Mat New"
8310336880829,"Roll Carpets","Vevor Garage Floor Mat 7.5' x 20' Waterproof Heavy Duty Containment Mat New"
8310336979133,"Inflatable Fenders","Vevor Boat Fenders 8.6"" x 16"" EVA Dock Bumpers 2-Pack Black New"
8310337044669,"Roll Carpets","Vevor Garage Floor Mat 8'10"" x 22' Waterproof Containment Mat New"
8310337274045,"Roll Carpets","Vevor Hot Tub Mat 80"" Round Waterproof Floor Protector New"
8310337503421,"Roll Carpets","Vevor Garage Floor Mat Waterproof 4.9' x 6' Heavy Duty Containment Mat New"
8310337863869,"Roll Carpets","Vevor Garage Floor Mat 7.4' x 17' Waterproof Heavy Duty Containment Mat New"
8310338257085,"Metal Golf Storage Organizers","Vevor Sports Equipment Organizer Rolling Ball Storage Cart with Baskets & Hooks Black New"
8310338289853,"Ninja Lines","Vevor Slackline Kit 60' Backyard Slack Line Set New"
8310339043517,"Composting Toilets","Vevor Portable Toilet Camping Porta Potty with 1.3 Gal Detachable Bucket and Paper Holder New"
8310339338429,"Security Gates","Vevor Dog Gate 24"" x 60"" Freestanding Foldable Pet Barrier Brown New"
8310340387005,"Water Heaters","Vevor Solar Shower 9.25 Gallon Outdoor Poolside Shower Kit New"
8310340518077,"Network Cable Testers","Vevor Underground Cable Locator Wire Tracer Break Detector with Earphone 6.5' Depth 3280' Range New"
8310340649149,"Network Cable Testers","Vevor Underground Cable Locator Wire Tracer Break Detector with Earphone 1000' Detection Length New"
8310340944061,"Network Cable Testers","Vevor Cable Locator Underground Wire Tracker 6561' Detection Length New"
8310341140669,"Brackets","Vevor Baluster Shoes Satin Black Aluminum Alloy Stair Flat Shoe Set 50 Pcs New"
8310341304509,"Hammocks","Vevor Hanging Hammock Chair Kids Nest Swing Blue 39"" x 52"" 250 lbs Capacity New"
8310341337277,"Natural Gas Detectors","Vevor Carbon Monoxide Detector CO Gas Monitor with Audible and Visual Alarm New"
8310341959869,"Power Table Feed Mills","Vevor Collet Chuck Set Precision R8 13-Pc 1/8""-7/8"" New"
8310342090941,"Power Table Feed Mills","Vevor Collet Set ER32 25-Piece Precision Spring Collet Chuck Set New"
8310342615229,"Air Horns","Vevor Air Compressor 12V Onboard System with 0.8 Gal Tank New"
8310343434429,"Dryer Motor Repair Kits","Vevor Dryer Motor Compatible with Kenmore Whirlpool KitchenAid Roper New"
8310344089789,"Hydraulic Hoses","Vevor Fuel Line Kit 25' 5/16"" Nylon Stainless Steel Braided PTFE Hose with 15 Swivel Fittings Black New"
8310344155325,"Bike Racks","Vevor Bike Repair Stand Adjustable Aluminum Bicycle Workstand New"
8310344253629,"Hydraulic Hoses","Vevor Fuel Line Kit 10AN 10' Braided Oil Gas Diesel Hose End Fitting Kit Black New"
8310344286397,"Hydraulic Hoses","Vevor Fuel Line Kit 20' 6AN Nylon Stainless Steel Braided Hose with 12 Swivel Fittings Black New"
8310344351933,"Fans","Vevor Fan Rechargeable 9"" Portable Battery Powered LED Lantern New"
8310344483005,"Hydraulic Hoses","Vevor Fuel Line Kit 20' 8AN Braided Nylon Stainless Steel Hose with 12-Pc Swivel Fittings Black New"
8310345105597,"Power Table Feed Mills","Vevor Rotary Table 4"" Horizontal Vertical Milling Machine Rotary Table with 3.1"" 3-Jaw Chuck New"
8310345269437,"Sand Blaster Cabinets","Vevor Sand Blaster 5 Gallon Portable Abrasive Blasting Tank New"
8310345433277,"Bathroom Storage Containers","Vevor Makeup Case 5-in-1 Professional Rolling Train Case Black New"
8310345597117,"RV Covers","Vevor Boat Cover Trailerable Waterproof 14'-16' 600D Marine Grade Grey New"
8310345662653,"RV Covers","Vevor Boat Cover 20'-22' Trailerable Waterproof Marine Grade 600D Grey New"
8310345695421,"RV Covers","Vevor Boat Cover 17'-19' Trailerable Waterproof 600D Marine Grade Grey New"
8310345760957,"RV Covers","Vevor Boat Cover T-Top Waterproof Trailerable 20'-22' Grey New"
8310345859261,"Bike Racks","Vevor Bike Repair Stand Adjustable Height Heavy-Duty Steel Workstand 80 lbs New"
8310346186941,"Thermostats","Vevor Heat Transfer Plates 2' Aluminum Radiant Floor Heating Plates for 3/4"" PEX Pipe 200 pcs New"
8310346252477,"Bathroom Storage Containers","Vevor Makeup Train Case 3-Tier Waterproof Oxford Storage Organizer Black New"
8310346645693,"Bathroom Storage Containers","Vevor Makeup Train Case Rolling 3-Tier Waterproof Storage Organizer Black New"
8310346711229,"Chessboards","Vevor Chess Set Tournament 20"" Roll-Up Beginner Board with Weighted Pieces New"
8310347104445,"Security Gates","Vevor Dog Gate Free Standing Foldable 24"" x 60"" 3-Panel Pet Barrier White New"
8310347399357,"Hydraulic Steering","Vevor Boat Steering Cable 17' Outboard Marine Rotary Steering Cable New"
8310349365437,"Other Emergency Accessories","Vevor Crowd Control Stanchions 2-Pack with 6.5' Retractable Belt New"
8310349725885,"Other Emergency Accessories","Vevor Stanchions 2-Pack Crowd Control Barriers with 6.5' Black Retractable Belt New"
8310350053565,"Other Emergency Accessories","Vevor Stanchion Post with Red Velvet Ropes 4-Pack Crowd Control Barrier New"
8310350151869,"Other Emergency Accessories","Vevor Stanchion Post with Velvet Rope 6-Pack Crowd Control Barrier New"
8310350414013,"Adhesives & Tapes","Vevor Automatic Label Dispenser Adjustable Speed Label Stripper Machine New"
8310351069373,"Climb Tunnels","Vevor Play Tent 3-in-1 Kids Pop-Up Playhouse Tunnel Rocket Theme Royal Blue New"
8310351724733,"Composite Deck Posts","Vevor Cable Railing Post 36"" Black Stainless Steel Deck and Stair Handrail Post New"
8310351888573,"Yoga Equipment","Vevor Sensory Swing Kids Therapy Hammock 3.1 Yards Blue New"
8310352052413,"Climb Tunnels","Vevor Play Tent 3-in-1 Kids Pop-Up Playhouse with Tunnel Ball Pit Magenta New"
8310352117949,"Yoga Equipment","Vevor Sensory Swing Kids Therapy Hammock Indoor Outdoor Purple New"
8310352281789,"Welded Wire Fences","Vevor Hardware Cloth 48"" x 50' Galvanized Wire Mesh Roll New"
8310352773309,"Welded Wire Fences","Vevor Hardware Cloth 48"" x 100' Galvanized Wire Mesh Roll New"
8310352871613,"Smart Speakers And Displays","Vevor Microphone Isolation Ball Shield with Dual-Layer Pop Filter New"
8310353297597,"Batteries","Vevor Sump Pump Battery Backup 2000W LCD Display Inverter New"
8310353330365,"Welded Wire Fences","Vevor Hardware Cloth 48"" x 50' Galvanized Wire Mesh Roll New"
8310353690813,"Smart Speakers And Displays","Vevor Microphone Isolation Shield 5-Panel Studio Recording Sound Shield with Pop Filter and Floor Tripod Stand New"
8310353756349,"Grating Rulers","Vevor Digital Readout 3-Axis DRO Display Kit New"
8310354149565,"Special Pavement Wheels","Vevor Lawn Mower Tires 15x6-6"" Tubeless Tire and Wheel Assembly 2-Pack New"
8310354182333,"LED Panel Lights","Vevor LED Wraparound Light 4' 50W 5500LM Flush Mount Shop Ceiling Fixture New"
8310354411709,"Special Pavement Wheels","Vevor Lawn Mower Tires 11x4-5"" Flat-Free PU Wheel Assembly 2-Pack New"
8310354542781,"Special Pavement Wheels","Vevor Lawn Mower Tires with Rim 20x8-8"" 2-Pack Tubeless Tractor Tire and Wheel Assembly New"
8310354935997,"Special Pavement Wheels","Vevor Go Kart Wheels 10x4.5-5"" Front Tires and Rims 2-Pack New"
8310354968765,"Air Filters","Vevor Aquarium Filter 660 GPH 5-Stage Canister Filter for 235-Gallon Fish Tanks New"
8310355001533,"Special Pavement Wheels","Vevor Lawn Mower Tires with Rim 13x5-6"" Flat-Free PU 2-Pack New"
8310355067069,"Special Pavement Wheels","Vevor Go Kart Wheels 11x6-5"" Rear Tire and Rim Set 2-Pack New"
8310355165373,"Special Pavement Wheels","Vevor Lawn Mower Tires with Rim 16x6.5-8"" Tubeless 2-Pack New"
8310355329213,"Air Filters","Vevor Aquarium Filter 264 GPH 3-Stage Canister Filter for 75-Gallon Fish Tanks New"
8310355361981,"Special Pavement Wheels","Vevor Lawn Mower Tires 15x6-6"" 2-Pack Tire and Wheel Assemblies New"
8310355689661,"Air Filters","Vevor Aquarium Filter 528 GPH 5-Stage Canister Filter for 200-Gallon Fish Tanks New"
8310355755197,"Smart Speakers And Displays","Vevor Microphone Boom Arm Adjustable Desk Mount Mic Stand New"
8310355853501,"Air Filters","Vevor Aquarium Filter 317 GPH 4-Stage Canister Filter for 100 Gallon Tanks New"
8310355886269,"Smart Speakers And Displays","Vevor USB Microphone Professional Condenser Recording Kit New"
8310356017341,"Air Filters","Vevor Aquarium Filter 172 GPH 30 Gallon Ultra-Quiet Internal UV Submersible Power Filter New"
8310356082877,"LED Panel Lights","Vevor LED Wraparound Light 4' 4-Pack 50W 5500LM 6500K Flush Mount Shop Light New"
8310356705469,"Shower Systems Installation Kits","Vevor Shower Curb Kit 36"" x 36"" Waterproof Shower Pan with Central Drain New"
8310356771005,"Smart Speakers And Displays","Vevor Microphone Boom Arm Desk-Mounted Adjustable Stand New"
8310356902077,"Smart Speakers And Displays","Vevor Microphone Kit USB Condenser Podcast Microphone with Boom Arm, Pop Filter & 11 RGB Lighting New"
8310357393597,"Sand Blaster Cabinets","Vevor Dust Collection System 1.6 HP Media Reclaimer 1.8 Gallon New"
8310357885117,"Lab Distillation","Vevor Lab Stand Support Set Laboratory Retort Stand with 23.6"" Rod and Cast Iron Base New"
8310358474941,"Toilets","Vevor Commode Chair Bedside Raised Toilet Seat with Padded Seat and Arms New"
8310360703165,"Push Up Stands","Vevor Parallel Bars Adjustable Height Dip Bar Station 800 lbs New"
8310360801469,"Door Hardware","Vevor Outdoor Kitchen Door 18"" x 21"" Stainless Steel Flush Mount Single Access Door New"
8310361129149,"Door Hardware","Vevor Access Door 16"" x 22"" Matte Black Outdoor Kitchen Door New"
8310361391293,"Safes","Vevor Binding Machine Coil Spiral Book Maker New"
8310361653437,"Welded Wire Fences","Vevor Hardware Cloth 36"" x 50' Galvanized Wire Mesh Roll New"
8310361686205,"Vending Machines","Vevor Gumball Machine 16"" Coin-Operated Candy Dispenser Red New"
8310362046653,"Push Up Stands","Vevor Dip Bar Adjustable Height 500 lbs Capacity Parallel Bars New"
8310362144957,"Safes","Vevor Binding Machine 21-Hole Comb Binder for Letter A4 A5 450 Sheets New"
8310362243261,"Safes","Vevor Binding Machine Coil Spiral Book Maker New"
8310362341565,"Safes","Vevor Binding Machine Coil Spiral Book Maker with Electric Binding New"
8310362407101,"Vegetable Fruit Dicers","Vevor Commercial Slicer Manual Vegetable Fruit Slicer New"
8310362570941,"Vegetable Fruit Dicers","Vevor Vegetable Slicer Adjustable Thickness Manual Commercial Food Cutter New"
8310362898621,"Push Up Stands","Vevor Dip Bars Adjustable Height Strength Training Stand New"
8310362964157,"Safes","Vevor Paper Press Machine Manual Bookbinding Press for A4 Papers 12"" x 8.6"" New"
8310363127997,"Door Hardware","Vevor Access Door 34"" x 19"" Double Outdoor Kitchen Door New"
8310363193533,"Door Hardware","Vevor BBQ Access Door 26"" x 24"" Double Stainless Steel Flush Mount Outdoor Kitchen Door New"
8310363226301,"Door Hardware","Vevor Outdoor Kitchen Door 24"" x 24"" Double Stainless Steel BBQ Access Door New"
8310363816125,"Door Hardware","Vevor Outdoor Kitchen Door 31"" x 24"" Double BBQ Access Door Matte Black New"
8310363848893,"Door Hardware","Vevor BBQ Access Door 30"" x 21"" Double Outdoor Kitchen Door New"
8310364012733,"Door Hardware","Vevor Outdoor Kitchen Door 36"" x 24"" Double Stainless Steel Flush Mount Access Door New"
8310364668093,"Door Hardware","Vevor Outdoor Kitchen Door 27"" x 20"" Stainless Steel Flush Mount BBQ Access Door New"
8310364995773,"Tomato Slicers","Vevor Vegetable Slicer Commercial Manual Fruit and Vegetable Cutter with 1/4"", 3/8"", 1/2"" Blades New"
8310365061309,"Tomato Slicers","Vevor Vegetable Slicer Commercial 3/8"" Manual Fruit and Vegetable Cutter New"
8310365159613,"Tomato Slicers","Vevor Vegetable Slicer Commercial 1/2"" Manual Fruit and Vegetable Cutter New"
8310366339261,"Vertical Kegerator Key Dispensers","Vevor Drip Tray Kegerator Beer Drip Pan 11.81"" x 7.09"" New"
8310366699709,"Vertical Kegerator Key Dispensers","Vevor Beer Drip Tray 12"" x 7"" Stainless Steel Kegerator Drip Pan New"
8310367060157,"Water Pressure Regulators","Vevor Hydrostatic Test Pump Manual Water Pressure Tester Kit New"
8310367223997,"Carports","Vevor Carport Replacement Canopy Cover 10' x 20' Waterproof UV-Protected Grey Top New"
8310367420605,"Carports","Vevor Carport Replacement Canopy Cover 10' x 20' Waterproof UV Protected White Top Cover New"
8310368633021,"Vertical Kegerator Key Dispensers","Vevor Kegerator Tower Single Tap Beer Conversion Kit New"
8310368731325,"Vertical Kegerator Key Dispensers","Vevor Kegerator Tower Kit Single Tap Beer Conversion Kit New"
8310369059005,"Mahjong Sets","Vevor Mahjong Table Folding 4-Player Card Table with Cup Holders & Chip Trays 35.4"" New"
8310369255613,"Golf Mats","Vevor Golf Net 10' x 10' Indoor Practice Hitting Barrier New"
8310369321149,"Golf Mats","Vevor Golf Practice Net 10.8' x 7' Indoor Outdoor Hitting Net New"
8310369452221,"Mahjong Sets","Vevor Mahjong Table Folding Card Game Table with 4 Cup Holders and 4 Chip Trays 35.4"" x 35.4"" White New"
8310369484989,"Golf Mats","Vevor Golf Net 10' x 15"" Indoor Outdoor Practice Hitting Net New"
8310369812669,"Mug Heat Press Accessories","Vevor Tumbler 16-Pack 20 oz Straight Sublimation Stainless Steel Double-Wall Blank Cups New"
8310370042045,"Mahjong Sets","Vevor Mahjong Table Fold-in-Half 4-Player Card Table with Wear-Resistant Green Tabletop New"
8310370271421,"Mug Heat Press Accessories","Vevor Tumblers 24-Pack 20 oz Straight Sublimation Stainless Steel Double-Wall Cups New"
8310370468029,"Shower Chairs","Vevor Shower Bench Corner Teak Wood with Storage Shelf 12.4"" New"
8310370500797,"Mahjong Sets","Vevor Mahjong Table Folding 4-Player Card Game Table 35.4"" Black New"
8310370926781,"Punching Bag Stands","Vevor Punching Bag 4' PVC Heavy Boxing Bag Set New"
8310371025085,"Mug Heat Press Accessories","Vevor Tumblers 8-Pack 20 oz Straight Sublimation Stainless Steel Double-Wall Blank with Lid and Straw New"
8310371287229,"Stretch Wrap Dispensers","Vevor Stretch Film 15"" x 1000' 3-Pack Clear Heavy-Duty Wrap with Handles New"
8310371418301,"Stretch Wrap Dispensers","Vevor Stretch Film 5"" x 1000' 2-Pack 80 Gauge Clear Wrap with Handles New"
8310371451069,"Stretch Wrap Dispensers","Vevor Stretch Film 15"" x 1200' 4-Pack 80 Gauge Clear Industrial Stretch Wrap with Handles New"
8310371483837,"Stretch Wrap Dispensers","Vevor Stretch Film 15"" x 1200' 2-Pack 80 Gauge Clear Heavy-Duty Wrap with Handles New"
8310371582141,"Vertical Kegerator Key Dispensers","Vevor Beer Tower Triple Tap Draft Dispenser New"
8310371614909,"Vertical Kegerator Key Dispensers","Vevor Draft Beer Tower Dual Tap Stainless Steel Kegerator Tower Kit New"
8310371647677,"Vertical Kegerator Key Dispensers","Vevor Kegerator Tower Kit Dual Tap Stainless Steel Beer Dispenser New"
8310371745981,"Concrete Forms","Vevor Concrete Knee Boards Stainless Steel 28"" x 8"" Finishing Sliders New"
8310371942589,"Stretch Wrap Dispensers","Vevor Stretch Film 15"" x 1200' 80 Gauge Clear Wrap with Handles New"
8310372008125,"Punching Bag Stands","Vevor Boxing Spinning Bar Wall-Mounted Adjustable Reflex Trainer with Gloves Black New"
8310372040893,"Stretch Wrap Dispensers","Vevor Stretch Film 5"" x 1000' 4-Pack 80 Gauge Clear Heavy Duty Wrap with Handles New"
8310372073661,"Concrete Forms","Vevor Concrete Knee Boards Stainless Steel 30"" x 10"" with Knee Pads & Straps New"
8310372139197,"Stretch Wrap Dispensers","Vevor Stretch Film 15"" x 1000' 2-Pack 60 Gauge Clear Industrial Wrap with Handles New"
8310372434109,"Stretch Wrap Dispensers","Vevor Stretch Film 15"" x 1000' 4-Pack 60 Gauge Clear Wrap with Handles New"
8310372532413,"Storage Bins","Vevor Storage Cabinet 5-Compartment Cubby Mobile Tray Natural New"
8310372729021,"Storage Bins","Vevor Toy Storage Organizer 5-Cubby Wood Bookshelf Cabinet White New"
8310372794557,"Storage Bins","Vevor Storage Bookshelf 4-Tier Kids Wooden Bookshelf for Playroom Nursery New"
8310372827325,"Golf Mats","Vevor Golf Chipping Net Pop-Up Practice Net with Target and Carry Bag Red New"
8310373449917,"Popsicle Machines","Vevor Popsicle Molds Commercial 40-Pc Cylindrical Stainless Steel Ice Pop Mold Set New"
8310373712061,"Shower Chairs","Vevor Corner Shower Bench Waterproof Faux Wood Grain 16.5"" with Storage Shelf New"
8310373810365,"Popsicle Machines","Vevor Popsicle Molds Commercial 40-Pc Round-Head Stainless Steel Ice Pop Mold Set New"
8310374596797,"Water Ionizers","Vevor Hydrogen Water Pitcher Hydrogen-Rich Water Kettle 1.5 L New"
8310374760637,"Soda Fountain Machines","Vevor Soda Maker Sparkling Water Starter Kit with 2 1L PET Bottles and CO2 Cylinder New"
8310375153853,"Furniture Covers","Vevor Chair Sashes Satin 50 Pcs 7"" x 108"" Gold Wedding Reception Decoration New"
8310375841981,"Instrument Cases","Vevor DJ Cable File Bag Organizer New"
8310376005821,"Hoverboards","Vevor Hoverboard Seat Attachment Go Kart with LED Lights New"
8310376464573,"Hoverboards","Vevor Hoverboard Seat Attachment Adjustable Go-Kart for 6.5"" 8"" 8.5"" 10"" Hoverboards New"
8310378758333,"Mug Heat Press Accessories","Vevor Sublimation Tumbler 8-Pack 30 oz Skinny Straight Stainless Steel Blanks Cups New"
8310380855485,"Chair Covers","Vevor Seat Covers Universal Full Set Front and Rear Faux Leather 9-Piece Black New"
8310380888253,"Chair Covers","Vevor Seat Covers Universal Front Seat Faux Leather Covers 2-Piece Beige New"
8310381281469,"Chair Covers","Vevor Seat Covers Universal Faux Leather Front Car Seat Covers 6-Piece Beige New"
8310381314237,"Chair Covers","Vevor Seat Covers Universal Front Faux Leather Car Seat Covers 6pc Black New"
8310381445309,"Chair Covers","Vevor Seat Covers Universal Faux Leather Full Set Front and Rear 13pcs Beige New"
8310381609149,"Chair Covers","Vevor Seat Covers Universal Faux Leather Front Car Seat Covers 2-Piece Black New"
8310381641917,"Chair Covers","Vevor Seat Covers Universal Full Set Faux Leather Car Seat Covers New"
8310381674685,"Chair Covers","Vevor Seat Covers Universal Faux Leather Full Set Front and Rear 13pc Black New"
8310384197821,"Water Testing Kits","Vevor Air Quality Monitor 8-in-1 Indoor Outdoor AQI Meter New"
8310384361661,"Water Testing Kits","Vevor Air Quality Monitor 9-in-1 Indoor Outdoor CO2 PM2.5 PM10 PM1.0 TVOC HCHO Meter New"
8310385344701,"Yoga Equipment","Vevor Balance Ball Trainer 23"" Half Exercise Ball with Resistance Bands Gray New"
8310385508541,"Yoga Equipment","Vevor Balance Ball Trainer 23"" Half Exercise Ball with Resistance Bands Pink New"
8310385737917,"Yoga Equipment","Vevor Balance Trainer Ball 23"" Half Exercise Ball with Resistance Bands Blue New"
8310385901757,"Yoga Equipment","Vevor Balance Ball Trainer 26"" Half Exercise Ball with Resistance Bands Blue New"
8310386557117,"Yoga Equipment","Vevor Balance Trainer Half Exercise Ball 26"" Stability Ball with Resistance Bands Black New"
8310386720957,"Polypropylene Ropes","Vevor Rope Double-Braided Polyester 1/2"" x 220' 8000 lbs Orange/Black New"
8310388424893,"Polypropylene Ropes","Vevor Rope Double Braided Polyester 3/4"" x 220' Outdoor Arborist Rigging Orange/Black New"
8310388457661,"Polypropylene Ropes","Vevor Rope Braided Nylon 3/16"" x 250' Black Climbing Rigging Rope New"
8310388654269,"Speaker Systems","Vevor Ceiling Speaker 8"" 200W Flush Mount In-Ceiling In-Wall Speaker New"
8310388818109,"Yoga Equipment","Vevor Balance Trainer Ball Half Exercise Ball with Resistance Bands and Pump 23"" 660 lbs Black New"
8310388949181,"Polypropylene Ropes","Vevor Rope Double Braided Polyester Climbing Rope 1/2"" x 120' 8000 lbs Orange Black New"
8310389735613,"Polypropylene Ropes","Vevor Rope Braided Nylon 3/16"" x 1000' 720 lbs Black New"
8310390063293,"Cigar Cutters","Vevor Cigarette Rolling Machine Solid Brass Manual Tobacco Roller New"
8310390128829,"Polypropylene Ropes","Vevor Rope Double Braided Polyester Climbing Rigging Rope 3/8"" x 120' 4000 lbs Orange Black New"
8310392225981,"Auto Parts","Vevor Hydraulic Control Valve 1-Spool 25 GPM Log Splitter Directional Valve New"
8310392422589,"Cleaning Caddies","Vevor Shopping Basket 6-Pc 39L Rolling Basket Set with Wheels & Handles New"
8310392455357,"Cleaning Caddies","Vevor Shopping Basket 12-Piece 21L Grocery Basket Set with Metal Handle and Stand Black New"
8310392488125,"Cleaning Caddies","Vevor Shopping Basket 12-Pc 24L Grocery Basket with Handle Stand Red New"
8310392520893,"Cleaning Caddies","Vevor Shopping Basket Set of 12 24L Blue Grocery Basket with Stand New"
8310392553661,"Cleaning Caddies","Vevor Shopping Basket Set of 12 21L Grocery Baskets with Metal Handles and Stand Red New"
8310392651965,"Cleaning Caddies","Vevor Shopping Basket 6-Piece 39L Rolling Basket Set Red New"
8310392684733,"Cleaning Caddies","Vevor Shopping Basket Foldable 3-Pack 16L Grocery Storage Baskets with Handle Black New"
8310392783037,"Cleaning Caddies","Vevor Shopping Basket Foldable 25L 3-Pack with Handle Black New"
8310393274557,"Cleaning Caddies","Vevor Shopping Baskets 12-Piece Black Metal Wire Mesh Set with Handles and Stand New"
8310393897149,"Relays","Vevor Battery Isolator 250A Dual Battery Smart Isolator for 12V/24V Vehicles with LCD Screen New"
8310394650813,"Electrical Enclosures","Vevor PV Combiner Box 4-String 15A Steel Case IP65 New"
8310394683581,"Electrical Enclosures","Vevor PV Combiner Box 6-String 10A Steel Case IP65 New"
8310394945725,"Plastic Sheeting","Vevor Carpet Protector 24"" x 12' Scratch-Proof Cat Carpet Mat New"
8310395076797,"Plastic Sheeting","Vevor Carpet Protector Pet Scratch Guard Mat 15"" x 4' New"
8310396879037,"Glue Binder Machines","Vevor Binding Covers Thermal Presentation Covers 10-Pack 5/16"" Spine Letter Size New"
8310397698237,"Composting Toilets","Vevor Portable Toilet Camping Porta Potty with Carry Bag 5.3 Gal Waste Tank 3.2 Gal Flush Tank New"
8310397829309,"Plastic Sheeting","Vevor Carpet Protector Pet Scratch-Proof Doorway Mat 24"" x 6' New"
8310398058685,"Gramophones","Vevor Turntable Vinyl Record Player with Built-in 10W Stereo Speakers New"
8310398156989,"Composting Toilets","Vevor Portable Toilet Camping Flush Commode with Carry Bag New"
8310398419133,"Winches","Vevor Recovery Shackle 3/4"" 2-Pack Alloy Steel Red New"
8310398451901,"Non-Folding Dog Stairs","Vevor Pet Stairs Wooden 2-in-1 Foldable 4-Step Dog Ramp 150 lbs New"
8310398484669,"Winches","Vevor D-Ring Shackle 3/4"" 2-Pack Heavy Duty Recovery Shackle Red New"
8310398517437,"Work Benches","Vevor Wall Mounted Folding Table Space-Saving Drop Leaf Desk White New"
8310398582973,"Work Benches","Vevor Wall Mounted Folding Table 47.2"" x 19.7"" Fold-Down Floating Desk White New"
8310398615741,"Work Benches","Vevor Wall Mounted Folding Table 43.3"" x 18"" Floating Desk White New"
8310398648509,"Winches","Vevor Tow Shackles Synthetic Soft Shackle Recovery Rope 1/2"" x 22"" 2-Pack New"
8310398681277,"Work Benches","Vevor Folding Table Wall-Mounted Drop-Leaf 31.5"" x 15.7"" White New"
8310398779581,"Winches","Vevor D-Ring Shackle 3/4"" 2-Pack Heavy Duty Recovery Shackle Orange New"
8310398812349,"Winches","Vevor Soft Shackle Synthetic Recovery Rope 1/2"" x 22"" 2-Pack 44,092 lbs Orange New"
8310398845117,"Winches","Vevor D-Ring Shackle 4-Pack 1/2"" Alloy Steel Recovery Tow Shackles New"
8310398910653,"Winches","Vevor D-Ring Shackle 3/4"" 2-Pack Alloy Steel Recovery Shackles Orange New"
8310398943421,"Winches","Vevor Soft Shackle Synthetic Recovery Rope 1/2"" x 22"" 2-Pack 44092 lbs Breaking Strength New"
8310398976189,"Winches","Vevor D-Ring Shackle 5/8"" 4-Pack Alloy Steel Recovery Shackles New"
8310399566013,"Work Benches","Vevor Wall Mounted Folding Table Space-Saving Drop Leaf Desk White New"
8310400057533,"Work Benches","Vevor Wall Mounted Folding Table 39.4"" x 19.7"" Fold-Down Floating Desk White New"
8310400090301,"Winches","Vevor D-Ring Shackle 3/4"" 2-Pack Heavy Duty Off-Road Recovery for Jeep Truck Black New"
8310400745661,"Work Benches","Vevor Folding Table Wall Mounted Drop Leaf Floating Desk White 31.5"" x 19.69"" New"
8310401106109,"Winches","Vevor D-Ring Shackle 3/4"" 2-Pack Off-Road Recovery Black New"
8310401138877,"Gramophones","Vevor Turntable 3-Speed Bluetooth Vinyl Record Player New"
8310401728701,"Work Benches","Vevor Wall Mounted Folding Table Space-Saving Drop Leaf Desk 31.5"" x 23.62"" New"
8310402089149,"Work Benches","Vevor Wall Mounted Folding Table 47.2"" x 19.7"" Fold-Down Floating Desk New"
8310402220221,"Transfer Benches","Vevor Shower Chair Swivel 360° Adjustable Padded Bath Seat with Pivoting Arms New"
8310405431485,"Flagpoles","Vevor Advertising Feather Flag Kit Open Look Welcome 16.3' New"
8310405791933,"Flagpoles","Vevor Advertising Flags Open Feather Flag Kit 16.3' New"
8310406873277,"Flagpoles","Vevor Feather Flag Burger Restaurant Advertising Kit 16.3' New"
8310407561405,"Transfer Benches","Vevor Shower Chair 360 Degree Swivel Adjustable Shower Seat with Pivoting Arms 400 lbs New"
8310408020157,"Transfer Benches","Vevor Shower Chair 360° Swivel Adjustable Seat with Armrests and Backrest New"
8310408249533,"Playing Field Benchs","Vevor Folding Bench 6' Portable Indoor/Outdoor Picnic Party Patio Camping White New"
8310408315069,"Playing Field Benchs","Vevor Folding Bench 6' Portable Indoor Outdoor Picnic Party Patio Camping Dining Black New"
8310408380605,"Playing Field Benchs","Vevor Folding Bench 6' Portable Outdoor Picnic Camping 2-Pack White New"
8310408872125,"RV Kitchens","Vevor Heated Water Hose 15' RV Drinking Water Hose New"
8310408904893,"RV Kitchens","Vevor Heated Water Hose 50' RV Drinking Water Hose New"
8310409363645,"Cleaning Caddies","Vevor Shopping Basket Set of 20 21L Portable Grocery Basket with Handle and Stand Red New"
8310410379453,"ATV Accessories","Vevor Traction Boards 7-Ton Recovery Boards with Storage Bags Short Black New"
8310410707133,"Rock Climbing Holds","Vevor Tree Climbing Kit Ninja Tree Climbing Holds with 6 Ratchet Straps New"
8310410805437,"ATV Accessories","Vevor Traction Boards 10-Ton Recovery Boards with Storage Bag Black New"
8310411067581,"ATV Accessories","Vevor Traction Boards 10-Ton Recovery Boards with Storage Bag Black New"
8310411526333,"Cleaning Caddies","Vevor Shopping Basket 21L Portable Grocery Basket with Handle and Stand Set of 12 Red New"
8310412083389,"Dog Stairs","Vevor Dog Stairs 4-Step Folding Car Ramp for Cars SUVs and Trucks 150 lbs New"
8310412804285,"ATV Accessories","Vevor Traction Boards 10-Ton Recovery Boards with Storage Bag Red New"
8310412869821,"Other Emergency Accessories","Vevor Stanchion Stainless Steel Crowd Control Barrier 6-Pack with Retractable Belts New"
8310413000893,"ATV Accessories","Vevor Traction Boards 10-Ton Recovery Boards Pair with Storage Bag Orange New"
8310413361341,"RV Kitchens","Vevor Heated Water Hose 25' RV Drinking Water Hose with Corrugated Cover Antifreeze to -45°F New"
8310413885629,"Rock Climbing Holds","Vevor Tree Climbing Kit Ninja Tree Climbing Holds and Ratchet Straps New"
8310414147773,"RV Kitchens","Vevor Heated Water Hose 30' RV Drinking Water Hose New"
8310414409917,"Single Swing Seats","Vevor Swing Seats 2-Pack Outdoor Replacement Set with 66"" Chains Green New"
8310416474301,"Side Tables","Vevor Console Table Rattan Entryway Sofa Table with 2 Storage Drawers Natural New"
8310416507069,"Side Tables","Vevor Console Table Half Moon Rattan Entryway Storage Table Black New"
8310416572605,"Side Tables","Vevor Console Table Rattan Entryway Storage Table with 2 Drawers and Sliding Door 39"" Natural New"
8310417948861,"Shower Chairs","Vevor Shower Bench Bamboo Bathroom Stool with Storage Shelf 19.1"" x 11.3"" x 18.3"" New"
8310418571453,"Side Tables","Vevor Console Table Rattan Entryway with 3 Drawers Natural New"
8310422208701,"Art Photographys","Vevor Photo Light Box 12"" x 12"" LED Shooting Tent Kit New"
8310422765757,"Bone Saw Machines","Vevor Band Saw Blade Meat Bone Cutting 51.2"" x 0.63"" x 0.02"" Carbon Steel 5-Pc New"
8310423257277,"Bone Saw Machines","Vevor Band Saw Blade 83.5"" Carbon Steel Meat Cutting Replacement 5-Pack New"
8310423322813,"DJ Booth Facades","Vevor DJ Stand Portable Adjustable Foldable DJ Table New"
8310423453885,"Bone Saw Machines","Vevor Band Saw Blade Meat Bone Cutting Carbon Steel 82.3"" x 0.63"" x 0.02"" 5 Pack New"
8310424010941,"Roller Hockey Goals","Vevor Hockey Goal 72"" Steel Net with Backstop and Targets New"
8310425551037,"Chassis Type Rice Cookers","Vevor Commercial Rice Cooker 50-Cup 10L Nonstick Warmer New"
8310425813181,"Self-Retracting Lifelines","Vevor Static Rope 200' 12.7 mm Outdoor Rock Climbing Rope Blue New"
8310425911485,"Vibrating Screen Machines","Vevor Flour Sifter 12.6"" 10-Mesh Stainless Steel Fine Mesh New"
8310425977021,"Electrical Enclosures","Vevor Server Rack Shelf 2U 16"" Vented Rack Mount Shelf New"
8310426009789,"Electrical Enclosures","Vevor Server Rack Shelf 1U 10"" 2-Pack Vented Wall Mount Tray New"
8310426075325,"Vibrating Screen Machines","Vevor Flour Sieve 150 Mesh Fine Mesh Stainless Steel Sifter 12.6"" New"
8310426108093,"Vibrating Screen Machines","Vevor Flour Sifter 80 Mesh Stainless Steel Fine Mesh 12.6"" New"
8310426239165,"Self-Retracting Lifelines","Vevor Dynamic Rope 131' 10.2 mm Outdoor Rock Climbing Rope Blue New"
8310426271933,"Vibrating Screen Machines","Vevor Flour Sifter 12.6"" Stainless Steel Fine Mesh 40 Mesh New"
8310426337469,"Vibrating Screen Machines","Vevor Flour Sieve 12 Mesh 304 Stainless Steel 12.6"" Fine Mesh Sifter New"
8310426468541,"Self-Retracting Lifelines","Vevor Dynamic Rope 10.2mm 60m 197' Rock Climbing Rope Blue New"
8310426501309,"Self-Retracting Lifelines","Vevor Flipline 10' Steel Core Arborist Line for Tree Climbing New"
8310426534077,"Self-Retracting Lifelines","Vevor Vertical Lifeline 150' Outdoor Climbing Rope Black & Yellow New"
8310426697917,"Self-Retracting Lifelines","Vevor Dynamic Rope 10.2 mm 50 m 25 kN Outdoor Rock Climbing Rope Blue New"
8310426730685,"Self-Retracting Lifelines","Vevor Static Rope 125' 12.7 mm Outdoor Rock Climbing Rope Blue New"
8310426796221,"Self-Retracting Lifelines","Vevor Dynamic Rope 230' 10.2 mm Outdoor Rock Climbing Rope Blue New"
8310426894525,"Self-Retracting Lifelines","Vevor Flipline 8' Steel Core Arborist Climbing Lanyard New"
8310426992829,"Shower Chairs","Vevor Shower Bench Bamboo Bathroom Stool with Storage Shelf New"
8310427025597,"Self-Retracting Lifelines","Vevor Safety Lanyard 6' Fall Protection with 2 Hooks Yellow New"
8310427091133,"Self-Retracting Lifelines","Vevor Wire Rope Steel Core Flipline Arborist Safety Lanyard 16' New"
8310427123901,"Self-Retracting Lifelines","Vevor Flipline Steel Core Tree Climbing 10' 16 mm New"
8310427156669,"Self-Retracting Lifelines","Vevor Wire Rope Steel Core Flipline Tree Climbing Safety Lanyard 12' New"
8310427353277,"Self-Retracting Lifelines","Vevor Static Rope 150' Outdoor Rock Climbing Blue New"
8310427418813,"Hoists","Vevor Chain Sling 1/4"" x 5' 4-Leg G80 Lifting Chain with Grab Hooks New"
8310427517117,"Hoists","Vevor Chain Sling 5/16"" x 6' 2-Leg G80 Lifting Chain with Grab Hooks New"
8310427549885,"Hoists","Vevor Chain Sling 5/16"" x 5' G80 2-Leg Lifting Chain with Grab Hooks New"
8310427680957,"Waffle Irons","Vevor Dutch Pancake Maker 9-Pc 3"" Dorayaki Baker Machine 850W Non-Stick New"
8310428008637,"Hoists","Vevor Chain Sling 3/8"" x 6' 2-Leg G80 Lifting Chain with Grab Hooks 11000 lbs New"
8310428106941,"Hoists","Vevor Chain Sling 5/16"" x 10' 4-Leg G80 with Grab Hooks 11,000 lbs New"
8310428434621,"Car Seats","Vevor Dog Car Seat Waterproof Booster Seat for Small & Medium Dogs up to 55 lbs Gray New"
8310428500157,"Electrical Enclosures","Vevor AV Rack 12U Recording Studio Rack New"
8310428860605,"Car Seats","Vevor Dog Car Seat Center Console Booster Seat for Small Dogs Up to 8 lbs New"
8310428958909,"Car Seats","Vevor Dog Car Seat Center Console Booster Seat for Small Dogs 8 lbs Dark Gray New"
8310430269629,"Chains","Vevor Tow Chain 5/16"" x 6' G80 15"" Long Shank J Hook with RTJ Cluster & Grab Hook New"
8310431285437,"Waffle Irons","Vevor Pancake Maker Mini Dutch 50-Pc 43 mm Commercial Dorayaki Baker 1700W New"
8310431416509,"Waffle Irons","Vevor Pancake Maker Mini Dutch 25-Hole 43 mm Commercial Dorayaki Baker New"
8310431449277,"Educational Robots","Vevor Robot Dog Voice Command RC Interactive Toy New"
8310431547581,"Educational Robots","Vevor Robot Cat Toy Interactive Remote Control Programmable RC Pet New"
8310431973565,"Wagons","Vevor Wheelbarrow Cart 5 Cu. Ft. One-Wheel Garden Dump Cart New"
8310432006333,"Cat Beds","Vevor Cat Shelves Wall Mounted Cat Furniture Set with Jumping Posts & Hammocks New"
8310432268477,"Wagons","Vevor Wheelbarrow Cart 5 Cu. Ft. 2-Wheel Garden Dump Cart New"
8310432334013,"Cat Beds","Vevor Cat Tree Wall-Mounted Shelves Hammock Nests 7-Piece Set New"
8310432891069,"Waffle Irons","Vevor Crepe Maker Commercial Electric 16"" Nonstick 1700W Stainless Steel New"
8310433448125,"Cat Beds","Vevor Cat Tree Wall-Mounted 4-Tier Floating Shelf Set New"
8310433644733,"Drop Ceiling Tiles","Vevor Ceiling Tiles 48-Pack 20"" x 20"" Polystyrene Glue-Up Ceiling Tile Set New"
8310433939645,"Plate Type Dog Whelping Boxs","Vevor Whelping Box 48"" x 48"" x 18.1"" PVC with Rails & Pee Pad for Large Dogs New"
8310434136253,"RC Boats","Vevor RC Car Boat Amphibious Remote Control Stunt Car Blue New"
8310434365629,"Training Mats","Vevor Baby Play Mat 55"" x 82"" Waterproof Reversible Crawling Floor Mat New"
8310436921533,"Art Easels","Vevor Easel Accessory Set Kids Art Easel Painting Kit New"
8310437445821,"Cat Beds","Vevor Cat Tree Wall-Mounted 4-Tier Furniture Set with Jumping Boards New"
8310438396093,"Portable Baby Playards","Vevor Baby Bassinet Portable On-The-Go Dome with Canopy & Toys New"
8310438822077,"Waffle Irons","Vevor Waffle Maker 6-Pc Commercial Hot Dog Stick Iron 1500W New"
8310439018685,"Tire Chains","Vevor Tire Sock Thickened Full-Cover Snow Traction Tire Cover Pack of 2 New"
8310439084221,"Metal Frame Combination Cat Litter Box Enclosures","Vevor Cat Litter Box Enclosure Hidden Furniture with 3 Shelves Dark Brown New"
8310440067261,"Metal Frame Combination Cat Litter Box Enclosures","Vevor Cat Litter Box Enclosure Hidden Furniture 31.5"" x 20"" x 22"" Natural New"
8310440296637,"Training Mats","Vevor Baby Play Mat 55"" x 79"" Reversible Floor Mat New"
8310440722621,"Drop Ceiling Tiles","Vevor Ceiling Tiles 20"" x 20"" Polystyrene Glue-Up 16-Pack New"
8310440886461,"Trailer Hitches","Vevor Hitch Step 2"" Receiver Rear Bumper Guard Steel New"
8310441509053,"Art Easels","Vevor Easel Accessory Set 32 PCS Kid's Art Painting Kit for Standing Easels New"
8310441935037,"Other Emergency Accessories","Vevor Crowd Control Stanchions 6-Pack Black Belt Queue Posts New"
8310442393789,"Training Mats","Vevor Baby Play Mat 71"" x 79"" Extra Large Reversible Foldable Floor Playmat New"
8310442852541,"Training Mats","Vevor Baby Play Mat 50"" x 50"" Non-Slip Foldable Floor Playmat New"
8310442918077,"Chairs","Vevor Kids Play Couch 4-Piece Glow-in-the-Dark Toddler Sofa Bed Dark Grey New"
8310443147453,"Pump Accessories","Vevor Hot Water Recirculating Pump 110V 180W 10 GPM 3/4"" Flange 3-Speed New"
8310443507901,"Chairs","Vevor Kids Couch Modular 4-Piece Play Sofa Light Gray New"
8310443573437,"Floor Mats","Vevor Truck Bed Mat Toyota Tacoma 5' TPE Bed Liner New"
8310443704509,"Chairs","Vevor Kids Couch 2-in-1 Foldable Toddler Sofa Bed Pink New"
8310443737277,"Storage Cabinets","Vevor Toy Chest Wooden Kids Storage Bench White 32.68"" x 17.91"" x 24.02"" New"
8310443966653,"Pump Accessories","Vevor Circulation Pump High-Efficiency Hot Water Recirculating 110V 42W 16 GPM New"
8310444392637,"Chairs","Vevor Kids Couch 2-in-1 Foldable Toddler Sofa Bed Brown New"
8310444589245,"RV Covers","Vevor RV Cover 28'-31' Class A Travel Trailer Waterproof Oxford Fabric New"
8310445211837,"Waffle Irons","Vevor Waffle Cone Maker Commercial Electric Ice Cream Cone Machine 1230W New"
8310445244605,"Chairs","Vevor Kids Play Couch 10-Pc Modular Toddler Sofa Grey New"
8310445441213,"RV Covers","Vevor RV Cover 18'-20' Class A Travel Trailer New"
8310445473981,"Training Mats","Vevor Baby Play Mat 50"" x 50"" Non-Slip Thickened Crawling Floor Mat New"
8310445998269,"Storage Cabinets","Vevor Kids Reading Nook Bench 6-Cubby Storage with 3 Drawers White New"
8310446227645,"RV Covers","Vevor RV Cover 30-33' Class A Travel Trailer Cover New"
8310446260413,"Pump Accessories","Vevor Hot Water Circulator Pump 17 GPM 110V 1"" Flange 3-Speed New"
8310446653629,"Labeling Machines","Vevor Thermal Printer Portable Wireless Inkless Mobile Printer New"
8310446784701,"Storage Cabinets","Vevor Toy Chest Wooden Storage Bench with Lid 32.68"" x 17.91"" x 24.02"" Cherry New"
8310446817469,"Chairs","Vevor Kids Couch 2-in-1 Foldable Toddler Sofa Bed Sky Blue New"
8310447603901,"Folding Hanger","Vevor Hangers 50 Pack White Non-Slip Space-Saving Plastic Hangers New"
8310447636669,"Training Mats","Vevor Baby Play Mat 59"" x 71"" Soft Thickened Crawling Floor Mat New"
8310448193725,"Labeling Machines","Vevor Portable Printer Wireless Inkless Bluetooth Thermal Printer New"
8310448324797,"Chairs","Vevor Kids Couch Foldable 2-in-1 Toddler Sofa Bed Blue New"
8310448521405,"Pump Accessories","Vevor Circulator Pump Hot Water Recirculating 23 GPM 1"" Flange 3-Speed New"
8310448947389,"Chairs","Vevor Kids Couch Foldable 2-in-1 Toddler Sofa Bed Grey New"
8310448980157,"Chairs","Vevor Kids Couch 2-in-1 Fold-Out Toddler Sofa Bed Rainbow New"
8310450553021,"Heating Blankets","Vevor Heated Mattress Pad 39"" x 75"" Coral Fleece Electric Bed Warmer New"
8310450946237,"Heating Blankets","Vevor Heated Mattress Pad Full 54"" x 75"" Coral Fleece Electric Bed Warmer New"
8310450979005,"Instrument Cases","Vevor Rack Case 8U 19.25"" Deep ABS Portable Server Rack Cabinet New"
8310451044541,"Folding Hanger","Vevor Hangers Black Velvet 50-Pack Non-Slip Swivel Hook New"
8310451404989,"RV Covers","Vevor RV Cover 24-27' Class A Travel Trailer Cover New"
8310451634365,"Impact Socket Sets","Vevor Socket Set Spindle Nut Tool Kit 1/2"" Drive 6-Piece Axle Hub Nut New"
8310451732669,"Instrument Cases","Vevor Rack Case 6U 19.25"" Deep ABS Cabinet with Wheels New"
8310451830973,"Heating Blankets","Vevor Heated Mattress Pad Queen 60"" x 80"" Coral Fleece Electric Bed Warmer New"
8310452256957,"Instrument Cases","Vevor Rack Case 4U 14.25"" ABS Server Rack Cabinet New"
8310452453565,"Instrument Cases","Vevor Rack Case 4U 19.25"" ABS Server Rack Cabinet New"
8310452617405,"Instrument Cases","Vevor Rack Case 6U 14.25"" Deep ABS Server Cabinet New"
8310452748477,"Instrument Cases","Vevor Rack Case 2U 19.25"" ABS Server Rack Cabinet New"
8310453567677,"Strength Training Weight Vests","Vevor Weight Plates 10 lb Pair Cast Iron Ruck Plate Set New"
8310453633213,"Strength Training Weight Vests","Vevor Flat Plate 45 lbs Cast Iron Ruck Weight New"
8310454026429,"Hair Curling Air Barrel Brushes","Vevor Hair Dryer Brush 4-in-1 Ionic Styler Volumizer with 2.56"" Oval Barrel New"
8310454616253,"Hair Curling Air Barrel Brushes","Vevor Hair Dryer Brush 4-in-1 Ionic Styler Volumizer with 2.95"" Oval Barrel New"
8310454681789,"Hair Curling Air Barrel Brushes","Vevor Hair Dryer Brush 4-in-1 Ionic Styler & Volumizer with 2.56"" Oval Barrel New"
8310456418493,"Fume Hoods","Vevor Commercial Hood Filter 19.5"" x 19.5"" Stainless Steel Baffle New"
8310456549565,"Fume Hoods","Vevor Hood Filter 24.5"" x 19.5"" Stainless Steel Baffle Range Hood Filter 2-Pk New"
8310456680637,"Door Hardware","Vevor Cabinet Hinges Partial Overlay Soft-Close 20-Pack for Framed Cabinets New"
8310456746173,"Fume Hoods","Vevor Hood Filter 19.5"" x 19.5"" Commercial Range Hood Baffle Filter Pack of 2 New"
8310456778941,"Cat Beds","Vevor Cat Shelves Wall-Mounted Cat Furniture Set of 9 New"
8310456975549,"Cat Beds","Vevor Cat Shelves Wall-Mounted Cat Furniture Set of 6 New"
8310457041085,"Ovens","Vevor Vertical Rotisserie Shawarma Grill Machine New"
8310457270461,"Fume Hoods","Vevor Hood Filter 15.5"" x 19.5"" Stainless Steel Commercial Range Baffle Filter Pack of 6 New"
8310457532605,"Door Hardware","Vevor Cabinet Hinges Full Overlay Soft-Close Frameless 50-Pack New"
8310458056893,"Event Flooring","Vevor Deck Tiles Interlocking 12"" x 12"" Patio Flooring 54 sq. ft Dark Gray New"
8310458253501,"Log Jacks","Vevor Cant Hook 59"" Heavy-Duty Steel Log Roller New"
8310458286269,"Ovens","Vevor Shawarma Grill Machine Vertical Rotisserie Electric Stainless Steel Countertop Broiler New"
8310458515645,"Event Flooring","Vevor Interlocking Deck Tiles Waterproof Outdoor Flooring 54 Sq. Ft. 12"" x 12"" Dark Brown New"
8310458548413,"Single Curtain Rods","Vevor Curtain Track Set Ceiling Curtain Track 8.9' Room Divider with Hooks White New"
8310458581181,"Single Curtain Rods","Vevor Curtain Track Set 17.7' Ceiling/Wall Mounted Room Divider White New"
8310458613949,"Event Flooring","Vevor Deck Tiles Interlocking Waterproof Outdoor Flooring 10 Pack 12"" x 12"" Dark Brown New"
8310458679485,"Event Flooring","Vevor Deck Tiles Interlocking Plastic Wood 27 Pack 12"" x 12"" Waterproof Dark Brown New"
8310458712253,"Event Flooring","Vevor Deck Tiles Interlocking Plastic Wood 10 Pack 12"" x 12"" Waterproof Outdoor Flooring Dark Brown New"
8310458810557,"Event Flooring","Vevor Deck Tiles Interlocking Outdoor Flooring 10-Pack 12"" x 12"" Dark Grey New"
8310458843325,"Event Flooring","Vevor Deck Tiles Interlocking Plastic 36-Pack 11.8"" x 11.8"" Dark Grey New"
8310458908861,"Single Curtain Rods","Vevor Curtain Track Set 11.8' Ceiling Mounted Room Divider with Hooks White New"
8310458974397,"Event Flooring","Vevor Deck Tiles 36-Pack 11.8"" x 11.8"" Waterproof Interlocking Patio Flooring Dark Brown New"
8310459039933,"Single Curtain Rods","Vevor Curtain Track Set 9.9' Self-Adhesive No-Drill Ceiling Mounted Room Divider White New"
8310459105469,"Single Curtain Rods","Vevor Curtain Track Set 5.9' Ceiling Sliding Room Divider White New"
8310461857981,"Folding Tables","Vevor Heat Press Table 3-Tier Movable Foldable Stand with Wheels White New"
8310462251197,"Log Jacks","Vevor Cant Hook 46.5"" Heavy-Duty Steel Log Roller New"
8310463037629,"Strength Training Weight Vests","Vevor Weight Vest Plates 2 x 19.75 lbs Premium Steel Pair New"
8310463070397,"Strength Training Weight Vests","Vevor Weight Vest Plates 5.75 lbs Pair Premium Steel Flat Plate Set New"
8310463299773,"Backpacks","Vevor Tactical Duffel Bag 45L Gym Travel Bag with Molle Design and Shoe Compartment New"
8310465003709,"Miter Saws","Vevor Miter Saw Stand Portable Folding Stand with Tabletop and Wheels New"
8310465069245,"Miter Saws","Vevor Miter Saw Stand Folding Adjustable Height 330 lbs New"
8310465462461,"Lab Freeze Dryers","Vevor Lab Incubator 6L PID Temperature Control RT+5-65℃ Scientific Digital Constant-Temperature New"
8310466052285,"Pressure Washer Pump Shafts","Vevor Pressure Washer Pump 3/4"" Shaft Horizontal Triplex Plunger 3300 PSI 2.5 GPM New"
8310466314429,"Pressure Washer Pump Shafts","Vevor Pressure Washer Pump 3300 PSI 3.0 GPM 7/8"" Shaft Vertical Replacement Kit New"
8310466347197,"Folding Tables","Vevor Heat Press Table 4-Tier Movable Stand with Charging Station Brown New"
8310467264701,"Survival Shovel Axes","Vevor Survival Shovel 13-in-1 Camping Folding Multitool New"
8310467395773,"Survival Shovel Axes","Vevor Survival Shovel 11-in-1 Camping Folding Multitool New"
8310468280509,"Evaporative Humidifiers","Vevor Replacement Filter Humidifier 2-Pack for 5L Evaporative Humidifier New"
8310468772029,"Miter Saws","Vevor Miter Saw Stand Collapsible 550 lbs Adjustable Folding New"
8310469296317,"Wood Dart Cabinet Sets","Vevor Dartboard Cabinet Set Electronic Scoring Soft Tip 13.5"" New"
8310470017213,"Dethatchers","Vevor Grab Hook 5/16"" Tractor Bucket Hook with Tie Down Ring New"
8310470475965,"Pump Accessories","Vevor Backwash Hose 3"" x 50' Blue PVC with Clamps and Camlock Fittings New"
8310471360701,"Stair Steppers","Vevor Pedal Exerciser Under Desk Mini Exercise Bike for Arm & Leg Exercise New"
8310473031869,"Cleaning Carts","Vevor Utility Cart Foldable 65L Stair Climbing Rolling Crate Pink New"
8310473818301,"Inlet Boxes","Vevor Power Outlet Box Outdoor Electrical Outlet Box with 20A GFCI Receptacle IP54 Weatherproof New"
8310474014909,"Inlet Boxes","Vevor Temporary Power Outlet Panel 20/30/50 Amp RV EV Electrical Outlet Box New"
8310474145981,"Survival Shovel Axes","Vevor Camping Knife Set Hunting Knife and Hatchet Axe Combo with Sheath New"
8310474277053,"Replacement Clutches","Vevor Reverse Gearbox Go Kart Forward Reverse Gear Box New"
8310474932413,"Comforters","Vevor Bed Bridge King Bed Converter Kit Gap Filler 75"" x 8"" New"
8310475063485,"Comforters","Vevor Bed Bridge King Mattress Connector Gap Filler 100"" x 24"" New"
8310475358397,"Comforters","Vevor Bed Bridge Twin to King Converter Kit 75"" x 12"" New"
8310475718845,"Miter Saws","Vevor Miter Saw Stand Heavy Duty 300 lbs Collapsible Adjustable Portable Folding New"
8310475849917,"Comforters","Vevor Bed Bridge King Bed Converter Kit Split King Gap Filler 75"" x 10"" New"
8310476505277,"Event Flooring","Vevor Deck Tiles 12"" x 12"" Interlocking Solid Wood Flooring 27-Pack New"
8310476865725,"Cleaning Carts","Vevor Shopping Cart 45L Foldable Stair Climbing Utility Cart Silver New"
8310477586621,"Cleaning Carts","Vevor Stair Climbing Cart 36L Foldable Shopping Cart with 6 Wheels & Storage Bag New"
8310477619389,"Cargo Racks","Vevor Cargo Net Heavy-Duty Truck Bed 72"" x 57"" with Adjustable Straps & S-Hooks New"
8310477652157,"Cleaning Carts","Vevor Stair Climbing Cart 36L Foldable Shopping Cart with 6 Wheels New"
8310477783229,"Cargo Racks","Vevor Tailgate Net 54"" x 18"" Heavy Duty Adjustable Truck Bed Cargo Net New"
8310477881533,"Lab Carts","Vevor Mayo Stand Stainless Steel Medical Tray on Wheels Adjustable 25.2""-39.8"" New"
8310478012605,"Door Rollers","Vevor Sliding Gate Kit 6"" Rolling Gate Hardware C-Type Bracket New"
8310478045373,"Cargo Racks","Vevor Cargo Net Heavy Duty 72"" x 57"" Truck Bed Cargo Net New"
8310478209213,"Cargo Racks","Vevor Cargo Net Heavy Duty Bungee Cargo Netting 72"" x 48"" New"
8310478241981,"Cargo Racks","Vevor Cargo Net Heavy Duty 120"" x 105"" Truck Bed Cargo Net New"
8310478373053,"Cargo Racks","Vevor Cargo Net 96"" x 81"" Heavy Duty Truck Bed New"
8310478471357,"Cargo Racks","Vevor Tailgate Net Heavy Duty 54"" x 18"" Truck Bed Cargo Net New"
8310478536893,"Cargo Racks","Vevor Cargo Net Heavy-Duty Truck Bed Cargo Net 96"" x 81"" New"
8310478700733,"Door Rollers","Vevor Sliding Gate Kit 6"" Rolling Hardware with L-Bracket New"
8310478897341,"Cargo Racks","Vevor Cargo Net Heavy-Duty Truck Bed Cargo Net 72"" x 57"" New"
8310478962877,"Cargo Racks","Vevor Tailgate Net Heavy Duty Cargo Net for Truck Bed 60"" x 18"" New"
8310479061181,"Cargo Racks","Vevor Cargo Net Heavy Duty Truck Bed 120"" x 105"" Adjustable Straps & S-Hooks New"
8310479257789,"Cargo Racks","Vevor Cargo Net Heavy-Duty Truck Bed Security Net 96"" x 72"" New"
8310479847613,"Alloy Toe Shoes","Vevor Work Shoes Steel Toe Safety Athletic Sneakers Black 10 Wide New"
8310479913149,"Door Rollers","Vevor Sliding Gate Kit 6"" Rolling Hardware 600 lbs Load New"
8310480601277,"Alloy Toe Shoes","Vevor Safety Shoes Steel Toe Men's Athletic Work Sneakers Black US 12 Wide New"
8310482370749,"Aluminum KeyRing","Vevor Carabiner 10-Piece Black Aluminum Alloy D-Shaped Keychain Clip Set New"
8310482501821,"Alloy Toe Shoes","Vevor Steel Toe Shoes Men's Cushion Sport Safety Toe Athletic Work Sneakers Black 8.5 Wide New"
8310483255485,"Survival Shovel Axes","Vevor Camping Tool Set Hatchet and Machete Knife Set with Sheath, Hunting Knife, Flashlight and Paracord New"
8310483681469,"Alloy Toe Shoes","Vevor Steel Toe Shoes Men's Athletic Work Sneakers Black US Size 8 New"
8310484402365,"Deep Fryers","Vevor Seafood Boiling Kit 60 Qt Outdoor Crab Crawfish Lobster Cooking Pot with Strainer and 100,000 BTU Propane Burner New"
8310484795581,"Wiggle Cars","Vevor Ride-On Scooter Zig-Zag Drift Cart for Kids 4+ Blue New"
8310485483709,"Deep Fryers","Vevor Seafood Boiling Kit 80 Qt Outdoor Pot and Basket with 100,000 BTU Propane Burner New"
8310485844157,"Cat Beds","Vevor Cat Shelves Wall-Mounted Cat Perches with Jumping Boards Nest Barrier Board & Cat Tree Set of 5 New"
8310485909693,"Steam Press","Vevor Steam Iron Gravity Feed 1000W 3.5 L Industrial Electric Set New"
8310489186493,"Chairs","Vevor Kids Couch 4-Pc Modular Play Sofa Grey New"
8310489317565,"Water Pressure Regulators","Vevor Hydrostatic Test Pump Manual Water Pressure Tester Kit 25 Bar 362 PSI 1.4 Gal Tank 3' Hose New"
8310489579709,"Pump Accessories","Vevor Hot Water Circulator Pump 17 GPM 110V 82W 1"" Flange New"
8310489841853,"RV Covers","Vevor RV Cover 30-33' Class A Travel Trailer Cover New"
8310490333373,"Storage Cabinets","Vevor Reading Nook Bench 6-Cubby Storage with 3 Drawers White New"
8310490497213,"Storage Cabinets","Vevor Toy Chest Kids Storage Bench with Lid Cherry New"
8310490628285,"Rebar Cutters","Vevor Rebar Cutter Replacement Blades 20/22 mm 6-Pc Jaw Blade Set New"
8310490824893,"Labeling Machines","Vevor Portable Thermal Printer Wireless Inkless Mobile Printer New"
8310490890429,"Training Mats","Vevor Baby Play Mat Extra Large 71"" x 79"" Thickened Soft Foldable Floor Playmat New"
8310490923197,"Chairs","Vevor Kids Couch Foldable 2-in-1 Toddler Sofa Bed Sky Blue New"
8310491185341,"Chairs","Vevor Kids Couch 2-in-1 Fold-Out Toddler Sofa Bed Rainbow New"
8310491545789,"Chairs","Vevor Kids Couch 2-in-1 Foldable Toddler Sofa Bed Grey New"
8310493249725,"Heating Blankets","Vevor Heated Mattress Pad 39"" x 75"" Coral Fleece Electric Bed Warmer New"
8310493380797,"Folding Hanger","Vevor Hangers Black Velvet 50-Pack Non-Slip Swivel Hook Closet Hangers New"
8310493806781,"RV Covers","Vevor RV Cover 24'-27' Class A Travel Trailer Cover New"
8310494101693,"Oil Drain Pans","Vevor Oil Extractor 5 Gallon Portable Air Pneumatic Waste Oil Drain Tank New"
8310494199997,"Instrument Cases","Vevor Rack Case 6U 19.25"" Deep ABS Cabinet with Wheels New"
8310494298301,"Instrument Cases","Vevor Rack Case 8U 19"" Deep ABS Server Rack Cabinet with Wheels New"
8310494888125,"Instrument Cases","Vevor Rack Case 6U 14.25"" Deep Server Rack Cabinet with ABS Construction Handle New"
8310495019197,"Instrument Cases","Vevor Rack Case 4U 14.25"" ABS Server Rack Cabinet New"
8310495346877,"Instrument Cases","Vevor Rack Case 2U 19.25"" ABS Server Rack Cabinet New"
8310495379645,"Instrument Cases","Vevor Rack Case 4U 19.25"" Deep ABS Server Rack Cabinet New"
8310496264381,"Strength Training Weight Vests","Vevor Weight Plate 45 lbs Cast Iron Ruck Plate with Handle New"
8310496362685,"Strength Training Weight Vests","Vevor Weight Plate 10 lb Cast Iron Ruck Weights Pair New"
8310498394301,"Door Hardware","Vevor Cabinet Hinges 40-Pack Full Overlay Soft Close Frameless New"
8310499180733,"Fume Hoods","Vevor Hood Filter 19.5"" x 19.5"" Stainless Steel Commercial Range Hood Baffle New"
8310499246269,"Fume Hoods","Vevor Hood Filter Commercial Stainless Steel Baffle Range Hood Filter 24.5"" x 19.5"" Pack of 2 New"
8310499311805,"Ovens","Vevor Vertical Rotisserie Electric Shawarma Grill Machine New"
8310499344573,"Fume Hoods","Vevor Range Hood Filter 19.5"" x 19.5"" Stainless Steel Baffle Filter 2-Pack New"
8310499410109,"Cat Beds","Vevor Cat Shelves Wall-Mounted Cat Furniture Set of 6 New"
8310499705021,"Cat Beds","Vevor Cat Shelves Wall Mounted 9-Piece Cat Furniture Set New"
8310500556989,"Water Pressure Regulators","Vevor Hydrostatic Test Pump Manual Water Pressure Tester Kit New"
8310501015741,"Door Hardware","Vevor Cabinet Hinges Full Overlay Soft Close Concealed Frameless 60-Pack New"
8310501048509,"Door Hardware","Vevor Cabinet Hinges 50-Pack Partial Overlay Soft Close for Framed Cabinets New"
8310501736637,"Fume Hoods","Vevor Hood Filter 24.5"" x 19.5"" Stainless Steel Commercial Baffle Range Hood Filter 2-Pk New"
8310501834941,"Ovens","Vevor Vertical Rotisserie Shawarma Grill Machine Stainless Steel Electric Countertop Doner Kebab Cooker New"
8310501900477,"Cat Beds","Vevor Cat Shelves Wall-Mounted 9-Piece Set New"
8310502129853,"Cat Beds","Vevor Cat Shelves Wall-Mounted Cat Furniture Set of 6 New"
8310502457533,"Fume Hoods","Vevor Hood Filter 19.5"" x 19.5"" Commercial Stainless Steel Baffle Range Hood Filter New"
8310502654141,"Fume Hoods","Vevor Hood Filter 19.5"" x 19.5"" Commercial Stainless Steel Baffle Range Hood Filter 2-Pack New"
8310503407805,"Fume Hoods","Vevor Hood Filter 15.5"" x 19.5"" Stainless Steel Baffle Commercial Range Hood Filter Pack of 6 New"
8310503440573,"Log Jacks","Vevor Cant Hook 59"" Heavy-Duty Steel Log Roller New"
8310503538877,"Ovens","Vevor Shawarma Machine Vertical Electric Rotisserie Grill New"
8310503964861,"Event Flooring","Vevor Deck Tiles 12"" x 12"" Interlocking Outdoor Flooring 10-Pack Dark Brown New"
8310504063165,"Event Flooring","Vevor Deck Tiles Interlocking Plastic Wood Waterproof Outdoor Flooring 10 Pack 12"" x 12"" Dark Brown New"
8310504095933,"Event Flooring","Vevor Deck Tiles 12"" x 12"" Interlocking Outdoor Flooring 54 sq ft Dark Brown New"
8310504161469,"Event Flooring","Vevor Deck Tiles Interlocking 12"" x 12"" Waterproof Outdoor Flooring 54 sq ft Dark Gray New"
8310504194237,"Event Flooring","Vevor Deck Tiles 36 Pack 12"" x 12"" Waterproof Interlocking Patio Flooring Dark Brown New"
8310504227005,"Event Flooring","Vevor Deck Tiles Interlocking Plastic Wood 27-Pack 12"" x 12"" Waterproof Outdoor Flooring Dark Brown New"
8310504259773,"Single Curtain Rods","Vevor Curtain Track Set Ceiling Mounted 11.8' Room Divider White New"
8310504292541,"Single Curtain Rods","Vevor Curtain Track Set 9.9' Self-Adhesive No-Drill Ceiling Mount White New"
8310504325309,"Single Curtain Rods","Vevor Curtain Track Set Ceiling Mounted 5.9' Room Divider with Hooks White New"
8310504489149,"Single Curtain Rods","Vevor Curtain Track Set 17.7' Sliding Ceiling/Wall Mount Room Divider White New"
8310504521917,"Event Flooring","Vevor Deck Tiles Interlocking Plastic Outdoor Flooring 36 Pack Dark Grey New"
8310504718525,"Single Curtain Rods","Vevor Curtain Track Set 8.9' Ceiling Mounted Room Divider White New"
8310505046205,"Event Flooring","Vevor Deck Tiles Interlocking Outdoor Flooring 12"" x 12"" Dark Grey 10-Pack New"
8310508126397,"Folding Tables","Vevor Heat Press Table 3-Tier Movable Stand with Storage White New"
8310508355773,"Log Jacks","Vevor Cant Hook 46.5"" Heavy-Duty Steel Log Roller New"
8310508552381,"Backpacks","Vevor Tactical Duffel Bag 45L Molle Travel Gym Bag with Shoe Compartment Black New"
8310508978365,"Strength Training Weight Vests","Vevor Weight Vest Plates 2 x 19.75 lbs Premium Steel Pair New"
8310510354621,"Miter Saws","Vevor Miter Saw Stand Portable Folding Rolling Stand with Tabletop New"
8310510387389,"Miter Saws","Vevor Miter Saw Stand Adjustable Height Folding Steel 330 lbs New"
8310511173821,"Lab Freeze Dryers","Vevor Lab Incubator 6L Digital Microbiological Laboratory Incubator New"
8310511632573,"Pressure Washer Pump Shafts","Vevor Pressure Washer Pump 3500 PSI 2.5 GPM 3/4"" Horizontal Shaft with 5 Nozzles New"
8310512812221,"Media Storage","Vevor Record Player Stand 3-Tier Turntable Stand with Guitar Holder Black New"
8310514122941,"Miter Saws","Vevor Miter Saw Stand Collapsible 550 lbs Adjustable Folding Portable New"
8310516056253,"Wood Dart Cabinet Sets","Vevor Dartboard Cabinet Set Electronic Soft Tip Dartboard with LED Scoring New"
8310516940989,"Dethatchers","Vevor Grab Hook 5/16"" Tractor Bucket Hook with Tie Down Ring Grade 70 Heavy Duty 12,000 lbs New"
8310518022333,"Stair Steppers","Vevor Pedal Exerciser Under Desk Portable Mini Exercise Bike New"
8310518513853,"Folding Tables","Vevor Heat Press Stand 3-Tier Foldable Table with Wheels New"
8310519201981,"Cleaning Carts","Vevor Utility Cart Foldable 65L Stair Climbing Rolling Crate Pink New"
8310519791805,"Inlet Boxes","Vevor Power Outlet Box Outdoor Electrical Outlet Box with Dual 20 Amp GFCI Receptacles New"
8310519890109,"Inlet Boxes","Vevor Electrical Outlet Box 20 Amp GFCI Weatherproof Outdoor Power Panel New"
8310520545469,"Replacement Clutches","Vevor Reverse Gearbox Go Kart Forward Reverse Gear Box New"
8310521036989,"Survival Shovel Axes","Vevor Camping Knife Set Hunting Knife & Hatchet Axe Combo with Sheath New"
8310521987261,"Evaporator Machines","Vevor Evaporator Pan Maple Syrup 17.5 Gallon Stainless Steel with Valve New"
8310522478781,"Comforters","Vevor Bed Bridge King Bed Converter Kit Split King Gap Filler 75"" x 10"" New"
8310522544317,"Miter Saws","Vevor Miter Saw Stand Heavy-Duty 300 lbs Collapsible Folding Portable New"
8310522577085,"Comforters","Vevor Bed Bridge Twin to King Mattress Connector Kit 75"" x 12"" New"
8310522642621,"Comforters","Vevor Bed Bridge Adjustable Mattress Connector Gap Filler 100"" x 24"" New"
8310523035837,"Comforters","Vevor Bed Bridge King Bed Converter Kit Mattress Gap Filler 75"" x 8"" New"
8310523199677,"Event Flooring","Vevor Deck Tiles 27-Pack 12"" x 12"" Interlocking Solid Wood Flooring New"
8310523461821,"Cleaning Carts","Vevor Stair Climbing Cart Foldable 45L Grocery Shopping Cart New"
8310524444861,"Cleaning Carts","Vevor Stair Climbing Cart 36L Foldable Shopping Trolley Dolly New"
8310524543165,"Door Rollers","Vevor Sliding Gate Kit Adjustable Rolling Hardware with T-Bracket 6"" New"
8310524739773,"Cargo Racks","Vevor Cargo Net Heavy Duty Truck Bed Cargo Net 72"" x 57"" New"
8310524772541,"Door Rollers","Vevor Sliding Gate Kit 6"" Rolling Hardware with L-Bracket New"
8310524838077,"Cargo Racks","Vevor Cargo Net Heavy Duty 120"" x 105"" Truck Bed Cargo Net New"
8310524870845,"Cleaning Carts","Vevor Stair Climbing Cart Foldable 36L Shopping Trolley with Storage Bag 6-Wheel Black New"
8310524969149,"Cargo Racks","Vevor Tailgate Net 54"" x 18"" Heavy Duty Adjustable Cargo Net New"
8310525001917,"Cargo Racks","Vevor Cargo Net Heavy-Duty Bungee Cargo Netting 72"" x 48"" with 12 Carabiners New"
8310525034685,"Cargo Racks","Vevor Cargo Net Heavy-Duty Truck Bed 72"" x 57"" with Adjustable Straps & S-Hooks New"
8310525395133,"Door Rollers","Vevor Sliding Gate Kit 6"" C-Type Bracket Rolling Hardware New"
8310525427901,"Cargo Racks","Vevor Cargo Net Heavy-Duty Truck Bed 72"" x 57"" Cargo Net New"
8310525493437,"Cargo Racks","Vevor Cargo Net Heavy Duty 96"" x 81"" Truck Bed Cargo Net New"
8310525558973,"Cargo Racks","Vevor Cargo Net Heavy-Duty Truck Bed Cargo Net 96"" x 81"" New"
8310525657277,"Cargo Racks","Vevor Tailgate Net 60"" x 18"" Heavy Duty Cargo Net for Full Size Trucks New"
8310525690045,"Cargo Racks","Vevor Cargo Net Heavy-Duty Truck Bed Cargo Net 120"" x 105"" 1500 lbs New"
8310525722813,"Cargo Racks","Vevor Tailgate Net Heavy Duty 54"" x 18"" Adjustable Cross-Reinforced Truck Bed Cargo Net New"
8310525755581,"Cargo Racks","Vevor Cargo Net Heavy Duty Truck Bed 96"" x 72"" New"
8310525919421,"Door Rollers","Vevor Sliding Gate Kit 6"" Heavy-Duty Rolling Hardware New"
8310526083261,"Door Rollers","Vevor Sliding Gate Kit 6"" Heavy-Duty Rolling Hardware 600 lbs Load New"
8310526345405,"Alloy Toe Shoes","Vevor Steel Toe Shoes Men's Athletic Work Sneakers Black New"
8310527066301,"Alloy Toe Shoes","Vevor Steel Toe Sneakers Men's Cushion Sport Safety Athletic Work Shoes Black New"
8310527230141,"Alloy Toe Shoes","Vevor Steel Toe Shoes Men's Safety Work Sneakers Black US 13 Wide New"
8310527262909,"Alloy Toe Shoes","Vevor Steel Toe Shoes Men's Athletic Work Sneakers Black US 11.5 New"
8310529982653,"Survival Shovel Axes","Vevor Camping Tool Set Hatchet Machete Knife Survival Kit 16"" New"
8310530179261,"Alloy Toe Shoes","Vevor Work Shoes Steel Toe Safety Sneakers 8.5 Wide Black New"
8310530343101,"Alloy Toe Shoes","Vevor Steel Toe Shoes Men's Cushion Athletic Work Sneakers Black US 9 New"
8310531063997,"Deep Fryers","Vevor Seafood Boil Pot 60 Qt Outdoor Cooking Kit with Strainer and 100,000 BTU Propane Burner New"
8310531424445,"Wiggle Cars","Vevor Ride-On Scooter Zig Zag Drift Cart for Kids Red New"
8310531457213,"Alloy Toe Shoes","Vevor Steel Toe Shoes Men's Athletic Work Sneakers Black US Size 8 New"
8310531817661,"Event Flooring","Vevor Deck Tiles Interlocking Solid Wood 10-Pack 12"" x 12"" New"
8310532079805,"Deep Fryers","Vevor Seafood Boiling Kit 80 Qt Outdoor Crab Crawfish Cooking Pot with Strainer and 100,000 BTU Propane Burner New"
8310532505789,"Steam Press","Vevor Industrial Steam Iron Gravity Feed 1000W with 3.5 L Tank New"
8310533357757,"Cat Beds","Vevor Cat Shelves Wall Mounted Cat Furniture Set of 5 New"
8310535684285,"Golf Bucket Yard Game Toys","Vevor Golf Yard Game 9-Hole Backyard Set New"
8310542270653,"Blanket Bags","Vevor Storage Bags 90L Large 6-Pack Plastic Clothes Organizers New"
8310543024317,"ATV Trunks","Vevor Motorcycle Top Case 48L Waterproof Detachable Tail Box with Reflective Panel New"
8310543089853,"ATV Trunks","Vevor Motorcycle Top Case 38L Waterproof Detachable Tail Box with Reflective Panel New"
8310543286461,"ATV Trunks","Vevor Motorcycle Top Case 45L Aluminum Alloy Tail Box with Leather Lining New"
8310543581373,"ATV Trunks","Vevor Motorcycle Top Case 65L Aluminum Alloy Tail Box with Leather Lining New"
8310543614141,"ATV Trunks","Vevor Motorcycle Top Case 45L Aluminum Alloy Tail Box with Leather Lining New"
8310543745213,"ATV Trunks","Vevor Motorcycle Top Case 62L Waterproof Detachable Tail Box with Reflective Panel New"
8310543810749,"ATV Trunks","Vevor Motorcycle Top Case 24L Waterproof Detachable Tail Box with Reflective Panel New"
8310543843517,"Sleeping Pads","Vevor Camping Blanket Warm Waterproof Stadium Outdoor Blanket 82"" x 55"" New"
8310543909053,"Desk Frames","Vevor Cycling Desk Foldable Adjustable Bike Trainer & Treadmill Desk New"
8310543941821,"Desk Frames","Vevor Cycling Desk Mobile Foldable Multi-Functional Bike Trainer & Treadmill Desk New"
8310544040125,"Sleeping Pads","Vevor Camping Blanket Wearable Waterproof Windproof Fleece 79"" x 59"" Light Grey New"
8310544171197,"Sleeping Pads","Vevor Blanket Wool Camping Warming 64"" x 88"" Army Green New"
8310544302269,"ATV Trunks","Vevor Motorcycle Top Case 55L Waterproof Aluminum Alloy Tail Box with Leather Lining New"
8310544662717,"Sleeping Pads","Vevor Camping Blanket Wool Warm Stadium Blanket 64"" x 88"" Light Gray New"
8310544728253,"Sleeping Pads","Vevor Camping Blanket Wearable Waterproof & Windproof Stadium Blanket 75"" x 52"" New"
8310544793789,"Sleeping Pads","Vevor Camping Blanket Wearable Waterproof & Windproof Stadium Blanket 79"" x 59"" Army Green New"
8310544892093,"Sleeping Pads","Vevor Blanket Wool Camping Warm 64"" x 88"" New"
8310545088701,"Flat Benchs","Vevor Weight Bench Adjustable Strength Training Incline Decline Sit-Up Bench New"
8310545318077,"Blanket Bags","Vevor Storage Bags 90L 6-Pack Clothes Organizer New"
8310545383613,"ATV Trunks","Vevor Motorcycle Top Case 48L Waterproof Detachable Tail Box with Reflective Panel New"
8310545744061,"Flat Benchs","Vevor Weight Bench Adjustable Incline Decline Strength Training Bench New"
8310545875133,"Coffee Airpots","Vevor Nitro Cold Brew Coffee Maker 2L 67 oz Portable Stainless Steel New"
8310546235581,"Grinding Wheels","Vevor Flap Discs 4.5"" x 7/8"" 40 Grit Type 29 Zirconia Sanding Disc 10 Pack New"
8310548037821,"Winches","Vevor Rope Hoist Pulley System 4400 lbs 100' 5:1 Lifting Ratio New"
8310548168893,"Window Screens","Vevor RV Window Vertical Sliding Tinted 14"" x 16"" with Net Screen & Trim Ring New"
8310548562109,"Window Screens","Vevor RV Window 30"" x 20"" Tinted Exit Window with Screen and Trim Ring New"
8310548693181,"Window Screens","Vevor RV Window 14"" x 22"" Vertical Sliding Tinted Replacement Window with Screen & Trim Ring New"
8310549119165,"Window Screens","Vevor RV Window 24"" x 20"" Horizontal Tinted Sliding Window with Screen & Trim Ring New"
8310549872829,"Window Screens","Vevor RV Window 12"" x 22"" Vertical Tinted Sliding Replacement Window New"
8310550069437,"Steam Press","Vevor Steam Iron Auto Shut-Off 1700W Clothes Iron New"
8310550102205,"Steam Press","Vevor Steam Iron Station 1700W 1.8L Clothing Iron for Home Ironing New"
8310550134973,"Window Screens","Vevor RV Window 30"" x 22"" Emergency Exit Tinted Window with Screen and Trim Ring New"
8310550528189,"PE Weed Barrier Fabrics","Vevor Plastic Sheeting 3' x 50' Heavy Duty 4 Mil Black Polyethylene Roll New"
8310550560957,"Tape Dispensers","Vevor Packing Tape Clear Heavy Duty 3"" x 65 Yd 6-Roll Set New"
8310550593725,"Tape Dispensers","Vevor Packing Tape Clear Heavy Duty 18 Rolls 1.88"" x 65 Yards 2.7 Mil New"
8310550724797,"Gym Floor Tiles","Vevor Dance Floor Mat Portable Yoga Fitness Workout Mat 6.6' x 3' New"
8310550757565,"Window Screens","Vevor RV Window 12"" x 24"" Vertical Tinted Sliding Window with Net Screen & Trim Ring New"
8310551052477,"PE Weed Barrier Fabrics","Vevor Plastic Sheeting Heavy Duty 10' x 100' Black & White 10 Mil New"
8310551085245,"PE Weed Barrier Fabrics","Vevor Plastic Sheeting Roll Heavy-Duty 10' x 100' Black Polyethylene New"
8310551314621,"Straight Grinders","Vevor Flex Shaft Grinder 1200W 30,000 RPM Rotary Tool Carver with Foot Pedal & 31-Pc Accessories New"
8310551511229,"Winches","Vevor Snatch Block 2 Ton Swivel Hook 3"" Sheave Pulley New"
8310552002749,"Wiggle Cars","Vevor Ride on Scooter Drift Cart for Kids 198 lbs Red New"
8310552232125,"Straight Grinders","Vevor Flex Shaft Grinder 1000W 30,000 RPM Rotary Tool Carver Kit with Foot Pedal 31-Piece New"
8310552297661,"Winches","Vevor Snatch Block 2 Ton 3"" Sheave Pulley with Chain New"
8310552428733,"Spool Guns","Vevor MIG Welding Gun 250A 15' Cable for 0.035"" and 0.045"" Welding Wires New"
8310552494269,"Spool Guns","Vevor Mig Welding Gun 250A 15' Cable for Millermatic Welders New"
8310552625341,"PE Weed Barrier Fabrics","Vevor Plastic Sheeting Heavy Duty 10' x 100' 6 Mil Black/White Roll New"
8310552854717,"Pump Accessories","Vevor Water Transfer Pump Cordless Stick 528 GPH for Dewalt 20V MAX Battery New"
8310552887485,"Pump Accessories","Vevor Water Transfer Pump Cordless Submersible 528 GPH for Dewalt 20V MAX New"
8310552953021,"Winches","Vevor Snatch Block 10T 22,000 lbs Winch Pulley New"
8310553149629,"Winches","Vevor Snatch Block 30 T 66,000 lbs Winch Recovery Pulley New"
8310553706685,"Pedal Vehicles","Vevor Electric Go Kart Kids Ride-On Toy White 6V New"
8310553804989,"Tape Dispensers","Vevor Packing Tape Clear 6 Rolls 1.88"" x 25 Yards with Dispensers 2.7 Mil New"
8310553936061,"Tape Dispensers","Vevor Packing Tape Clear Heavy Duty 36 Rolls 1.88"" x 65 Yards 2.7 Mil New"
8310553968829,"Tape Dispensers","Vevor Packing Tape Clear 24 Rolls 1.88"" x 65 Yards Heavy Duty 2.7 Mil New"
8310554034365,"Tape Dispensers","Vevor Packing Tape Heavy Duty Clear 24 Rolls 3"" x 65 Yards 2.7 Mil New"
8310554067133,"Tape Dispensers","Vevor Packing Tape Clear Shipping Tape with Dispenser 6 Rolls 1.88"" x 65 yd 2.7 mil New"
8310554099901,"Tape Dispensers","Vevor Packing Tape Clear Shipping Tape with Dispenser 12 Rolls 1.88"" x 65 yd 2.7 mil New"
8310554788029,"PE Weed Barrier Fabrics","Vevor Plastic Sheeting 10 Mil Heavy-Duty 5' x 100' Black New"
8310555377853,"PE Weed Barrier Fabrics","Vevor Plastic Sheeting Heavy Duty Black 10' x 100' 6 Mil Polyethylene New"
8310555607229,"PE Weed Barrier Fabrics","Vevor Plastic Sheeting 24' x 100' 6 Mil Heavy Duty Black Polyethylene Roll New"
8310555967677,"Welding Accessories","Vevor Torch Kit Portable Oxygen-Acetylene Welding Cutting Brazing Set New"
8310556819645,"Welding Accessories","Vevor Torch Kit Portable Oxygen-Acetylene Welding & Cutting Set 14-Pc New"
8310557933757,"Floats","Vevor Inflatable PFD Belt Manual Belt Pack for Adults Gray New"
8310558064829,"Floats","Vevor Life Vest Manual Inflatable Belt Pack for Adults Black New"
8310558130365,"Alloy Toe Boots","Vevor Work Boots Waterproof Moc Toe Steel Toe Size 13 Brown New"
8310558228669,"Alloy Toe Boots","Vevor Work Boots Waterproof Steel Toe Slip-Resistant Men's Size 10.5 Brown Yellow New"
8310558589117,"Welder Accessories","Vevor Plastic Welder Kit Deluxe 100W Gun with 60W/100W Soldering Iron New"
8310558884029,"PE Weed Barrier Fabrics","Vevor Plastic Sheeting Heavy Duty 10' x 65' Black & White 10 Mil Roll New"
8310558916797,"Alloy Toe Boots","Vevor Work Boots Steel Toe Waterproof Slip-Resistant Men's Size 13 New"
8310559113405,"Alloy Toe Boots","Vevor Work Boots Waterproof Moc Toe Steel Toe Slip-Resistant Men's Brown US Size 9 New"
8310559178941,"Alloy Toe Boots","Vevor Work Boots Steel Toe Waterproof Moc Toe Men's Size 10 Slip-Resistant New"
8310559211709,"Alloy Toe Boots","Vevor Work Boots Steel Toe Waterproof Men's Size 9.5 Brown Yellow New"
8310559310013,"Alloy Toe Boots","Vevor Work Boots Waterproof Moc Toe Slip-Resistant Men's Brown Size 12 New"
8310559441085,"Alloy Toe Boots","Vevor Work Boots Waterproof Moc Toe Steel Toe Brown Size 9.5 New"
8310559604925,"Alloy Toe Boots","Vevor Work Boots Waterproof Moc Toe Steel Toe Brown Men's Size 11.5 New"
8310559637693,"Alloy Toe Boots","Vevor Work Boots Steel Toe Waterproof Men's Slip-Resistant Size 9 Brown Yellow New"
8310559670461,"Alloy Toe Boots","Vevor Work Boots Steel Toe Waterproof Slip-Resistant Men's Size 11 Brown Yellow New"
8310559703229,"Landscape Edging","Vevor Garden Walkway Roll-Out Cedar Wooden Pathway 8' x 17"" New"
8310559768765,"Landscape Edging","Vevor Garden Walkway 12' x 17"" Roll-Up Cedar Path New"
8310559834301,"Landscape Edging","Vevor Wooden Garden Pathway Roll-Out Cedar Outdoor Walkway 24' x 17"" New"
8310559867069,"Alloy Toe Boots","Vevor Work Boots Men's Steel Toe Waterproof Slip-Resistant Size 12 Brown Yellow New"
8310559899837,"Landscape Edging","Vevor Garden Pathway Roll-Out Cedar Walkway 12' x 22"" Straight New"
8310559932605,"Alloy Toe Boots","Vevor Work Boots Steel Toe Waterproof Slip-Resistant Men's Size 10 Brown Yellow New"
8310560194749,"Landscape Edging","Vevor Garden Pathway Curved Roll-Out Cedar 7' x 17"" Outdoor Walkway New"
8310560358589,"Alloy Toe Boots","Vevor Work Boots Steel Toe Waterproof Slip-Resistant Men's Size 11.5 Brown Yellow New"
8310560489661,"Cargo Racks","Vevor Roof Rack Pads 15.5"" Universal Soft Car Top Carrier Set New"
8310560587965,"Landscape Edging","Vevor Garden Pathway Curved 8' x 17"" Roll-Out Cedar Walkway New"
8310561046717,"Espresso Hand Tampers","Vevor Coffee Distributor 58mm 2-in-1 Adjustable Espresso Distributor New"
8310561308861,"Gym Floor Tiles","Vevor Dance Floor Tiles Portable Interlocking Practice Flooring 25-Piece Oak Wood Grain New"
8310561341629,"Cord Reels","Vevor Welding Hose Reel Retractable 1/4"" x 50' Oxy Acetylene T-Grade New"
8310561964221,"Espresso Hand Tampers","Vevor Tamping Station 8-in-1 Espresso Knock Box for 51-58 mm Handles New"
8310562029757,"Espresso Hand Tampers","Vevor Tamping Station 9-in-1 Sapele Wood Espresso Knock Box for 51-58 mm Handles New"
8310562128061,"Bean Bag Chairs","Vevor Bean Bag Bed Chair Convertible Lounge Mattress Grey Queen New"
8310562947261,"Mattresses","Vevor Tatami Mat 80 x 39"" Foldable Natural Rattan Sleeping Mat New"
8310563930301,"Welder Accessories","Vevor Plastic Welder Kit 220W Hot Staple Gun with 800 Staples & 56 Rods New"
8310564847805,"Silicone Bodysuits","Vevor Breastplate Realistic E-Cup High Neck Silicone Breast Forms New"
8310564946109,"Espresso Hand Tampers","Vevor Espresso Tamping Station 7-in-1 Multifunctional ABS Base for 51-58 mm Handles New"
8310565109949,"Silicone Bodysuits","Vevor Breastplate Realistic C-Cup High Neck Silicone Breast Forms Ivory New"
8310565601469,"Silicone Bodysuits","Vevor Breastplate H-Cup High Neck Silicone Breast Forms New"
8310565863613,"Silicone Bodysuits","Vevor Breastplate Silicone K-Cup High Neckline Cosplay Fake Breasts New"
8310565896381,"Silicone Bodysuits","Vevor Silicone Pants Hip Enhancer Shapewear Panty Brown New"
8310566027453,"Silicone Bodysuits","Vevor Breastplate D-Cup High Neck Silicone Fake Breasts New"
8310567764157,"Tattoo Lights","Vevor Desk Lamp Half Moon LED Nail Light with Phone Holder 30"" New"
8310568124605,"Tattoo Lights","Vevor Desk Lamp Half Moon Nail Light with Phone Holder 29"" 40W Adjustable Brightness New"
8310568255677,"Tattoo Lights","Vevor Floor Lamp 23"" Half Moon Esthetician LED Light with Phone Holder New"
8310569435325,"Hair Scrapers","Vevor Pet Hair Removal Broom Adjustable 3-in-1 Cleaning Tool New"
8310569533629,"Scrapbook Paper Storage Cases Sets","Vevor Rolling Storage Cart 6-Tier Craft Organizer Top Black New"
8310569664701,"Tattoo Lights","Vevor Lamp Half Moon Esthetician 2-in-1 LED Floor and Desk Lash Light 16"" New"
8310569861309,"Other Emergency Accessories","Vevor Stanchions Red Velvet Ropes and Posts 4 Pcs New"
8310569926845,"Other Emergency Accessories","Vevor Stanchion Post Crowd Control Barrier Set with Black Velvet Ropes 6 Pcs New"
8310569959613,"Other Emergency Accessories","Vevor Crowd Control Stanchions Gold 6-Pc with 4 Red Velvet Ropes New"
8310569992381,"Other Emergency Accessories","Vevor Stanchion Post Retractable Belt Barrier 8-Pc Set New"
8310570057917,"Other Emergency Accessories","Vevor Stanchions and Velvet Ropes 6-Pc Crowd Control Barriers with 4 Red Velvet Ropes New"
8310570090685,"Other Emergency Accessories","Vevor Stanchion Post & Velvet Rope Set Gold Crowd Control Barriers 8-Pc New"
8310570123453,"Other Emergency Accessories","Vevor Stanchions and Velvet Ropes 8-Pc Silver Crowd Control Barrier Set New"
8310570156221,"Other Emergency Accessories","Vevor Stanchion Post Velvet Rope Crowd Control Set Silver 4-Pc New"
8310570221757,"Other Emergency Accessories","Vevor Stanchions and Velvet Ropes Silver Crowd Control Barriers New"
8310570483901,"Other Emergency Accessories","Vevor Stanchions and Velvet Ropes Gold Crowd Control Barriers 4 Pcs New"
8310570811581,"Scrapbook Paper Storage Cases Sets","Vevor Plastic Storage Organizer 10-Tier Large Capacity with Organizer Top Black Frame New"
8310570942653,"Dog Crates","Vevor Dog Car Barrier Adjustable Trunk Cargo Pet Divider Gate New"
8310570975421,"Dog Crates","Vevor Dog Car Barrier 46"" Cargo Area Vehicle Pet Barrier New"
8310571172029,"Dog Crates","Vevor Dog Car Barrier Mesh Cargo Pet Net for Jeep Wrangler New"
8310571434173,"Dog Crates","Vevor Dog Car Barrier Adjustable Trunk Cargo Area Pet Divider New"
8310571466941,"Dog Crates","Vevor Dog Car Barrier Adjustable Universal-Fit Vehicle Pet Divider New"
8310571630781,"Dog Crates","Vevor Dog Car Barrier Adjustable Universal-Fit Vehicle Pet Barrier New"
8310571696317,"Dog Crates","Vevor Dog Car Barrier Adjustable Trunk Cargo Area Divider 38.5""-61.6"" New"
8310571761853,"Welder Accessories","Vevor Plastic Welder Cordless 120W Hot Staple Repair Kit New"
8310571827389,"Yoga Equipment","Vevor Storage Rack Home Gym Workout Equipment Organizer New"
8310571925693,"Dog Crates","Vevor Dog Car Barrier 56"" Mesh Divider for Front Seats New"
8310572351677,"Gym Wall Padding","Vevor Basketball Pole Pad 64"" Tall 2"" Thick for 6x6-7x7 Square Poles New"
8310572515517,"Torpedo Levels","Vevor Torpedo Level Magnetic 4-Piece 48/24/16/10"" Set New"
8310572581053,"Torpedo Levels","Vevor Torpedo Level 4-Piece 48/24/16/10"" Aluminum Box Set New"
8310572712125,"Torpedo Levels","Vevor Levels Set 6-Piece Torpedo Box Level Set 10""-78"" Aluminum Alloy New"
8310572908733,"Artificial Garlands","Vevor Wedding Arch Kit Blue Artificial Flowers and Drapes New"
8310573138109,"Artificial Garlands","Vevor Artificial Wedding Arch Flowers Kit Orange with Drapes 4-Pc Set New"
8310573170877,"Sand Ice Machines","Vevor Blender Professional 85 oz Smoothie Maker with 1400W Motor New"
8310573498557,"Fans","Vevor Filter Replacement Filter for Tower Fan with HEPA and Activated Carbon New"
8310574153917,"Gas Griddle Covers","Vevor Grill Cover 59"" Heavy-Duty Waterproof BBQ Cover New"
8310574186685,"Kids Play Tables","Vevor Weaning Table and Chair Set Montessori Adjustable Height Toddler Desk with Blackboard White New"
8310574219453,"Gas Griddle Covers","Vevor Grill Cover 48"" Waterproof Heavy-Duty BBQ Cover New"
8310574252221,"Sand Ice Machines","Vevor Blender Professional 85 oz Smoothie Food Processing Kitchen New"
8310574284989,"Gas Griddle Covers","Vevor Grill Cover Heavy Duty 63"" BBQ Cover for Outdoor Grills Waterproof Black New"
8310574317757,"Gas Griddle Covers","Vevor Grill Cover 58"" Heavy-Duty Waterproof BBQ Cover New"
8310574448829,"Gas Griddle Covers","Vevor Grill Cover 60"" Waterproof Heavy-Duty BBQ Cover New"
8310574547133,"Gas Griddle Covers","Vevor Grill Cover 52"" Heavy-Duty Waterproof BBQ Gas Grill Cover New"
8310574776509,"Gas Griddle Covers","Vevor Grill Cover 66"" Heavy-Duty Waterproof BBQ Cover New"
8310574842045,"Sand Ice Machines","Vevor Blender 61 oz 1400W Professional Smoothie Maker with 2 Travel Mugs New"
8310574874813,"Sand Ice Machines","Vevor Blender 61 oz 1400W Professional Smoothie Food Processing Blender New"
8310575136957,"Kids Play Tables","Vevor Table and Chair Set Montessori Weaning Toddler Desk with 2 Chairs Adjustable Height Natural Wood New"
8310575300797,"Gas Griddle Covers","Vevor Grill Cover 65"" Heavy-Duty Waterproof BBQ Cover New"
8310575694013,"Kids Play Tables","Vevor Table and Chair Set Montessori Weaning Activity Set White New"
8310575923389,"Other Emergency Accessories","Vevor Stanchion Post 6-Pc Retractable Belt Crowd Control Barrier Set New"
8310576578749,"Gym Wall Padding","Vevor Basketball Pole Pad 71"" Heavy Duty Wrap Around Protective Padding New"
8310576775357,"Sand Ice Machines","Vevor Blender 68 oz 1400W Professional Smoothie Food Processing Blender New"
8310577135805,"Desks","Vevor Kids Desk and Chair Set Adjustable Height Tilted Desktop with Lamp Gray New"
8310577660093,"TV Stands","Vevor TV Mount Motorized Ceiling Flip-Down for 32-65"" Screens New"
8310579396797,"Artificial Hedges","Vevor Artificial Flower Wall Panels 12 pcs 15"" x 15"" Pink Privacy Backdrop New"
8310579495101,"Artificial Hedges","Vevor Flower Wall Panel 24 pcs 15"" x 15"" Artificial Floral Backdrop White New"
8310581362877,"Seasoning Racks","Vevor Chilled Condiment Server 6-Compartment Ice-Cooled Serving Tray with Lid New"
8310581395645,"Air Filters","Vevor Floor Register 4 x 10"" 2-Pack Nickel-Plated Iron Vent Covers New"
8310581428413,"Seasoning Racks","Vevor Condiment Server 4-Compartment Ice Cooled Serving Tray with Lid New"
8310581526717,"Seasoning Racks","Vevor Buffet Container 5-Pan Countertop Food Serving Display with Clear Lid New"
8310581690557,"Folding Beds","Vevor Air Mattress Twin with Frame & Rolling Carry Case New"
8310582051005,"Seasoning Racks","Vevor Condiment Server 6-Pan Countertop Food Serving Display Container with Clear Lid New"
8310582640829,"Seasoning Racks","Vevor Condiment Server Countertop Food Serving Display with Clear Lid & 3 Ice Trays New"
8310582902973,"Seasoning Racks","Vevor Food Serving Display Container Countertop Stainless Steel 1 x 1 Pan with Clear Lid New"
8310583001277,"Seasoning Racks","Vevor Food Serving Display Container 4-Pan Buffet Condiment Dispenser with Clear Lid New"
8310583197885,"RV & Marine Cords","Vevor Splitter Switch NEMA Dryer and EV 240V 3.4"" LCD New"
8310583460029,"Gym Wall Padding","Vevor Basketball Pole Pad 71"" Tall 1.2"" Thick Wrap Around Protective Padding New"
8310583722173,"Gym Wall Padding","Vevor Basketball Pole Pad Heavy-Duty Waterproof Wrap-Around Padding New"
8310584017085,"PEMF Mats","Vevor Grounding Mat 27"" x 78"" Anti-Slip Earthing Pad New"
8310584606909,"Training Mats","Vevor Baby Play Gym Mat Tummy Time Activity Mat with 6 Sensory Toys 34.4"" x 34.4"" New"
8310585229501,"Air Filters","Vevor Floor Register 4"" x 10"" 6-Pack White Iron HVAC Vent Covers New"
8310585295037,"Air Filters","Vevor Floor Registers 18"" 10-Pack Baseboard Air Vents White New"
8310585360573,"Air Filters","Vevor Floor Register 15.1"" Baseboard Vent Covers 10-Pack White New"
8310585688253,"Air Filters","Vevor Floor Register 4"" x 10"" 6-Pack Adjustable Iron Vent Covers Brown New"
8310585786557,"Paint Roller Covers","Vevor Paint Roller Kit 19-Pc Wall Painting Set New"
8310585917629,"Air Filters","Vevor Floor Registers 4 x 10"" 12-Pack Black HVAC Vent Grilles New"
8310586048701,"RV & Marine Cords","Vevor Power Outlet Splitter NEMA 14-30 EV Dryer Smart 240V 2 x 14-30R LCD New"
8310586212541,"RV & Marine Cords","Vevor Splitter Switch NEMA 10-30 for Dryer and EV 240V 24A Dual Outlet with 3.4"" LCD New"
8310588178621,"Landscape Rakes","Vevor Drag Harrow 8' Heavy Duty Tow Behind Driveway Grader Rake New"
8310588309693,"Static Roof Vents","Vevor RV Vent Fan 14"" 10-Speed Reversible Roof Vent with Remote Control New"
8310588407997,"PEMF Mats","Vevor Grounding Mat 27"" x 39"" Earthing Pad with 15' Cord New"
8310588440765,"PEMF Mats","Vevor Grounding Mat 24 x 16"" Anti-Slip PU Leather Earthing Pad New"
8310588473533,"Utility Wagons","Vevor Utility Cart 3-Tier Heavy-Duty Rolling Service Cart 31.1"" x 19.3"" New"
8310588702909,"Plexiglass","Vevor Plexiglass Sheets 24"" x 36"" 5-Pack Clear PET Plastic Panels 0.04"" Thick New"
8310588801213,"Tattoo Lights","Vevor Floor Lamp Half Moon Esthetician LED Lash Light 26"" New"
8310589227197,"Side Tables","Vevor Console Table Narrow Sofa Table with Power Outlets 70.9"" New"
8310589456573,"Plexiglass","Vevor HDPE Sheet 24 x 48"" 1/2"" Thick White Plastic Panel New"
8310590800061,"Seasoning Racks","Vevor Food Serving Display Container Countertop 1/2 Pan Buffet Condiment Dispenser with Lid New"
8310591094973,"RV & Marine Cords","Vevor NEMA Splitter Switch Dryer and EV 240V 40A with Dual 14-50R Outlets and 3.4"" LCD New"
8310592012477,"Air Filters","Vevor Floor Register 6-Pack 6"" x 10"" White HVAC Vent Grilles New"
8310592307389,"PEMF Mats","Vevor Grounding Mat 27"" x 60"" Anti-Slip Earthing Pad with 15' Cord New"
8310593126589,"Creepers","Vevor Work Stool With Wheels 300 lbs Rolling Mechanic Seat with Tool Tray New"
8310594175165,"Creepers","Vevor Mechanic Stool Rolling Garage Seat with Wheels 300 lbs Capacity New"
8310594764989,"Soccer Goals","Vevor Inflatable Soccer Dart Board Game Set New"
8310595649725,"Fall Mats","Vevor Bed Alarm System Wireless Bed Sensor Pad with Pager 14"" x 30"" New"
8310596206781,"Composite Deck Posts","Vevor Cable Railing Post 4-Pack 36"" x 2"" x 2"" Horizontal-Hole Deck Railing Posts Black New"
8310596239549,"Utility Wagons","Vevor Utility Cart 3-Tier Rolling Service Cart 300 lbs Capacity New"
8310596796605,"Utility Wagons","Vevor Utility Cart 2-Tier 300 lbs Rolling Service Cart New"
8310596894909,"Composite Deck Posts","Vevor Stair Railing Post 36x2x2"" Cable Rail Post 30° Angled Holes Black New"
8310597091517,"Composite Deck Posts","Vevor Cable Railing Post 36"" x 2"" x 2"" Horizontal-Hole Deck Railing Post Black New"
8310597157053,"Composite Deck Posts","Vevor Cable Railing Post 4-Pack 36x1x2"" Horizontal-Hole Deck Railing Post Black New"
8310597943485,"Soccer Goals","Vevor Soccer Dart Board Inflatable Giant Yard Game Set New"
8310598009021,"Leg Press Machines","Vevor Seated Calf Machine 440 lbs Home Gym Leg Exercise New"
8310598369469,"Fall Mats","Vevor Bed Alarm System Wireless Sensor Pad with Call Button & Pager 10"" x 35"" New"
8310598697149,"Creepers","Vevor Mechanic Stool Rolling Garage Seat with Wheels 300 lbs New"
8310599024829,"Food Mixers","Vevor Meat Mixer 15L Tilt Tank 15 lbs Stainless Steel Sausage Mixer New"
8310599319741,"Composite Deck Posts","Vevor Cable Railing Post 42x2x2"" Corner Post with L-Shaped Pre-Drilled Holes Black New"
8310599385277,"Stabilizing Jacks","Vevor RV Leveling Pads 4-Pack Rubber Trailer Jack Pads 5000 lbs New"
8310599516349,"Composite Deck Posts","Vevor Cable Railing Post 36x2x2"" Corner Post Black New"
8310599647421,"Large Rear Baskets","Vevor Bike Basket Front Electric Scooter Basket with Fixed Bracket New"
8310599680189,"Stabilizing Jacks","Vevor Trailer Jack Blocks 8"" Heavy-Duty Camper Leveling Kit New"
8310599712957,"Stabilizing Jacks","Vevor RV Levelers Camper Leveling Blocks 2 Pcs Up to 4"" New"
8310599778493,"Composite Deck Posts","Vevor Stair Railing Post 42"" x 2"" x 2"" 30° Angled Holes Black 1-Pack New"
8310599942333,"Stabilizing Jacks","Vevor Trailer Jack Block 6"" 6000 lbs RV Leveling Block New"
8310600007869,"Food Mixers","Vevor Meat Mixer 15L Stainless Steel Manual Sausage Mixer New"
8310600138941,"Food Mixers","Vevor Meat Mixer 15L Stainless Steel Sausage Mixer New"
8310600401085,"Hasps","Vevor Cabinet Lock 4-in-1 Smart Electronic Hidden Lock New"
8310600695997,"Composite Deck Posts","Vevor Stair Railing Post 36"" Black Stainless Steel Cable Railing Post New"
8310600728765,"Creepers","Vevor Shop Stool Adjustable Height Garage Work Seat with Backrest New"
8310600827069,"Composite Deck Posts","Vevor Cable Railing Post 36x1x2"" Stainless Steel Deck Stair Post Black New"
8310600925373,"Stabilizing Jacks","Vevor Trailer Jack Blocks 6"" Heavy-Duty RV Leveling Blocks 2 Pcs New"
8310601056445,"Composite Deck Posts","Vevor Cable Railing Post 42x2x2"" Stainless Steel Handrail Post Black New"
8310601121981,"Composite Deck Posts","Vevor Cable Railing Post 36"" x 2"" x 2"" Horizontal-Hole Stainless Steel Deck Railing Post New"
8310601253053,"Composite Deck Posts","Vevor Cable Railing Post 42 x 2 x 2"" 30° Angled Holes Silver New"
8310601285821,"Composite Deck Posts","Vevor Cable Railing Post 42 x 2 x 2"" Stainless Steel Pre-Drilled Deck Stair Post New"
8310601482429,"Air Filters","Vevor Return Air Filter Grille 20 x 30"" Vent Cover New"
8310601547965,"Composite Deck Posts","Vevor Cable Railing Post 36x1x2"" Corner Black New"
8310601580733,"Concrete Floats","Vevor Concrete Screed 48"" Aluminum Leveling Tool New"
8310601744573,"Composite Deck Posts","Vevor Cable Railing Post 4-Pack 42x1x2"" Horizontal-Hole Deck Railing Post Black New"
8310601810109,"Composite Deck Posts","Vevor Cable Railing Post 36"" x 1"" x 2"" Stainless Steel Level Deck Stair Post New"
8310601842877,"Air Filters","Vevor Return Air Filter Grille 24 x 18 Vent Cover New"
8310601875645,"Air Filters","Vevor Return Air Filter Grille 20 x 25"" Steel Vent Cover New"
8310602072253,"Stabilizing Jacks","Vevor RV Leveling Pads 4-Pc 5000 lbs 5.5"" Square Rubber Trailer Jack Pads New"
8310602694845,"Composite Deck Posts","Vevor Cable Railing Post 42"" Black Stainless Steel Deck Stair Railing Kit New"
8310603219133,"Canning Supplies Starter Kits","Vevor Waterbath Canner 21 QT Stainless Steel Canning Pot with Rack and Glass Lid New"
8310605447357,"Linear Guide Rails","Vevor Linear Rail 4-Piece 47.2"" 2020 T-Slot Aluminum Extrusion Profile New"
8310605906109,"Air Filters","Vevor Return Air Filter Grille 30 x 20"" Steel Vent Cover New"
8310606364861,"Pizza Ovens","Vevor Camping Oven Foldable 3-Tier Stainless Steel Portable Camp Stove New"
8310607642813,"Utility Wagons","Vevor Utility Cart 2-Tier 550 lbs 37 x 25.4"" Heavy Duty Service Cart with Wheels New"
8310608134333,"Linear Guide Rails","Vevor Linear Rail 4-Piece 39.4"" 2040 T-Slot Aluminum Extrusion Set New"
8310608167101,"Linear Guide Rails","Vevor Linear Rail 10PCS 78.7"" 2020 T-Slot Aluminum Extrusion Profile New"
8310608199869,"Linear Guide Rails","Vevor Linear Rail 4-Pc 23.6"" 4040 Aluminum Extrusion Profile New"
8310608265405,"Linear Guide Rails","Vevor Linear Rail 5PCS 59"" 2040 T-Slot Aluminum Extrusion Profile New"
8310608363709,"Pressure Washer Accessories","Vevor Foam Machine Party Foam Cannon with Tripod Stand 120W Grey Yellow New"
8310608396477,"Linear Guide Rails","Vevor Linear Rail 4040 T-Slot Aluminum Extrusion 4-Pc 39.4"" New"
8310608494781,"Dimmable Bulbs","Vevor Smart Bulbs A19 E26 WiFi Bluetooth RGB Color Changing 4-Pack New"
8310608527549,"Linear Guide Rails","Vevor Linear Rail 5-Piece 39.4"" 2040 T-Slot Aluminum Extrusion Profile New"
8310608724157,"Linear Guide Rails","Vevor Linear Rail 78.7"" 2040 T-Slot Aluminum Extrusion Profile 5-Pack New"
8310608789693,"Linear Guide Rails","Vevor Linear Rail 47.2"" 2040 T-Slot Aluminum Extrusion Profile 5-Piece Set New"
8310609215677,"Screw Eyes","Vevor Screw Hooks Q-Hanger Outdoor String Light Hooks 20-Pc 2.17"" Black New"
8310610231485,"Pressure Washer Accessories","Vevor Foam Machine Portable Party Foam Cannon with Tripod Stand New"
8310610755773,"Brackets","Vevor Shelf Pilaster Adjustable Wall-Mounted Shelving System 39"" 10-Pack New"
8310611116221,"Mattress Bags","Vevor Plastic Couch Cover 4 Mil Clear Heavy-Duty Sofa Protector 92 x 62 x 42"" New"
8310611935421,"Creepers","Vevor Shop Stool Adjustable Garage Seat with Backrest & Wheels 300 lbs New"
8310613278909,"Bed Backrests","Vevor Bed Wedge Pillow Adjustable Orthopedic Acid Reflux Support New"
8310614655165,"Soft Toe Shoes","Vevor Cross Training Shoes Men's Wide Toe Box Walking Running Sneakers US 9 Black New"
8310614687933,"Soft Toe Shoes","Vevor Cross Training Shoes Wide Toe Box Arch Support Lace-Up Sneakers Black New"
8310614819005,"Soft Toe Shoes","Vevor Cross Training Shoes Wide Toe Box Arch Support Black US 11 New"
8310614917309,"Soft Toe Shoes","Vevor Cross Training Shoes Wide Toe Box Arch Support Black US 8 New"
8310614950077,"Soft Toe Shoes","Vevor Cross Training Shoes Men's Wide Toe Box Arch Support Adjustable Lace-Up Black US 12 New"
8310614982845,"Soft Toe Shoes","Vevor Cross Training Shoes Wide Toe Box Arch Support Adjustable Lace-up Black US 9 New"
8310615015613,"Soft Toe Shoes","Vevor Cross Training Shoes Wide Toe Box Arch Support Black US 12 New"
8310615441597,"Server Racks","Vevor Computer Case Mid-Tower Gaming Case with 4 x 120 mm Fans Tempered Glass New"
8310615539901,"Server Racks","Vevor Computer Case Mid-Tower PC Gaming Case with 3 x 120 mm ARGB Fans Tempered Glass New"
8310615572669,"Server Racks","Vevor Computer Case Mid-Tower Gaming Case with Tempered Glass and 2 x 120 mm Fans New"
8310615769277,"Server Racks","Vevor Computer Case Mid-Tower Gaming Case with Tempered Glass Panel and 4 x 120 mm ARGB Fans New"
8310615998653,"Soft Toe Shoes","Vevor Cross Training Shoes Black Wide Toe Box M Width US 13 New"
8310616031421,"Mite Removal Instruments","Vevor Mattress Vacuum Cleaner 18kPa HEPA Filter 550W White New"
8310616096957,"Soft Toe Shoes","Vevor Cross Training Shoes Wide Toe Box Arch Support Lace-Up Black New"
8310616195261,"Soft Toe Shoes","Vevor Cross Training Shoes Black Wide Toe Box Arch Support US 11 New"
8310616228029,"Soft Toe Shoes","Vevor Cross Training Shoes Wide Toe Box Arch Support Lace-Up White US 8 New"
8310616260797,"Utility Wagons","Vevor Utility Cart Heavy Duty 2-Tier Service Cart with Wheels 550 lbs 31.3 x 17.7"" New"
8310616752317,"Soft Toe Shoes","Vevor Cross Training Shoes Wide Toe Box Arch Support Black US 13 New"
8310616785085,"Soft Toe Shoes","Vevor Cross Training Shoes Wide Toe Box Arch Support Lace-Up White US 9 New"
8310616850621,"Soft Toe Shoes","Vevor Cross Training Shoes Wide Toe Box Arch Support Lace-Up White US 10 New"
8310617014461,"Soft Toe Shoes","Vevor Cross Training Shoes Wide Toe Box Arch Support Black US 10 New"
8310617276605,"Batteries","Vevor Sump Pump Battery Backup System 1500W Pure Sine Wave LCD Display New"
8310617702589,"Server Racks","Vevor Computer Case Mid-Tower PC Gaming Case with Tempered Glass Panel and 6 x 120 mm PWM ARGB Fans New"
8310617866429,"Server Racks","Vevor PC Case Dual-Chamber Mid Tower Gaming Computer Case New"
8310617899197,"Server Racks","Vevor Computer Case Full-Tower Gaming PC Case with 3 PWM Fans New"
8310618915005,"Ice Makers","Vevor Condensate Pump Automatic AC Condensation Pump 65 GPH 24' Lift New"
8310619963581,"Disconnects","Vevor Transfer Switch 100A 24000W Manual 120/240V New"
8310620487869,"Knife Sharpener Jigs","Vevor Lawn Mower Blade Sharpener Adjustable 15° to 45° with Balancer New"
8310620979389,"Disconnects","Vevor Generator Transfer Switch 200A 48000W Manual Double-Throw 120/240V New"
8310621110461,"Utility Wagons","Vevor Utility Cart 3-Shelf Wheeled Service Cart 300 lbs 27.6 x 18.1"" Black New"
8310621175997,"Router Sleds","Vevor Router Table Precision Woodworking System 31.5"" x 23.9"" New"
8310621208765,"Router Sleds","Vevor Router Table Benchtop 24"" x 15.7"" MDF Top with Adjustable Fence New"
8310621798589,"Bed Backrests","Vevor Wedge Pillow Adjustable Orthopedic Bed Pillow Set 4 Pcs White Gray New"
8310621995197,"Bed Backrests","Vevor Wedge Pillow 4-Piece Adjustable Orthopedic Bed Set for Sleeping Acid Reflux Back Leg Neck Support New"
8310622322877,"Soft Toe Shoes","Vevor Cross Training Shoes Wide Toe Box Arch Support White US 12 New"
8310622552253,"Soft Toe Shoes","Vevor Cross Training Shoes Wide Toe Box Arch Support Adjustable Lace-Up White US 13 New"
8310623305917,"Soft Toe Shoes","Vevor Cross Training Shoes US 13 White Wide Toe Box Arch Support Lace-Up New"
8310623568061,"Soft Toe Shoes","Vevor Cross Training Shoes Wide Toe Box Arch Support White US 10 New"
8310623633597,"Soft Toe Shoes","Vevor Cross Training Shoes Wide Toe Box with Arch Support White US 11 New"
8310624092349,"Brackets","Vevor Shelf Track 36.3"" Adjustable Wall-Mounted Pilaster Strips 8-Pack New"
8310624125117,"Soft Toe Shoes","Vevor Cross Training Shoes Wide Toe Box Arch Support Lace-Up White US 12 New"
8310624223421,"Soft Toe Shoes","Vevor Cross Training Shoes Wide Toe Box Arch Support White US 8 New"
8310624256189,"Soft Toe Shoes","Vevor Cross Training Shoes Wide Toe Box Arch Support White US 9 New"
8310624321725,"Soft Toe Shoes","Vevor Cross Training Shoes White Arch Support Wide Toe Box US 11 New"
8310624452797,"Brackets","Vevor Shelf Track 36.3"" Adjustable Steel Wall-Mounted Pilaster 6-Pack New"
8310624846013,"Bowls Sets","Vevor Dinnerware Set 18-Piece Ceramic Plates and Bowls Service for 6 White New"
8310625108157,"Bowls Sets","Vevor Dinnerware Set 32-Piece Ceramic Plates and Bowls Service for 8 White New"
8310625337533,"Bike Racks","Vevor Bike Repair Stand Portable Adjustable Bicycle Maintenance Rack with Magnetic Tool Tray New"
8310626779325,"Finishing Trowels","Vevor Tile Trowel Stainless Steel Squared Notch 10.9"" x 4.4"" Pro Grade New"
8310626975933,"Generator Cords","Vevor Dryer Extension Cord 50' 30A 4-Prong NEMA 14-30P to 14-30R New"
8310627139773,"Bike Racks","Vevor Bike Repair Stand Adjustable 88 lbs Bicycle Maintenance Rack with Tool Tray New"
8310627303613,"Bike Racks","Vevor Bike Repair Stand Adjustable 110 lbs Bicycle Maintenance Rack with Tool Tray New"
8310627336381,"Generator Cords","Vevor Dryer Extension Cord 25' 4-Prong 30A 125/250V New"
8310627434685,"Bike Racks","Vevor Bike Repair Stand Heavy-Duty Adjustable Bicycle Maintenance Rack with Tool Tray New"
8310627500221,"Generator Cords","Vevor Dryer Extension Cord 10' 4-Prong 30A 125V/250V New"
8310627532989,"Generator Cords","Vevor Dryer Power Cord 10' 4-Prong NEMA 14-30P 30A New"
8310628090045,"Generator Cords","Vevor Dryer Cord 10' 3-Prong NEMA 10-30P 30A 125/250V Power Cord New"
8310628319421,"Garage Door Opener Parts","Vevor Gate Latch Self-Locking Heavy Duty Gravity Lever Hardware Black New"
8310631137469,"Drill Bits","Vevor Screwdriver Bit Set 45-Piece Magnetic S2 Steel Bits with Storage Case New"
8310631203005,"Farm Jacks","Vevor Jack Base High Lift Off-Road Support Stand 11.6"" x 11.6"" Red New"
8310631268541,"Disposable Shoe Covers","Vevor Shoe Cover Dispenser Automatic Floor Protection Machine New"
8310631334077,"Track Torches","Vevor Pipe Cutting Machine Portable Manual Gas Beveling Cutter New"
8310632186045,"UV Disinfection Systems","Vevor UV Light Bulb 4-Pack 25W Replacement UVC Lamp with Ozone New"
8310632382653,"Axe Throwing Sets","Vevor Throwing Knives Set 6-Pack 8.9"" Stainless Steel with Nylon Sheath New"
8310632906941,"Attic Fans","Vevor Solar Fan 8"" Rechargeable Portable Cordless Fan with LED Lantern New"
8310633070781,"Lawn Mower Attachments","Vevor Front Bumper Jeep Wrangler JL JLU Gladiator JT Heavy-Duty Steel Off-Road New"
8310633169085,"Attic Fans","Vevor Solar Fan Portable Rechargeable 7"" with LED Lantern New"
8310633398461,"Attic Fans","Vevor Solar Fan Camping Portable 8"" Rechargeable Fan with Solar Panel & LED Lantern New"
8310633955517,"Brackets","Vevor Shelf Track Adjustable Wall-Mounted Shelf Pilaster 60"" 5-Pack New"
8310635462845,"Lawn Mower Attachments","Vevor Front Bumper Toyota Tacoma Winch Plate Bull Bar New"
8310635561149,"Lawn Mower Attachments","Vevor Front Bumper Jeep Wrangler JK/JKU 2007-2018 Heavy-Duty Steel with Winch Plate New"
8310636150973,"Garage Door Opener Parts","Vevor Gate Latch Heavy-Duty 360° Rotating Flip Latch New"
8310636544189,"Side Tables","Vevor Console Table 42"" 2-Tier Tempered Glass Gold New"
8310636806333,"Lawn Mower Attachments","Vevor Front Bumper Toyota Tacoma LED Light Bar Winch Plate Heavy-Duty Steel New"
8310638117053,"Rebar","Vevor Rebar Stakes 24"" Heavy-Duty Straight Galvanized Steel Ground Anchors 20-Pack New"
8310638215357,"F-Clamps","Vevor Bar Clamps 30"" Parallel Clamp Set 2-Pack New"
8310638411965,"Engine Parts","Vevor Skid Steer Attachment Plate 1/4"" Thick 45"" Wide Quick Attach Mount Plate New"
8310638444733,"Creepers","Vevor Rolling Shop Stool Adjustable Garage Work Seat with Casters New"
8310638608573,"Creepers","Vevor Shop Stool Rolling Garage Seat Adjustable Height 300 lbs New"
8310638805181,"F-Clamps","Vevor Bar Clamps 24"" One-Handed Clamp Spreader 2-Pack New"
8310638837949,"F-Clamps","Vevor Bar Clamps 12"" One-Handed Quick-Grip 2-Pack New"
8310639034557,"Rebar","Vevor Rebar Stakes 10"" U-Shaped Ground Anchors 12-Pack New"
8310639067325,"Rebar","Vevor Rebar Stakes 12"" U-Shaped Ground Anchors 8-Pack New"
8310639362237,"F-Clamps","Vevor Bar Clamps Woodworking Quick-Grip Clamp Spreader Set 12"" & 6"" 4-Pack New"
8310639919293,"Luggage Sets","Vevor Ride-On Luggage 20"" Kids Scooter Suitcase Blue New"
8310640050365,"Plastic Pavers","Vevor Gravel Grid 2"" 17.06 x 8.86' Ground Retainer for Driveway Stabilization New"
8310640378045,"Generator Cords","Vevor Dryer Extension Cord 25' 30A 10AWG 3-Prong NEMA 10-30P to 10-30R New"
8310640476349,"Drill Bits","Vevor Screwdriver Bit Set 101-Piece Magnetic S2 Steel with Storage Case New"
8310640771261,"Generator Cords","Vevor Dryer Extension Cord 50' 3-Prong NEMA 10-30P to 10-30R 30A New"
8310640804029,"Generator Cords","Vevor Dryer Extension Cord 10' 3-Prong NEMA 10-30P to 10-30R 30A New"
8310642442429,"Lawn Mower Attachments","Vevor Front Bumper Jeep Wrangler YJ TJ LED Light New"
8310643491005,"Locking Pliers","Vevor Hydraulic Flange Spreader 8T Integral Type New"
8310645194941,"F-Clamps","Vevor Bar Clamps 36"" Parallel Clamp Set 2-Pack New"
8310645227709,"F-Clamps","Vevor Bar Clamps 24"" 2-Pack Parallel Clamp Set New"
8310646112445,"Furniture Sliders","Vevor Sliding Tray 16 x 12"" Countertop Appliance Rolling Tray New"
8310646145213,"Luggage Sets","Vevor Scooter Luggage Kids Ride-On Suitcase 20"" Pink New"
8310647750845,"Puck Lights","Vevor Under Cabinet Lighting 2-Piece 40-LED Motion Sensor Rechargeable Closet Lights New"
8310647816381,"Split Lighting Downlights","Vevor LED Recessed Ceiling Light 12-Pack 4"" 5CCT Ultra-Thin Canless Wafer Downlight with Junction Box New"
8310647849149,"Puck Lights","Vevor Under Cabinet Lighting 5-Piece 68-LED Motion Sensor Lights New"
8310649159869,"Waffle Irons","Vevor Dutch Pancake Maker 50-Piece Commercial Non-Stick 1800W New"
8310649192637,"Ceramic Fire Balls","Vevor Fire Stones 0.8-1.2"" Ceramic Fiber Lava Rocks for Fire Pit Fireplace New"
8310649323709,"Luggage Sets","Vevor Ride-On Luggage 18"" Kids Scooter Suitcase Blue & White New"
8310649356477,"Ceramic Fire Balls","Vevor Fire Pit Lava Rocks Black 25-Pc 1.2-2.0"" Reusable Stones New"
8310650962109,"Grout Sponges","Vevor Cleaning Sponges 6-Pack Non-Scratch Large Household Scrubbing Sponges New"
8310651224253,"Kitchen Hand Tools","Vevor Kitchen Utensil Set 50-Piece Black Silicone Cooking Tools with Holder 428°F New"
8310652010685,"Monitors","Vevor Car Stereo 10"" Touchscreen Wireless Apple CarPlay Android Auto New"
8310652764349,"Media Streaming Devices","Vevor Digital Picture Frame 10.1"" Wi-Fi IPS Touchscreen 32GB 2-Pack New"
8310652829885,"Monitors","Vevor Car Stereo Wireless CarPlay & Android Auto 9"" Touchscreen with Backup Camera New"
8310653026493,"Fireplace Log Sets","Vevor Electric Fireplace Log 23"" Crackling Sound Insert Heater New"
8310653059261,"Monitors","Vevor Car Stereo 10"" Wireless Apple CarPlay Touchscreen with Front & Backup Cameras New"
8310653124797,"Media Streaming Devices","Vevor Digital Picture Frame 10.1"" HD IPS Touchscreen Wi-Fi Photo Frame New"
8310653649085,"Monitors","Vevor Car Stereo Wireless 7"" Touch Screen with Apple CarPlay Android Auto Backup Camera New"
8310653911229,"PEMF Mats","Vevor Grounding Mat 24"" x 16"" Anti-Slip PU Leather Earthing Pads 2 Pack New"
8310654402749,"Shower Drains","Vevor Vessel Sink Drain Bathroom Sink Drain with Overflow Matte Black New"
8310654435517,"Shower Drains","Vevor Vessel Sink Drain Bathroom Sink Drain Without Overflow New"
8310655221949,"Ice Shavers","Vevor Snow Cone Machine Commercial 350W 661 lbs/h Electric Ice Crusher Black New"
8310655385789,"TV Antennas","Vevor Roof Mount Starlink Gen 3 Adjustable Pole Adapter New"
8310657745085,"Trucking GPSs","Vevor GPS Navigator 7"" Touch Screen 8GB Car Navigation System New"
8310658433213,"Ice Shavers","Vevor Ice Crusher Commercial 661 lbs/h Electric Snow Cone Machine Silver New"
8310658465981,"Ice Shavers","Vevor Ice Crusher Machine 286 lbs/h Electric 4-Blade Snow Cone Maker New"
8310659678397,"TV Antennas","Vevor Satellite Dish Mount Starlink Gen 3 RV Ladder 360° Adjustable Extra Short Black New"
8310659711165,"Bollard Lights","Vevor Bubble Tube Lamp Sensory Water Fish Night Light with Bluetooth Speaker & White Noise 15"" New"
8310659842237,"TV Antennas","Vevor Satellite Dish Mount Starlink RV Ladder Mount 360° Adjustable Extra Long Gen 3 Black New"
8310660890813,"Grandfather Clocks","Vevor Grandfather Clock Vintage Pendulum Wall Clock 26.7"" Quartz Movement New"
8310662037693,"File Cabinets","Vevor File Cabinet Mobile Metal Filing Cabinet with 3 Fabric Drawers and 2 Open Shelves Black New"
8310662103229,"Cup Hooks","Vevor Suction Cup Hooks 6-Pack Heavy-Duty Clear Wall Holder New"
8310662824125,"Side Tables","Vevor Console Table 3-Tier Marble and Gold Entryway Sofa Table New"
8310662889661,"Bollard Lights","Vevor Bubble Tube Lamp 4' Sensory Aquarium Floor Lamp 16-Color Remote Control New"
8310663086269,"Bollard Lights","Vevor Bubble Tube Lamp Sensory Fish 2.67' 16-Color Floor-Standing New"
8310663905469,"Labeling Machines","Vevor Label Maker Tape 4-Pack 12 mm Black on White Refills New"
8310663938237,"Grandfather Clocks","Vevor Mantel Clock Vintage Grandfather 6.4"" Cherry Tone New"
8310663971005,"Bollard Lights","Vevor Bubble Tube Lamp 5' 16-Color Sensory Aquarium Lamp New"
8310664036541,"Labeling Machines","Vevor Label Maker Tape 12 mm 6-Pack Colored Refills for Brother P-Touch New"
8310664495293,"Ceiling Mounted Dual Shower Heads","Vevor Shower Faucet Set 12"" Rainfall Bathroom Shower System with Handheld Spray Brushed Nickel New"
8310664528061,"Light Fixtures","Vevor Tail Light Assembly LED Driver & Passenger Side for 2003-2007 Chevy Silverado Red New"
8310664691901,"Light Fixtures","Vevor Tail Light Assembly Chevy Silverado 1500 2500 3500 GMC Sierra 1500 2500 HD 2-Piece Black New"
8310664790205,"TV Antennas","Vevor Roof Mount Starlink Gen 3 Adjustable Angle Pole Adapter New"
8310664855741,"Ceiling Mounted Dual Shower Heads","Vevor Shower Faucet Set 10"" Round Rain Shower Head with Handheld Spray Matte Black New"
8310665281725,"Toilets","Vevor Commode Chair 4-in-1 Bedside Over Toilet Adjustable Height 500 lbs New"
8310665642173,"Light Fixtures","Vevor Tail Light Assembly Driver & Passenger Side for 1999-2003 Chevy Silverado & 1999-2006 GMC Sierra New"
8310666985661,"Coolers","Vevor Insulated Beverage Dispenser 3.2 Gal Stainless Steel Thermal Drink Server with Spigot & Temp Display 2 Pack New"
8310667018429,"Electrical Staples","Vevor Cable Clip R-Type 0.51"" Wire Clamp 100-Pack New"
8310667477181,"Ice Shavers","Vevor Ice Crusher Commercial 661 lbs/h 350W Snow Cone Machine Blue New"
8310667903165,"Coolers","Vevor Beverage Dispenser 3.2 Gal Stainless Steel Thermal Drink Server for Hot & Cold Drinks New"
8310667968701,"Coolers","Vevor Beverage Dispenser Commercial Iced Tea 4 Gal Stainless Steel New"
8310668001469,"Coolers","Vevor Beverage Dispenser 3.2 Gal Stainless Steel Thermal Drink Server for Hot and Cold Drinks New"
8310668067005,"Coolers","Vevor Insulated Beverage Dispenser 2 Gal Stainless Steel Thermal Drink Server with Spigot & Temp Display New"
8310668329149,"Coolers","Vevor Beverage Dispenser 2.2 Gal Hot and Cold Drink Server with Spigot New"
8310668361917,"Coolers","Vevor Beverage Dispenser 1.5 Gal 6L Stainless Steel Thermal Server with Spigot & Temperature Display New"
8310668427453,"Light Fixtures","Vevor Tail Light Assembly Rear Brake Lamp Set for 2009-2020 Dodge Ram 1500 2500 3500 New"
8310668755133,"Water Filtration Systems","Vevor Water Filter Replacement Cartridge Whole House 4.5"" x 20"" CTO Carbon Block 2-Pack New"
8310668984509,"Coolers","Vevor Insulated Beverage Dispenser 2.4 Gal Stainless Steel Thermal Drink Server New"
8310669115581,"Poker Table Tops","Vevor Poker Table 48"" Foldable 8-Player Casino Game Table New"
8310669738173,"Coolers","Vevor Insulated Beverage Dispenser 8 Gal Hot and Cold Drink Server with Spigot New"
8310670491837,"Poker Table Tops","Vevor Poker Table 72"" Foldable 8-Player Oval Casino Leisure Table New"
8310670557373,"Coolers","Vevor Beverage Dispenser 3 Gal 11.4 L Insulated Hot and Cold Drink Server with Spigot New"
8310671343805,"Ceiling Mounted Dual Shower Heads","Vevor Shower Faucet Set 10"" Rainfall Bathroom Shower System Brushed Nickel New"
8310671507645,"Door Handles","Vevor Door Knobs Privacy Matte Black 6-Pack New"
8310671638717,"Home Safety Accessories","Vevor Battery Organizer Storage Box Case with Tester Holds 167 Batteries New"
8310672523453,"Vertical Potato Dicer/Cutters","Vevor French Fry Cutter Commercial Stainless Steel Vegetable Chopper with 3 Blades New"
8310672916669,"Garden Benches","Vevor Storage Bench 33 Gal 2-Person Outdoor Wood Deck Box Natural Wood New"
8310673998013,"Water Filtration Systems","Vevor Water Filter Replacement Cartridge Whole House 4.5"" x 20"" Polyphosphate Scale Inhibitor New"
8310674194621,"Saute Pans","Vevor Skillet Set 3-Piece Aluminum Frying Pan Set 8"" 9.5"" 11"" Beige New"
8310674489533,"Saute Pans","Vevor Frying Pan Set 3-Piece Cast Iron Skillet 8"", 10"", 12"" Pre-Seasoned Nonstick Black New"
8310675177661,"Motors","Vevor Starter Motor Replacement for Buick Cadillac Chevy GMC Isuzu Saab New"
8310675603645,"Welding Helmets","Vevor Welding Lens True Color Auto-Darkening 4.25"" x 2"" Shade 10 New"
8310676291773,"Welding Helmets","Vevor Welding Lens Auto Darkening True Color Shade 11 4.25"" x 2"" New"
8310678061245,"Vertical Potato Dicer/Cutters","Vevor Electric Potato Slicer Commercial French Fry Cutter with 2 Blades New"
8310678094013,"Poker Table Tops","Vevor Poker Table 48"" Foldable 8-Player Octagonal Casino Game Table New"
8310678552765,"Winches","Vevor Winch Mount 2"" Receiver 3600 lbs Trailer Hitch New"
8310678683837,"Griddle Accessories Kits","Vevor Grill Tool Set 4-Piece Stainless Steel BBQ Accessories New"
8310678716605,"Winches","Vevor Boat Trailer Winch Stand Mount with Roller & U-Bolts New"
8310678913213,"Winches","Vevor Boat Trailer Winch Stand Adjustable Height Winch Mount with Roller New"
8310679273661,"Water Heaters","Vevor Hot Water Dispenser Countertop Instant 101oz 6 Temperature 7 Volume New"
8310679437501,"Coolers","Vevor Beverage Dispenser 5 Gal Hot and Cold Insulated Drink Server with Spigot New"
8310679535805,"Winches","Vevor Winch Mount Trailer Hitch for Polaris Sportsman 2009 and Newer New"
8310679830717,"Saute Pans","Vevor Cast Iron Skillet Set 3-Piece Pre-Seasoned 6"" 8"" 10"" Black New"
8310680289469,"Saute Pans","Vevor Cast Iron Skillet Set 6"" 8"" 10"" 12"" Pre-Seasoned Frying Pans with Silicone Handles New"
8310680649917,"Saute Pans","Vevor Frying Pan Set 9.5"", 11"", 12"" Nonstick Aluminum Grey New"
8310681108669,"Distillation Kits","Vevor Water Distiller 4L 1.1 Gallon Countertop Purifier 750W Glass Pot New"
8310681927869,"Trailer Hitch Steps","Vevor Trailer Hitch Lock Collar Coupler Anti-Theft Security New"
8310682255549,"Trailer Hitch Steps","Vevor Trailer Lock 2-5/16"" Heavy-Duty Coupler Anti-Theft Lock New"
8310682484925,"Trailer Hitch Steps","Vevor Trailer Hitch Lock Heavy-Duty Coupler Lock for 2"" and 2-5/16"" Bulldog Couplers New"
8310683041981,"Trailer Hitch Steps","Vevor Trailer Lock Heavy-Duty 2-5/16"" Coupler Hitch Lock New"
8310683205821,"Plate Type Dog Whelping Boxs","Vevor Dog Whelping Box Transparent Playpen with Windows 60x39x23"" New"
8310684025021,"Drum Sets","Vevor Cajon Large Birchwood Percussion Box Drum with Snare Wires New"
8310684123325,"Saute Pans","Vevor Frying Pan 3-Piece 8"" 10"" 12"" Aluminum Skillet Set Grey New"
8310684221629,"Drum Sets","Vevor Cajon Travel Box Drum with Adjustable Guitar Strings New"
8310684483773,"Room To Room Fans","Vevor Exhaust Fan 6"" Through-the-Wall Ventilation Fan 110 CFM AC Motor New"
8310685204669,"Drum Sets","Vevor Cajon Drum Birch Wood Guitar Strings New"
8310685237437,"Drum Sets","Vevor Cajon Drum Box Birch Wood Snare Wires Percussion Instrument New"
8310685597885,"Fuses","Vevor Fuse Tap 12V Car Add-A-Circuit Blade Fuse Holder Kit New"
8310686089405,"Winches","Vevor Winch Mount Trailer Hitch for Polaris Ranger Models 2010-2021 New"
8310686187709,"Winches","Vevor Winch Mount 15000 lbs Trailer Hitch for 2"" Receiver New"
8310686220477,"Drum Sets","Vevor Cajon Box Drum Birchwood Percussion Instrument with Snare Wires & Travel Bag New"
8310686711997,"Snow Plows","Vevor Snow Shovel 24"" Wheeled Metal Snow Pusher New"
8310686875837,"Trailer Hitch Steps","Vevor Trailer Coupler Lock Heavy-Duty Anti-Theft Hitch for 2"" and 2-5/16"" Couplers New"
8310687400125,"Drum Sets","Vevor Cajon Drum Compact Birchwood Box Drum with Snare Wires New"
8310687432893,"Silt Fencing","Vevor Sediment Filter Sock 5"" x 10' Erosion Control Drain Protection New"
8310687498429,"Drum Sets","Vevor Cajon Drum Birch Wood Box Drum with Guitar Strings & Travel Bag New"
8310687596733,"Drum Sets","Vevor Cajon Drum Unique Wooden Percussion Box with Adjustable Strap New"
8310687793341,"Bedside Lamp With Bluetooth Speaker Or Chargers","Vevor Table Lamp Set of 2 Farmhouse Bedside Nightstand Lamps with USB Ports New"
8310688645309,"TV Covers","Vevor Air Conditioner Cover 24 x 24 x 30"" Three-Layer Waterproof Outdoor AC Unit Cover New"
8310688972989,"TV Covers","Vevor Air Conditioner Cover 26 x 26 x 32"" Waterproof Outdoor Unit Cover Black New"
8310689628349,"TV Covers","Vevor Air Conditioner Cover 32 x 32 x 36"" Dual-Layer Detachable Canopy Waterproof Black New"
8310691365053,"Winches","Vevor Winch Mount Jeep Wrangler JL/JLU & Gladiator JT 12,000 lbs Trailer Hitch New"
8310691496125,"Air Hammers","Vevor Needle Scaler Air Powered 3400 BPM Rust Paint Removal Tool New"
8310692282557,"RV Lead Fifth Wheel Landing Gear Legs","Vevor Gearbox RV 5th Wheel Landing Gear Box New"
8310692348093,"TV Covers","Vevor Air Conditioner Cover 36 x 36 x 40"" Dual-Layer Detachable Canopy Black New"
8310692577469,"TV Covers","Vevor Air Conditioner Cover 28"" x 28"" x 32"" Dual-Layer Detachable Canopy New"
8310693101757,"Trailer Hitch Steps","Vevor Trailer Coupler Lock Heavy-Duty Anti-Theft for 1-7/8"", 2"" & 2-5/16"" Couplers New"
8310693789885,"Jointers","Vevor Biscuit Joiner Plate Joiner Tool Kit New"
8310693822653,"Kayak Trailers","Vevor Kayak Cart Foldable Trolley with 10"" Solid Rubber Tires New"
8310694150333,"Gazebo Winter Covers","Vevor Gazebo Cover 10' x 10"" Winter Replacement for Hardtop Double-Tier Gazebos New"
8310694936765,"Snow Plows","Vevor Snow Pusher Shovel 48"" HDPE Blade Ergonomic Grip New"
8310695002301,"Snow Plows","Vevor Snow Pusher Shovel 24"" Heavy Duty HDPE Ergonomic Grip New"
8310695395517,"Drywall Corner Beads","Vevor Wall Corner Protector 1.5"" x 1.5"" x 48"" 10-Pack Stainless Steel Guards New"
8310696214717,"Automotive Brake Rotor Replacement Kit","Vevor Brake Kit Front and Rear Ceramic Brake Replacement Kit for 2014-2015 Nissan Rogue New"
8310697394365,"Door Stops","Vevor Door Reinforcement Lock 2-Pack 3"" Stop Home Security Lock New"
8310697427133,"Chairs","Vevor Kids Sofa 2-in-1 Foldable Toddler Couch with Armrests Pink New"
8310697459901,"Chairs","Vevor Kids Sofa 2-in-1 Foldable Toddler Soft Couch with Armrests Gray New"
8310698180797,"Silt Fencing","Vevor Filter Sock Sediment Erosion Control 4PCS 5"" x 10' New"
8310698442941,"Concrete Mixing Tubs","Vevor Bucket Liner 2-Pk 5 Gallon Silicone Mixing Liner New"
8310698672317,"Drywall Corner Beads","Vevor Wall Corner Protector 1"" x 1"" x 48"" 10-Pack Stainless Steel Guard New"
8310698770621,"Chairs","Vevor Kids Play Couch Modular Sectional Toddler Sofa with Armrests 10-Pc Gray New"
8310699327677,"Chairs","Vevor Kids Sofa 2-in-1 Foldable Toddler Couch with Armrests Glow-in-the-Dark Gray New"
8310700081341,"Chairs","Vevor Kids Play Couch Modular 14-Piece Gray Sectional Sofa New"
8310700114109,"T-Shirts","Vevor FR Shirt Flame Resistant Long Sleeve Work Shirt Navy Blue 2XL New"
8310700245181,"T-Shirts","Vevor Flame-Resistant Shirt Long Sleeve Workwear for Men Navy Blue XL New"
8310700572861,"T-Shirts","Vevor FR Shirt Flame Resistant Long Sleeve Work Shirt Gray 2XL New"
8310700671165,"T-Shirts","Vevor FR Shirt Flame-Resistant Long Sleeve Work Shirt Navy Blue L New"
8310701228221,"Lawn Mowers","Vevor Dethatcher 2-in-1 Electric Scarifier Lawn Dethatcher 13"" 13 Amp New"
8310701359293,"T-Shirts","Vevor Work Shirt Flame Resistant Long Sleeve Gray XL New"
8310701392061,"T-Shirts","Vevor FR Shirt Flame Resistant Long Sleeve Workwear Gray L New"
8310701523133,"Polishers","Vevor Bench Grinder 6"" 450W 3450 RPM Single Speed Table Grinder New"
8310701654205,"Storage Cabinets","Vevor Storage Drawers Plastic Storage Drawers Cart with Wheels 4 Drawers New"
8310701981885,"Vertical Kegerator Key Dispensers","Vevor Kegerator Tower Kit Single Tap Beer Conversion Kit New"
8310702112957,"Polishers","Vevor Bench Grinder 6"" Low-Speed Single Speed Table Grinder New"
8310702145725,"Polishers","Vevor Bench Grinder 8"" Single Speed 550W 3450 RPM Table Grinder New"
8310702276797,"Polishers","Vevor Bench Grinder 8"" Single Speed High-Speed Table Grinder New"
8310702571709,"Oil Drain Pans","Vevor Oil Drain Tank 21 Gallon Air Operated Portable Oil Drainer New"
8310702735549,"Pool Cleaners","Vevor Pool Pole Telescopic Swimming Pool Extension Pole 3.4' to 12' New"
8310702866621,"Garden Tool Sets","Vevor Leaf Rake Adjustable 15-Tine Steel Garden Rake New"
8310702932157,"Garden Tool Sets","Vevor Leaf Rake Adjustable 18-Tine Garden Rake with 7.7-17.1"" Head & 32.3-55.6"" Handle New"
8310703063229,"Garden Tool Sets","Vevor Leaf Rake Adjustable 18.3"" Stainless Steel Yard Rake New"
8310703128765,"Welding Helmets","Vevor Welding Helmet Outer Cover Lens 20PCS 4.76"" x 4.65"" Replacement Lens New"
8310703325373,"Oil Drain Pans","Vevor Oil Drain Tank 18 Gallon Waste Oil Drain Tank with Adjustable Funnel Height New"
8310703620285,"Polishers","Vevor Bench Grinder 8"" Single Speed High-Speed Sharpening Tool New"
8310703653053,"Polishers","Vevor Angle Grinder 7"" 13A 8500 RPM Corded Metal Grinding Cutting Tool New"
8310703685821,"Oil Drain Pans","Vevor Oil Drain Tank 25 Gallon Air-Operated Portable Oil Drainer New"
8310703751357,"Polishers","Vevor Angle Grinder 4.5"" Electric Corded Grinder New"
8310703816893,"Polishers","Vevor Angle Grinder 5"" 10A Corded Power Tool New"
8310704472253,"Trailer Hitch Steps","Vevor Trailer Coupler Lock 2-5/16"" Heavy Duty Anti-Theft for Cast Bulldog Couplers New"
8310705586365,"Vertical Kegerator Key Dispensers","Vevor CO2 Regulator Dual-Gauge Dual-Valve Beer Keg Regulator New"
8310707093693,"Spade Handle Drills","Vevor Drill Mixer 5/8"" Corded Electric Drill Mixer Set New"
8310707355837,"Spade Handle Drills","Vevor Drill Mixer Corded Electric 1100W 0-850 RPM 1/2"" New"
8310707421373,"Flat Benchs","Vevor Sit Up Bench Folding Curved Decline Ab Bench 500 lbs Capacity New"
8310707486909,"Flat Benchs","Vevor Sit Up Bench Curved Decline Ab Bench with Reverse Crunch Handle New"
8310707683517,"Squat Equipments","Vevor Trap Bar Open-Ended Frame Hex Barbell New"
8310709321917,"Squat Equipments","Vevor Trap Bar 2"" Hex Barbell 500 lbs Capacity Strength Training Equipment New"
8310709420221,"Polishers","Vevor Bench Grinder 6"" Single Speed with LED Work Light New"
8310710829245,"Polyethylene Pipe Fittings","Vevor Propane Y Splitter 2-Way 1/4"" Quick Disconnect Kit with Shutoff Valve New"
8310710862013,"Security Gates","Vevor Baby Gate Retractable Mesh Safety Gate 72.8"" W x 38.5"" H Black New"
8310710927549,"Polyethylene Pipe Fittings","Vevor Propane Quick Connect Fitting Kit 7-Piece Brass Adapter Set New"
8310711287997,"TV Covers","Vevor Air Conditioner Cover 34 x 34 x 30"" Three-Layer Waterproof Outdoor AC Unit Cover New"
8310711320765,"TV Covers","Vevor Air Conditioner Cover 36"" x 36"" x 40"" Three-Layer Waterproof Outdoor AC Unit Cover Black New"
8310711353533,"TV Covers","Vevor Air Conditioner Cover 32 x 32 x 36"" Three-Layer Waterproof Outdoor AC Unit Cover Black New"
8310711386301,"TV Covers","Vevor Air Conditioner Cover 30"" x 30"" x 32"" Waterproof Outdoor Unit Cover New"
8310711419069,"Storage Bins","Vevor Bookshelf 3-Tier Scalloped Montessori Front-Facing Toddler Bookcase New"
8310711451837,"Storage Bins","Vevor Toy Storage Organizer Wooden Kids Bookshelf with 2 Mobile Drawers White New"
8310711517373,"Storage Bins","Vevor Toy Storage Organizer Montessori Bookshelf 35.4"" 2-Tier Brown New"
8310711550141,"Storage Bins","Vevor Toy Storage Organizer Kids Bookshelf with Fabric Toy Chest 2-Tier 4-Cubby White New"
8310711615677,"Storage Bins","Vevor Bookshelf Montessori 45"" 5-Section Kids Display Storage Cabinet Brown New"
8310711648445,"Storage Bins","Vevor Bookcase Montessori 5-Tier Scalloped Kids Bookshelf Front Facing Toddler New"
8310711746749,"Squat Equipments","Vevor Trap Bar Detachable 2"" Hex Barbell 500 lbs Capacity New"
8310711779517,"Kayak Trailers","Vevor Kayak Cart Paddle Board Trolley 150 lbs with 10"" Rubber Tires New"
8310711845053,"Storage Bins","Vevor Bookshelf 3-Tier Kids Toy Storage Organizer with Sling Book Rack and Storage Bag New"
8310711877821,"TV Covers","Vevor Air Conditioner Cover 38 x 38 x 40"" Waterproof Outdoor AC Unit Cover New"
8310713680061,"Ball Lock Kegs","Vevor Cleaning Keg 5 Gallon Beer Line Cleaning Kit with 4 D Coupler Connections & Rubber Base New"
8310714433725,"Squat Equipments","Vevor Swiss Bar Multi-Grip 2"" 3-Position Barbell Training Equipment New"
8310716137661,"Ball Lock Kegs","Vevor Cleaning Keg 1.75 Gallon Beer Line Cleaning Kit with D Coupler New"
8310716235965,"Playing Field Benchs","Vevor Folding Bench Portable Outdoor 6' Plastic 2-Pack Black New"
8310718660797,"Lawn Mowers","Vevor Dethatcher & Scarifier 16"" 15A 2-in-1 Corded Lawn Dethatcher New"
8310718857405,"Door Hardware","Vevor Cabinet Knobs 10-Pack 1.18"" Black Square Zinc Alloy Drawer Pulls New"
8310718955709,"Door Hardware","Vevor Cabinet Knobs 1.1"" Mushroom Zinc Alloy Nickel 25-Pack New"
8310719086781,"Door Hardware","Vevor Cabinet Knobs Antique Brass Round 12-Pack 0.98"" Zinc Alloy New"
8310719185085,"Door Hardware","Vevor Cabinet Knobs 12 Pack 1.22"" Diamond Acrylic Drawer Pulls New"
8310719414461,"Door Hardware","Vevor Cabinet Knobs 10 Pack 1.26"" Black Zinc Alloy Mushroom Drawer Pulls New"
8310719479997,"Door Hardware","Vevor Cabinet Knobs 30-Pack 1.22"" Black Zinc Alloy Mushroom Knob Set New"
8310719578301,"Flat Benchs","Vevor Sit Up Bench Adjustable Decline Ab Bench New"
8310719971517,"Pump Accessories","Vevor Cast Iron Circulator Pump Hot Water Recirculating 17 GPM 20' AC120V New"
8310720102589,"Brake Kits","Vevor Brake Drum Electric Trailer 12"" 8-Hole for 7000 lbs Axles New"
8310720168125,"Door Hardware","Vevor Cabinet Knobs 10 Pack 1.42"" Rectangular Zinc Alloy Drawer Pulls Chrome New"
8310720954557,"Diesel Heater Accessories","Vevor Exhaust Hose 118.1"" Stainless Steel Flexible Exhaust Pipe with 2 Clamps New"
8310722330813,"Pump Accessories","Vevor Circulator Pump 16 GPM Cast Iron Hot Water Recirculating 20' 120V New"
8310722461885,"Pump Accessories","Vevor Cast Iron Circulator Pump 33 GPM 1/3 HP Hot Water Recirculating New"
8310722822333,"Air Impact Wrenches","Vevor Air Tool Kit 50-Piece Pro Air Tool and Accessories Set with Impact Wrench, Ratchet Wrench, Hammer, Blow Gun and Storage Case New"
8310723182781,"Pump Accessories","Vevor Circulator Pump Cast Iron Hot Water Recirculating 17 GPM 1/4 HP 35' Head New"
8310723313853,"Pump Accessories","Vevor Circulator Pump Cast Iron Hot Water Recirculating 33 GPM 1-1/4"" Flange New"
8310723772605,"Attic Fans","Vevor Exhaust Fan 18"" Shutter Wall Mount 2200 CFM New"
8310723870909,"Attic Fans","Vevor Shutter Exhaust Fan 10"" Wall Mounted Smart Programming Variable Speed Temperature Control New"
8310723903677,"Attic Fans","Vevor Exhaust Fan 12"" Shutter Wall Mount Ventilation Fan with Speed Controller New"
8310723936445,"Attic Fans","Vevor Exhaust Fan 20"" Wall-Mounted Shutter Ventilation Fan 3000 CFM New"
8310724919485,"Bearing Pullers","Vevor Bearing Press Kit 52-Pc Bearing Race and Seal Driver Set New"
8310724985021,"Work Benches","Vevor Rolling Tool Chest 5-Drawer 2-in-1 Detachable Cabinet Organizer New"
8310725083325,"Electrical Enclosures","Vevor Server Rack 20U Open Frame Network Rack 23"" Depth 4-Post Wall Mounted or Floor Standing New"
8310725476541,"Attic Fans","Vevor Shutter Exhaust Fan 18"" Wall Mounted with Speed Controller New"
8310725574845,"Pump Accessories","Vevor Circulator Pump Hot Water Recirculating Cast Iron 23 GPM 16' New"
8310725607613,"Bearing Pullers","Vevor Bearing and Seal Driver Kit 10-Pc New"
8310725705917,"Electrical Enclosures","Vevor Rack Mount Drawer 3U 19"" Lockable Server Cabinet Drawer New"
8310726066365,"Bearing Pullers","Vevor Bearing Press Kit 14-Pc Bearing Race and Seal Driver Set New"
8310726099133,"Bearing Pullers","Vevor Bearing Press Kit 43-Pc Bearing Race and Seal Driver Set New"
8310726492349,"Hydraulic Pressure Test Kits","Vevor Hydraulic Nitrogen Accumulator Charging Kit New"
8310727803069,"Insulation Rolls","Vevor Foam Board 24 x 36"" White Foam Core Boards 12-Pack 3/16"" Thick New"
8310727835837,"Attic Fans","Vevor Exhaust Fan 14"" Wall Mount Shutter Smart Programming Controller New"
8310727999677,"Attic Fans","Vevor Shutter Exhaust Fan 12"" Smart Programming Wall Mount 1500 CFM New"
8310728360125,"Safes","Vevor File Storage Box Portable Lockable Rolling Document Case with Telescopic Handle New"
8310731210941,"TV Covers","Vevor Air Conditioner Cover 28 x 28"" Outdoor Mesh Defender New"
8310731309245,"TV Covers","Vevor Air Conditioner Cover 36 x 36"" Mesh Defender Tear-Resistant Outdoor Black New"
8310731440317,"TV Covers","Vevor Air Conditioner Cover 32 x 32"" Outdoor Mesh Defender New"
8310731800765,"TV Covers","Vevor Air Conditioner Cover Waterproof Adjustable Strap 20.87"" x 15.75"" x 14.96"" New"
8310731833533,"TV Covers","Vevor Air Conditioner Cover 28 x 28"" Outdoor AC Unit Top Cover New"
8310731931837,"TV Covers","Vevor Air Conditioner Cover 32 x 32"" Outdoor Central AC Unit Cover New"
8310732030141,"TV Covers","Vevor Air Conditioner Cover 36"" x 36"" Outdoor Top Mesh Universal Black New"
8310732357821,"Rebar Cutters","Vevor Rebar Cutter Blades 6 Pcs Replacement Jaw Blades for 7/8"" 22 mm #7 Electric Rebar Cutter New"
8310734618813,"Strapping Machines","Vevor Strapping Cart Banding Dispenser for PET PP Polyester Straps New"
8310735012029,"Cut To Lengths","Vevor Floor Mat Front Door Commercial Entry Rug 47"" x 32"" Brown New"
8310735077565,"Cut To Lengths","Vevor Floor Mat Front Door 5' x 3' Striped Grey New"
8310735503549,"Electrical Enclosures","Vevor Server Rack Shelf 4-Pack 1U 10"" Vented Mount Tray New"
8310735601853,"Cut To Lengths","Vevor Front Door Mat Commercial Indoor Outdoor Gray 61.5"" x 36"" New"
8310736060605,"Composite Deck Posts","Vevor Cable Railing Post 4-Pack 42"" x 2"" x 2"" Steel Horizontal Hole Deck Railing Post New"
8310737993917,"Jobsite Radios","Vevor Emergency Weather Radio Solar Hand Crank 4000mAh NOAA Alert Portable New"
8310738026685,"Jobsite Radios","Vevor Emergency Weather Radio Solar Hand Crank NOAA Alert 2000mAh New"
8310738092221,"Jobsite Radios","Vevor Emergency Weather Radio Solar Hand Crank 8000mAh NOAA Alert New"
8310740189373,"Silt Fencing","Vevor Wooden Garden Stakes 25-Piece 48"" Fir Wood Survey Grading Stakes New"
8310740418749,"Silt Fencing","Vevor Garden Stakes Wooden Survey Grading Stakes 25 Pcs 36x0.75x0.75"" New"
8310740484285,"Silt Fencing","Vevor Garden Stakes 50-Pc 36"" Fir Wood Survey Grading Stakes New"
8310740713661,"Silt Fencing","Vevor Wooden Garden Stakes 25 Pcs 36"" Fir Wood Survey Grading Stakes New"
8310740746429,"Silt Fencing","Vevor Garden Stakes Wooden Survey Grading Stakes 25 Pcs 24"" x 0.5"" x 1.5"" New"
8310740779197,"Silt Fencing","Vevor Garden Stakes 25-Pc 48"" Fir Wood Survey Grading Stakes New"
8310741926077,"Electrical Enclosures","Vevor AV Rack 16U Studio Recording Rack with Lockable Casters New"
8310742941885,"Cut To Lengths","Vevor Door Mat 47 x 35"" Indoor Outdoor Commercial Floor Mat Brown New"
8310743007421,"Cut To Lengths","Vevor Door Mat 6' x 4' Washable Indoor Outdoor Entry Rug Slate Blue New"
8310743367869,"Kayak Trailers","Vevor Kayak Cart 230 lbs Capacity Canoe Dolly with 10"" PU Tires New"
8310743466173,"Cut To Lengths","Vevor Door Mat 5' x 3' Commercial Indoor Outdoor Entry Rug Grey New"
8310743564477,"Car Covers","Vevor Car Cover Dodge Challenger Full Size Sedan Waterproof All-Weather Silver New"
8310744252605,"Cut To Lengths","Vevor Door Mat 6' x 4' Commercial Indoor/Outdoor Striped Entry Rug Grey New"
8310744383677,"Moving Blankets","Vevor Soundproof Curtains 96"" x 80"" 2-Pc Grommeted Sound Dampening Blankets Black New"
8310744678589,"Storage Shelves","Vevor Closet System Adjustable Wooden Organizer with Drawers and 5 Hanger Rods New"
8310745268413,"Storage Shelves","Vevor Closet System Adjustable Height Wooden Organizer with 3 Drawers White New"
8310745432253,"Storage Shelves","Vevor Closet System Adjustable Wood Organizer with 3 Drawers White New"
8310746251453,"Cut To Lengths","Vevor Floor Mat Front Door Indoor Outdoor Striped Entry Rug 8' x 4' Grey New"
8310747005117,"Inside Diameter Measuring Tools","Vevor Dial Indicator Runout Test Indicator 0.001"" Accuracy 0-1"" Range New"
8310747300029,"Inside Diameter Measuring Tools","Vevor Dial Test Indicator Set 0.001"" Accuracy 0-1"" Range with Dual Rod Stand & Storage Case New"
8310747529405,"Strapping Machines","Vevor Strapping Cart Heavy-Duty 8"" Core Banding Dispenser with Brake System and Tool Tray New"
8310747955389,"Cut To Lengths","Vevor Floor Mat 10' x 3' Front Door Entry Rug Grey New"
8310748053693,"Wall Heaters","Vevor Dog House Heater 800W Portable Pet Warmer with Adjustable Temperature & 24H Timer New"
8310748086461,"Inside Diameter Measuring Tools","Vevor Dial Indicator and Stand 0-1"" Magnetic Base Precision Gauge New"
8310748151997,"Auto Fender Flares","Vevor Fender Liner Rear Inner Wheel Well Cover for 2007-2018 Jeep Wrangler JK JKU 2/4-Door New"
8310748184765,"Inside Diameter Measuring Tools","Vevor Dial Test Indicator Gauge 0.001"" Accuracy 0-1"" Range with Metal Base New"
8310748283069,"Inside Diameter Measuring Tools","Vevor Dial Test Indicator Magnetic Base Set New"
8310748348605,"Carports","Vevor Carport Replacement Canopy 12' x 20' Waterproof PE Tarp Cover White New"
8310748479677,"Inside Diameter Measuring Tools","Vevor Dial Test Indicator Precision Measurement Tool with Flexible Arm and Locking Clamp New"
8310748840125,"Transport Wheels","Vevor Container Jack Lug Shipping Container Jack with U-Shaped Handle 1-Pack New"
8310748938429,"Decorative Bottles","Vevor Decorative Object Wooden Chain Link Decor 3-Link Hand-Carved White New"
8310749200573,"Transport Wheels","Vevor Shipping Container Jack Lug 2-Pack Heavy-Duty Storage Leveler Booster New"
8310750019773,"Auto Fender Flares","Vevor Fender Liner Jeep Wrangler JK/JKU Front & Rear Steel Inner Wheel Well Cover Set New"
8310750838973,"Auto Fender Flares","Vevor Fender Liner Front Inner Fender Liner for 2007-2018 Jeep Wrangler JK/JKU 2/4-Door New"
8310750937277,"Wall Heaters","Vevor Dog House Heater 800W Portable Pet Warmer with Adjustable Temperature & 24H Timer New"
8310751690941,"Fire Resistant Bags","Vevor File Box Fireproof Waterproof Document Storage Box with Lock New"
8310752805053,"Fire Resistant Bags","Vevor Fireproof Document Box Waterproof Locking Storage Organizer New"
8310753591485,"Garage Parking Aids","Vevor Containment Mat 8' 6"" x 20' Non-Slip PVC Garage Floor Mat New"
8310754476221,"Staple Guns","Vevor Brad Nailer 2-in-1 Cordless 18 Gauge 5/8"" with Battery and Charger New"
8310759194813,"Furniture Covers","Vevor Chair Sashes Light Blue Satin Wedding Reception Decoration 100-Pack 7"" x 108"" New"
8310759325885,"Furniture Covers","Vevor Chair Sashes Satin Wedding Chair Bows 100-Piece Gold 7"" x 108"" New"
8310759358653,"Furniture Covers","Vevor Chair Sashes Rose Gold Satin 100-Piece 7"" x 108"" New"
8310760046781,"Furniture Covers","Vevor Chair Sashes Rose Gold Satin 50-Pack 7"" x 108"" New"
8310760112317,"Furniture Covers","Vevor Chair Sashes Satin 100-Pc Red 7"" x 108"" Wedding Reception Decoration New"
8310761947325,"Furniture Covers","Vevor Chair Sashes Satin Wedding Reception Decoration 50 pcs 7"" x 108"" Navy Blue New"
8310762045629,"Polishers","Vevor Bench Grinder 8"" Variable Speed Sharpening Grinder New"
8310764306621,"Metal Frame Combination Cat Litter Box Enclosures","Vevor Cat Litter Box Enclosure Hidden Cabinet Side Table 23.6"" New"
8310766076093,"Furniture Covers","Vevor Chair Sashes Red Satin 50-Pack 7"" x 108"" Wedding Reception Decoration New"
8310768926909,"Engine Parts","Vevor Skid Steer Mount Plate Universal Quick Attach 1/2"" Heavy-Duty Cut-Out Design New"
8310769057981,"Engine Parts","Vevor Skid Steer Mount Plate Universal Quick Attach 1/2"" 9000 lbs New"
8310769254589,"Plastic Grinders","Vevor Shredder Blades Alloy Steel Blade Kit for Model 250 Plastic Grinder New"
8310770827453,"Plastic Grinders","Vevor Screen Mesh Plastic Shredder 8 mm Aperture Steel Sieve New"
8310771024061,"Plastic Grinders","Vevor Screen Mesh Plastic Shredder High-Precision 8 mm Aperture for Model 180 Grinder New"
8310771155133,"Plastic Grinders","Vevor Screen Mesh Replacement 10 mm Steel Aperture for Model 300 Plastic Grinder New"
8310771187901,"Plastic Grinders","Vevor Shredder Blades SKD-11 Alloy Steel Blade Kit for Model 300 Plastic Grinder New"
8310771220669,"Plastic Grinders","Vevor Shredder Blades Alloy Steel Blade Kit for Model 180 Plastic Grinder New"
8310771417277,"Fireplace Inserts","Vevor Gas Pilot Assembly Natural Gas Fireplace Ignition Replacement Kit New"
8310771646653,"Fireplace Inserts","Vevor Gas Pilot Assembly Natural Gas Ignition Replacement New"
8310772170941,"LED Strip Lights","Vevor LED Neon Rope Light 16.4' RGB-IC Smart App/Remote Control for Bedroom Gaming Indoor New"
8310772596925,"Fireplace Inserts","Vevor Gas Pilot Assembly Fireplace Natural Gas Ignition Replacement New"
8310774137021,"Outdoor Power Stake Timers","Vevor Outdoor Power Stake 25' Weatherproof 6-Outlet Power Strip New"
8310774169789,"Truck Bed Accessories","Vevor Cargo Bar Ratcheting 40""-73"" Load Lock Bar with Net and Divider for SUVs Sedans New"
8310774366397,"Outdoor Power Stake Timers","Vevor Outdoor Power Stake Weatherproof 50' Extension Cord with 6 Outlets New"
8310774595773,"Fireplace Inserts","Vevor Gas Pilot Assembly Fireplace Ignition Replacement New"
8310774628541,"Fireplace Inserts","Vevor Gas Pilot Assembly Fireplace Ignition Replacement Kit New"
8310774694077,"Fireplace Inserts","Vevor Gas Pilot Assembly Natural Gas Fireplace Ignition Replacement Kit New"
8310774825149,"Fireplace Inserts","Vevor Gas Pilot Assembly Natural Gas Fireplace Ignition Replacement Kit New"
8310774857917,"Fireplace Inserts","Vevor Gas Pilot Assembly Natural Gas Fireplace Ignition Replacement New"
8310778200253,"Cleaning Caddies","Vevor Shopping Baskets 4-Piece 21 L Red Plastic Grocery Basket Set New"
8310778495165,"Plastic Grinders","Vevor Shredder Blades Alloy Steel Blade Kit for Model 400 Plastic Grinder New"
8310779347133,"Cleaning Caddies","Vevor Shopping Baskets 12-Piece 21 L Stackable Grocery Basket Set Red New"
8310779478205,"Cleaning Caddies","Vevor Shopping Baskets 12-Piece 22 L Stackable Metal Grocery Basket Set Red New"
8310779609277,"Cleaning Caddies","Vevor Shopping Baskets 12-Pack 21L Stackable Grocery Baskets Red New"
8310780100797,"Hoists","Vevor Lifting Sling Straps 5' 4400 lb Two-Leg Polyester Bridle Sling with Hooks New"
8310780133565,"Regulators","Vevor Filter Regulator Lubricator 3/8"" NPT Air Compressor Water Separator New"
8310780166333,"Regulators","Vevor Air Compressor Filter Dryer 1/2"" NPT Auto-Drain Water Separator New"
8310780297405,"Woodworking Bench Vises","Vevor Drill Press Vise Cross Slide X-Y Axis 6"" Jaw Width New"
8310780362941,"Woodworking Bench Vises","Vevor Cross Slide Drill Press Vise 4"" X-Y Axis Bench Vise New"
8310780461245,"Regulators","Vevor Filter Regulator 3/8"" NPT 3-Stage Air Compressor Water Separator New"
8310780756157,"Hoists","Vevor Chain Sling 2-Leg 5/16"" x 10' 7000 lb Capacity Adjustable Grab Hook Lifting Sling New"
8310781640893,"Cleaning Caddies","Vevor Shopping Baskets 20-Piece 21 L Stackable Grocery Baskets with Handles Red New"
8310781771965,"Cleaning Caddies","Vevor Shopping Baskets 12-Pc 21 L Stackable Grocery Baskets with Handles Black New"
8310782623933,"Polyester Fabric Tablecloths","Vevor Tablecloth 6' Fitted Spandex White 10-Pack New"
8310782755005,"Polyester Fabric Tablecloths","Vevor Tablecloth Set 6-Pack 8' Black Fitted Spandex Table Covers New"
8310783082685,"Hoists","Vevor Chain Sling 1/4"" x 5' 4-Leg Adjustable G80 Alloy Steel Lifting Sling New"
8310783279293,"Asphalt Rakes","Vevor Landscape Rake 36"" Wide Head 102"" Handle Aluminum Leaf Rake New"
8310783377597,"Hoists","Vevor Chain Drum Lifter 2200 lbs G80 Barrel Lifting Clamp New"
8310784950461,"Home Indoor Plush Carpets","Vevor Area Rug 8' x 10"" High Pile Plush Indoor Carpet New"
8310785278141,"Snowboard Roof Racks","Vevor Hitch Mount Ski Rack Folding Ski & Snowboard Carrier New"
8310785900733,"Hoists","Vevor Chain Sling Four Leg Polyester Bridle Lifting Sling with Hooks 6600 lbs 5' New"
8310786130109,"Wheel Balancers","Vevor Wheel Alignment Turn Plates 2-Pc 2-Ton 360° Rotating Turntable Set New"
8310786228413,"Hoists","Vevor Drum Lifter Chain Sling 2000 lbs 1.6' New"
8310787571901,"Wheel Balancers","Vevor Wheel Alignment Tool Clamp & Magnetic Adapter Kit New"
8310789800125,"Diagnostic Tools","Vevor Radiator Vacuum Refill Kit Cooling System Vacuum & Fill Tool New"
8310789931197,"Ice Shavers","Vevor Snowflake Ice Maker 88 lbs/24h 0.48 gal New"
8310790357181,"Engine Parts","Vevor Skid Steer Mount Plate Universal Quick Attach 45.7"" 1/4"" New"
8310790619325,"Air Filters","Vevor Canister Filter 224.5 GPH 3-Stage External Aquarium Filter for 35-55 gal Tanks New"
8310790684861,"Engine Parts","Vevor Skid Steer Mount Plate Universal Quick Attach 45.67"" Heavy Duty Steel 7,000 lbs New"
8310790815933,"Engine Parts","Vevor Mount Plate Mini Skid Steer Quick Attach 1/4"" with 2"" Receiver Hitch New"
8310790947005,"Engine Parts","Vevor Skid Steer Mount Plate Universal Quick Attach 1/4"" 1500 lbs New"
8310791307453,"Air Filters","Vevor Canister Filter 162.7 GPH 3-Stage External Aquarium Filter New"
8310791569597,"Air Filters","Vevor Canister Filter 75 Gallon 264 GPH 2-Stage External Aquarium Filter New"
8310791602365,"Air Filters","Vevor Canister Filter 528 GPH 5-Stage External Aquarium Filter for 125-150 gal Tanks New"
8310791930045,"Air Filters","Vevor Canister Filter 396 GPH 4-Stage External Aquarium Filter New"
8310792421565,"Yard Hydrants","Vevor Sillcock 12"" Anti-Siphon Frost-Proof Outdoor Faucet Bib New"
8310793601213,"Air Compressor Line Kits","Vevor Air Hose 3/8"" x 250' Hybrid Air Compressor Hose 300 PSI Orange New"
8310793765053,"Wheel Balancers","Vevor Motorcycle Wheel Balancer Truing Stand 35"" 88.2 lbs Capacity New"
8310795239613,"Fuel Tanks","Vevor Fuel Jerry Can 5.3 Gallon Metal Gas Container with Spout Comfort Handle Red 2 Pack New"
8310795305149,"Linear Actuators","Vevor Toggle Switch 12V 6-Pin DPDT Momentary Polarity Reversing On-Off-On New"
8310796320957,"Relays","Vevor Battery Isolator Kit Dual Battery 12V 300A Smart VSR with Voltmeter LCD Screen New"
8310796353725,"Laundry Hampers","Vevor Shopping Cart Folding Grocery Utility Cart with Swivel Wheels 90 lbs Black New"
8310797238461,"Fuel Tanks","Vevor Fuel Jerry Can 5.3 Gal Metal Leakproof Gas Container with Spout Green New"
8310797533373,"Linear Actuators","Vevor Rocker Switch 6-Pin Momentary DPDT 3-Position Polarity Reversing New"
8310798581949,"Air Filters","Vevor Canister Filter 55 Gallon 224.5 GPH 2-Stage External Aquarium Filter New"
8310798844093,"Air Filters","Vevor Canister Filter 396 GPH 4-Stage External Aquarium Filter with Timed Light for 125 Gallon Tanks New"
8310799990973,"3D Printers","Vevor 3D Printer Enclosure Tent New"
8310800023741,"3D Printers","Vevor 3D Printer Enclosure Acrylic Ventilated Transparent Protective Case with LED New"
8310800318653,"3D Printers","Vevor 3D Printer Enclosure Ventilated Dustproof Waterproof 31.5"" x 22.8"" x 22.8"" Grey New"
8310800416957,"3D Printers","Vevor 3D Printer Enclosure Ventilated Dustproof Waterproof Tent with LED New"
8310800810173,"Wheel Balancers","Vevor Wheel Alignment Tool Heavy Duty Toe Alignment Plates with Measuring Tapes New"
8310801268925,"Belt Sanders","Vevor Bench Grinder & Belt Sander Combo 8"" 350W with LED Work Light New"
8310801531069,"Wheel Balancers","Vevor Wheel Alignment Tool Toe & Camber Alignment Plates with Digital Angle Finder New"
8310801957053,"Laundry Hampers","Vevor Shopping Cart Heavy Duty Folding Utility Cart with Dual Baskets & Wheels 100 lbs New"
8310802219197,"Tents","Vevor Gazebo Screen Tent 12' x 12"" 6-Sided Pop-Up Camping Canopy Gray New"
8310802710717,"Garden Arches","Vevor Arch Backdrop Stand 7.2 x 4' Gold Metal with Fabric Cover New"
8310802776253,"Garden Arches","Vevor Arch Backdrop Stand Set of 3 Gold Metal Wedding Party Decoration New"
8310802972861,"Truck Accessories","Vevor Tailgate Table Jeep Wrangler JL 2019-Present Carbon Steel Foldable Molle Panel New"
8310803464381,"Planers","Vevor Battery 12V 2Ah Lithium-Ion Replacement Pack New"
8310803857597,"Band Saws","Vevor Bandsaw Blade 109.45"" 4 TPI Carbon Steel for Woodworking New"
8310803923133,"Band Saws","Vevor Bandsaw Blade 72"" Carbon Steel 4 TPI 0.5"" Width 1-Pack New"
8310804021437,"Band Saws","Vevor Bandsaw Blade 150"" x 0.75"" 4 TPI Carbon Steel Replacement Blade New"
8310804152509,"Trailer Hitches","Vevor Hitch Step 2"" Receiver Rear Bumper Guard Protector New"
8310804938941,"Brewers","Vevor Coffee Warmer Dual Plate 1.8L Commercial Decanter New"
8310805364925,"Storage Cabinets","Vevor Kids Reading Nook Wooden Storage Bench with Bookshelf & Toy Organizer White New"
8310805594301,"Vacuum Buckets","Vevor Vacuum Chamber Kit 5 Gallon 3.5 CFM Stainless Steel Degassing Chamber with Pump New"
8310805659837,"Ice Shavers","Vevor Snowflake Ice Machine 44 lbs/24H 0.2 Gal New"
8310805725373,"Flower Vases","Vevor Wedding Flower Stand Clear Round Cylinder Plinth Pedestal Set 3pcs New"
8310807068861,"Storage Cabinets","Vevor Storage Bench Kids Wooden Toy Box Chest White 38.98"" x 15.55"" x 18.9"" New"
8310807101629,"Storage Cabinets","Vevor Kids Storage Bench Wooden Toy Box Chest New"
8310807167165,"Storage Cabinets","Vevor Storage Bench Wooden Toy Chest with Backrest 23.5"" x 14.5"" x 21.46"" White New"
8310814179517,"Side Tables","Vevor Console Table 63"" Farmhouse Narrow Sofa Entryway Table Brown New"
8310814212285,"Flower Vases","Vevor Flower Stand 10-Pc 31.5"" Acrylic Column Floral Display Rack New"
8310814277821,"Flower Vases","Vevor Wedding Flower Stand Gold Rectangular Floral Display Rack 10-Pc 15.75"" New"
8310814310589,"Flower Vases","Vevor Flower Stand 10-Piece 23.62"" Gold Rectangular Wedding Centerpiece Display Rack New"
8310814408893,"Flower Vases","Vevor Cylinder Plinth Stand White Wedding Flower Stand Set of 3 New"
8310814441661,"Flower Vases","Vevor Wedding Flower Stand 10-Piece 23.62"" Gold Rectangular Centerpiece Stand Set New"
8310814507197,"Flower Vases","Vevor Wedding Flower Stand 10-Pc 19.69"" Acrylic Floral Display Rack New"
8310814539965,"Flower Vases","Vevor Flower Stand 10-Pc 31.5"" Gold Column Centerpiece Set New"
8310814638269,"Flower Vases","Vevor Flower Stand 23.62"" Gold Wedding Floral Display Rack 10-Piece Set New"
8310814671037,"Flower Vases","Vevor Wedding Flower Stand 10-Pc 31.5"" Gold Rectangular Floral Display Rack New"
8310814933181,"Wheel Simulators","Vevor Steering Wheel Carbon Fiber D-Shaped Flat-Bottom for 2007-2013 Infiniti G37 Black New"
8310815031485,"Flower Vases","Vevor Flower Stand 10-Piece 31.5"" Gold Wedding Centerpiece Display Rack New"
8310815064253,"Wheel Simulators","Vevor Steering Wheel Carbon Fiber Heated D-Shaped Flat-Bottom for 2021-2024 Ford F150 Black New"
8310815162557,"Flower Vases","Vevor Wedding Flower Stand 10-Pc 31.5"" Gold Hexagonal Floral Display Rack New"
8310815195325,"Wheel Simulators","Vevor Steering Wheel Carbon Fiber Heated D-Shaped Flat-Bottom for 2016-2023 Tesla Model 3 Black New"
8310815391933,"Wheel Simulators","Vevor Steering Wheel Carbon Fiber D-Shaped Flat-Bottom for 2008-2020 Nissan 370Z Black New"
8310815424701,"Wheel Simulators","Vevor Steering Wheel Carbon Fiber D-Shaped Flat-Bottom for 2021-2024 Ford F150 New"
8310815883453,"Wheel Simulators","Vevor Steering Wheel Carbon Fiber Heated D-Shaped Flat-Bottom for 2016-2023 Tesla Model 3 White New"
8310816702653,"Yoga Equipment","Vevor Sensory Swing Double-Layer Fabric Hammock Indoor & Outdoor 59"" x 59"" New"
8310816735421,"Wheel Simulators","Vevor Steering Wheel Carbon Fiber D-Shaped Flat-Bottom for 2016-2021 Honda Civic Black New"
8310816800957,"Freezers","Vevor Refrigerator Commercial Double Glass Door Reach-In 44.5 Cu. Ft. Stainless Steel Upright New"
8310816932029,"Freezers","Vevor Four Door Refrigerator Commercial Stainless Steel Reach-In 31.4 Cu. Ft. New"
8310816997565,"Freezers","Vevor Commercial Refrigerator Double Door Reach-In Upright 43.2 Cu. Ft. Stainless Steel New"
8310817292477,"Freezers","Vevor Double Door Refrigerator Commercial Upright Stainless Steel 33 Cu.Ft. Reach-In New"
8310819455165,"Greenhouse Supplies","Vevor Egg Incubator 12-Egg Automatic Turner with LED Candler New"
8310819750077,"Yoga Equipment","Vevor Sensory Swing Indoor Outdoor Hammock 55.1"" x 59.1"" New"
8310819848381,"Freezers","Vevor Refrigerator 21.5 Cu. Ft Single Glass Door Commercial Stainless Steel Reach-In Upright New"
8310821617853,"Hydraulic Pumps","Vevor Hydraulic Steering Kit 150 HP Marine Boat System 26' New"
8310821912765,"Hydraulic Pumps","Vevor Hydraulic Steering Kit 90 HP Boat Helm Pump & Cylinder New"
8310821978301,"Greenhouse Supplies","Vevor Egg Incubator 24 Egg Automatic Turner with LED Candler and Humidity Control New"
8310822043837,"Greenhouse Supplies","Vevor Egg Incubator 36 Egg Automatic Turner LED Candler Clear Window New"
8310822076605,"Hydraulic Pumps","Vevor Hydraulic Steering Kit 90 HP Marine Boat System with 20' Hoses New"
8310822174909,"Hydraulic Pumps","Vevor Hydraulic Steering Kit 90 HP Marine Boat System with 24' Hoses New"
8310822207677,"Hydraulic Pumps","Vevor Hydraulic Steering Kit 150 HP Marine Boat System New"
8310822273213,"Greenhouse Supplies","Vevor Egg Incubator 48-Egg Automatic Turner with LED Candler & Humidity Control New"
8310823190717,"Tents","Vevor Canopy Covers Sun Shade Sail for 6' x 6' Screen House Tent 2-Pack Beige New"
8310823223485,"Tents","Vevor Canopy Cover Sun Shade Sail for 10 x 9.2' Screen House Tent Beige Pack of 3 New"
8310823452861,"Wheel Simulators","Vevor Steering Wheel Carbon Fiber D-Shaped Flat-Bottom for 2010-2014 Ford Mustang Black New"
8310823583933,"Freezers","Vevor Commercial Refrigerator and Freezer Combo 48"" 31.5 Cu.Ft Stainless Steel Upright 4-Door New"
8310824009917,"Bucket Tooth Bars","Vevor Bucket Teeth Excavator Replacement Set 5.3"" 4-Pack New"
8310824206525,"Freezers","Vevor Refrigerator 85"" 69.2 Cu. Ft. 3-Door Commercial Reach-In Stainless Steel Upright Refrigerator New"
8310824698045,"Bucket Tooth Bars","Vevor Excavator Bucket Teeth Heavy-Duty 7-Pack Replacement Set for 5/8"" Bucket Edge New"
8310824763581,"Tents","Vevor Canopy Covers Sun Shade Sail for 12' x 11' Screen House Tent Beige 3-Pack New"
8310824796349,"Bucket Tooth Bars","Vevor Bucket Teeth 10-Pack 5.79"" Excavator Tooth Set New"
8310825582781,"Ovens","Vevor Sublimation Oven 13 Qt Tumbler Mug Press Machine Off-White New"
8310826008765,"Greenhouse Supplies","Vevor Incubator 18 Egg Automatic Egg Turner with LED Candler New"
8310826238141,"Metal Lockers","Vevor Metal Storage Cabinet 41.7"" Lockable Steel Garage Cabinet Black New"
8310826336445,"Strapping Machines","Vevor Steel Banding Strapping Kit Heavy Duty 200' Pallet Packaging Set New"
8310827450557,"Storage Bins","Vevor Rolling Bin Storage Rack 7-Tier Double-Sided 94-Bin Organizer with Wheels New"
8310837870781,"Linear Guide Rails","Vevor Linear Stage Actuator 100 mm Ball Screw CNC Linear Motion Guide Rail New"
8310838231229,"Water Heaters","Vevor Outdoor Shower Solar Heated Freestanding 10.6 Gal Black New"
8310851272893,"Mattresses","Vevor Japanese Tatami Mattress Twin Foldable Futon Floor Mat 80 x 39 x 3.5"" Gray New"
8310851600573,"Mattresses","Vevor Mattress Queen Foldable Japanese Tatami Futon 80 x 60 x 2.5"" White New"
8310857007293,"Linear Guide Rails","Vevor Linear Motion Rod 2-Piece 20 mm x 1200 mm Carbon Steel Shaft Set New"
8310864150717,"Pond Aerators","Vevor Air Compressor Cylinder Sleeve & Compression Ring Kit New"
8310864281789,"Pond Aerators","Vevor Pond Aeration Hose 3/8"" x 100' Self-Sinking Weighted Rubber Airline New"
8310865952957,"Freezers","Vevor Refrigerator Commercial Reach-In Upright 72"" 52 Cu.Ft Three-Door Stainless Steel New"
8310866378941,"Water Heaters","Vevor Outdoor Shower Solar Heated 9.2 Gal Freestanding Hot & Cold Black New"
8310866739389,"Hydraulic Pumps","Vevor Hydraulic Steering Kit 150 HP Marine Boat System New"
8310867099837,"Ovens","Vevor Sublimation Oven 26 qt Tumbler Mug Heat Press Machine with Heat Gun Off-White New"
8310867165373,"Garden Arches","Vevor Arch Backdrop Stand Set of 3 Gold Metal 6'/5'/4' New"
8310867230909,"Baseball Equipment","Vevor Golf Batting Cage 10 x 10 x 10' Practice Net New"
8310868050109,"Tables","Vevor Bar Table Set 47"" 3-Piece Rounded Edge Pub Table with 2 Stools Rustic Brown Black New"
8310868082877,"Tables","Vevor Bar Table Set Round Pub Table with 2 Stools 23.5"" Light Gray Black New"
8310868476093,"Split Industrial Ice Machines","Vevor Commercial Ice Maker 450 lbs/Day Self-Cleaning Ice Machine with 180 lbs Storage Bin New"
8310868738237,"Ovens","Vevor Sublimation Oven 13 Qt Tumbler Mug Press Machine with Heat Gun Off-White New"
8310868934845,"Freezers","Vevor Refrigerator Commercial Reach-In 29"" 21.9 Cu. Ft. Stainless Steel Single Door Upright New"
8310869295293,"Split Industrial Ice Machines","Vevor Ice Maker Commercial 450 lbs/24H with 250 lbs Storage Bin Touchscreen Self-Cleaning New"
8310869950653,"Split Industrial Ice Machines","Vevor Ice Maker Commercial 650 lbs/24H with 250 lbs Storage Bin Stainless Steel New"
8310869983421,"Non-Folding Dog Stairs","Vevor Dog Stairs 3-Step Foldable Wood Pet Stairs for Beds Sofa & Cars New"
8310870016189,"Non-Folding Dog Stairs","Vevor Pet Stairs 2-Step Foldable Wood Dog Stairs for Beds Sofa Cars 110 lbs New"
8310870147261,"Non-Folding Dog Stairs","Vevor Pet Stairs 5-Step Foldable Wood Dog Stairs for Beds Sofa & Cars New"
8310870278333,"Non-Folding Dog Stairs","Vevor Dog Stairs 4-Step Foldable Wood Pet Steps New"
8310871359677,"Rebar Cutters","Vevor Bakery Display Case 3-Tier Clear Acrylic Countertop Pastry Cabinet with Dual Magnetic Rear Doors 22.4"" x 17.3"" x 15.9"" New"
8310871392445,"Rebar Cutters","Vevor Bakery Display Case 3-Tier Countertop Pastry Cabinet 13"" x 10.2"" x 10.2"" New"
8310871621821,"Rebar Cutters","Vevor Bakery Display Case 2-Tier Countertop Pastry Cabinet 20.7"" x 15.7"" x 12"" New"
8310871785661,"Rebar Cutters","Vevor Bakery Display Case 4-Tier Countertop Pastry Cabinet 20.9"" x 17.1"" x 16.3"" New"
8310871883965,"Rebar Cutters","Vevor Bakery Display Case 2-Tier Countertop Pastry Cabinet 21.7"" x 15.2"" x 15.4"" New"
8310871916733,"Rebar Cutters","Vevor Bakery Display Case 3-Tier Countertop Pastry Cabinet 19"" x 9.1"" x 15"" New"
8310872998077,"Ranges","Vevor Gas Cooktop 24"" 4-Burner Built-In Stainless Steel Dual Fuel New"
8310873260221,"Dust Collectors","Vevor Shop Vacuum 2.6 Gallon Portable Dry Vac New"
8310873325757,"Flower Vases","Vevor Vase Set Pillar Candles and Glass Vases 24 Pcs Clear Cylinder Hurricane Candle Holders New"
8310873620669,"Dust Collectors","Vevor Shop Vacuum 3-in-1 Wet Dry Vacuum with Blower 11 Gallon 4.5 Peak HP New"
8310873686205,"Dust Collectors","Vevor Shop Vacuum 8 Gallon Wet Dry Portable Self-Cleaning 4.5 HP New"
8310873784509,"Rebar Cutters","Vevor Bakery Display Case 2-Tier Countertop Pastry Cabinet 22"" x 14"" x 14"" New"
8310873882813,"Flower Vases","Vevor Vase Pillar Candles and Glass Vases Set 120 Pcs New"
8310873915581,"Pressure Canners","Vevor Pressure Cooker 6.3Qt Stainless Steel Stovetop Pressure Cooker New"
8310874079421,"Tile Edging Trims","Vevor Wall Molding 3-Pack Wainscoting Panels Kit New"
8310874144957,"Tile Edging Trims","Vevor Wall Molding Paintable Wainscoting Panels Kit 3-Pack White 24x54"" + 24x24"" New"
8310874276029,"Ranges","Vevor Gas Cooktop 36"" 5-Burner Built-In Stainless Steel Dual Fuel New"
8310874308797,"Tile Edging Trims","Vevor Wall Molding Dual-Line Wainscoting Panels Kit 3-Pack White New"
8310874407101,"Tile Edging Trims","Vevor Wall Molding 3-Pack Paintable Wainscoting Panels Kit White 31"" x 63"" + 31"" x 24"" New"
8310874833085,"Heated Sweatshirts","Vevor Heated Fleece Jacket for Women Black XXL New"
8310874865853,"Heated Sweatshirts","Vevor Heated Fleece Jacket Men's 7.4V 16000mAh 6-Zone Black XXXL New"
8310874898621,"Heated Sweatshirts","Vevor Heated Fleece Jacket Women's Black L New"
8310874964157,"Heated Sweatshirts","Vevor Heated Fleece Jacket for Men 6-Zone Rechargeable Black M New"
8310875029693,"Heated Sweatshirts","Vevor Heated Fleece Jacket Women's Black Size S New"
8310875291837,"Flower Vases","Vevor Candle Vase Set Pillar Candles and Glass Vases 36-Pc Clear Hurricane Holders for Wedding Centerpieces White New"
8310875324605,"Tile Edging Trims","Vevor Wall Molding Kit Paintable Wainscoting Panels 77.5"" x 38.6"" White New"
8310875488445,"Tile Edging Trims","Vevor Wainscoting Panels Kit Paintable Waterproof Wall Molding 6-Pack White New"
8310875685053,"Tile Edging Trims","Vevor Wall Molding 20"" x 20"" 12-Pack Paintable Wainscoting Panels Kit New"
8310876176573,"Bicycle Trailers","Vevor Bike Travel Bag Universal Bicycle Storage Case with TSA Lock New"
8310876209341,"Bicycle Trailers","Vevor Bike Travel Bag Triathlon Bicycle Case with TSA Lock 42"" Wheelbase New"
8310876373181,"Bicycle Trailers","Vevor Bike Travel Bag Road Bicycle Storage Carry Case with TSA Lock New"
8310876668093,"Other Emergency Accessories","Vevor Stanchion Post Crowd Control Barrier Set with Red Carpet and 4 Red Velvet Ropes Gold New"
8310876963005,"Other Emergency Accessories","Vevor Stanchion Post 4-Pc Crowd Control Barrier Set with 2 Black Velvet Ropes New"
8310876995773,"Other Emergency Accessories","Vevor Stanchion Ropes Red Velvet 2-Pc 5' Crowd Control Barrier with Gold Hooks New"
8310877061309,"Other Emergency Accessories","Vevor Stanchion Ropes 4-Pc Red Velvet 5' Crowd Control Barrier Set with Gold Hooks New"
8310877094077,"Other Emergency Accessories","Vevor Stanchion Ropes Red Velvet Crowd Control Barrier 2 Pcs 5' New"
8310877126845,"Other Emergency Accessories","Vevor Stanchion Post Queue Barrier Set with Black Velvet Ropes New"
8310877290685,"Other Emergency Accessories","Vevor Stanchion Ropes 5' Black Velvet with Gold Hooks 2-Pc Set New"
8310877323453,"Other Emergency Accessories","Vevor Stanchion Rope 4-Piece 5' Black Velvet with Gold Hooks New"
8310877847741,"Other Emergency Accessories","Vevor Stanchion Post Crowd Control Barrier Set with Red Carpet and 4 Red Velvet Ropes New"
8310878208189,"Cigar Humidors","Vevor Humidifier Replacement Filter YC-288 Cigar Humidor Water Tank Pad New"
8310880403645,"Other Emergency Accessories","Vevor Stanchion Post Crowd Control Barrier Set with Red Carpet and 6 Red Velvet Ropes Gold New"
8310881616061,"Dethatchers","Vevor Rock Rake Tines 6-Pack 1"" x 5/16"" Bolt-Mount Replacement Parts New"
8310884892861,"Pressure Washer Pump Shafts","Vevor Pressure Washer Pump 2400 PSI 2.5 GPM 7/8"" Shaft Vertical Replacement Kit New"
8310888890557,"Straight Grinders","Vevor Flex Shaft Grinder Rotary Tool Kit New"
8310888988861,"Straight Grinders","Vevor Flex Shaft Grinder Rotary Tool with Foot Pedal 125W 18000 RPM New"
8310889087165,"Straight Grinders","Vevor Flex Shaft Grinder 780W 25000 RPM Rotary Tool with 112-Pc Accessory Kit New"
8310889119933,"Straight Grinders","Vevor Flex Shaft Grinder Rotary Tool 125W 18000 RPM with 112-Pc Accessory Kit New"
8310889283773,"Christmas Trains","Vevor Wooden Train Track Set 70-Piece Magnetic Crane Construction Railway Toy New"
8310889513149,"Cigar Humidors","Vevor Humidifier Replacement Filter Cigar Humidor Humidifying Pad 2-Pack New"
8310889971901,"Christmas Trains","Vevor Wooden Train Track Set 39-Piece Farm Countryside Magnetic Train Toy New"
8310890135741,"Artificial Hedges","Vevor Flower Wall Backdrop 2-Piece 2' x 8' 3D Artificial Floral Panels New"
8310891577533,"Dust Collectors","Vevor Shop Vacuum 5.8 Gallon Wet & Dry Self-Cleaning Metal Tank New"
8310891806909,"Tire Changers","Vevor Tire Bars 38.2"" Heavy-Duty Mount and Demount Iron Set New"
8310891839677,"Tire Changers","Vevor Tire Bead Breaker Duck-Billed Tire Hammer 32"" Heavy Duty New"
8310892757181,"Truck Tool Boxes","Vevor Trailer Tongue Box 29"" x 16.1"" x 18"" Aluminum Heavy Duty Storage Organizer Silver New"
8310893215933,"Straight Grinders","Vevor Flex Shaft Grinder 150W 23000 RPM Rotary Tool with 112-Pc Accessory Kit New"
8310893576381,"Digital Phase Shifters","Vevor Rotary Phase Converter Single Phase to 3-Phase 7.5HP 21A 208-240V New"
8310893838525,"Digital Phase Shifters","Vevor Rotary Phase Converter Single Phase to 3-Phase 5HP 14A 208-240V New"
8310894035133,"Vending Machines","Vevor Hot Dog Steamer Cart Portable Stainless Steel 1200W Temp Adjustable with Umbrella New"
8310894166205,"Digital Phase Shifters","Vevor Rotary Phase Converter Single Phase to 3-Phase 10HP 28A 208-240V for Heavy-Load Equipment New"
8310894362813,"Straight Grinders","Vevor Flex Shaft Grinder 1000W 30000RPM Rotary Tool with Foot Pedal & 74-Pc Accessory Kit New"
8310895313085,"Parts Washers","Vevor Fuel Injector Cleaner Tester 6-Cylinder 28kHz Ultrasonic Machine New"
8310896459965,"Vending Machines","Vevor Griddle Outdoor Propane Gas Cart with 2 Burners New"
8310898032829,"Side Tables","Vevor Floor Lamp with Table 2-Tier End Table with 3 Drawers and 3 Color Temperature Lighting New"
8310898163901,"Screw And Bolt Extractor Sets","Vevor Pipe Extractor Set 9-Piece Heavy-Duty Broken Pipe Remover with Storage Case New"
8310898360509,"Side Tables","Vevor Floor Lamp with Table 2-Tier End Table with 2 Drawers and 3 Color Temperature Lighting New"
8310898426045,"Side Tables","Vevor Floor Lamp with Table 3-Tier End Table with Open Shelves and Charging Station New"
8310899015869,"Attic Fans","Vevor Exhaust Fan 10"" Wall Mount High Velocity Ventilation Fan 988 CFM Black New"
8310899048637,"Exercise Machine Attachments","Vevor Lat Pulldown Machine 3-in-1 Row Cable Home Gym Black New"
8310899081405,"Attic Fans","Vevor Exhaust Fan 8"" Wall Mount Ventilation Fan New"
8310899114173,"Exercise Machine Attachments","Vevor Lat Pull Down Machine 2-in-1 Row Cable Home Gym 500 lbs Black Red New"
8310899146941,"Attic Fans","Vevor Exhaust Fan 6"" 308 CFM Wall Mount Ventilation Extractor New"
8310899245245,"Exercise Machine Attachments","Vevor Cable Machine 3-in-1 LAT Pull Down Home Gym New"
8310901506237,"Composting Toilets","Vevor Portable Toilet Foldable Camping Travel Toilet with Soft Seat New"
8310902358205,"Jeep Tube Doors","Vevor Tube Doors 4-Door Ford Bronco Front & Rear Tubular Half Doors New"
8310903111869,"Drainage Mats","Vevor Garage Floor Edge Trim 11-Piece Transition Edge Kit Black New"
8310903374013,"Composting Toilets","Vevor Portable Toilet Folding Camping Toilet for Adults 330 lbs New"
8310903603389,"Coolers","Vevor Bottle Holder 24"" Stainless Steel Bar Speed Rail New"
8310904291517,"Composting Toilets","Vevor Portable Toilet Kit Folding Camping Toilet with Pop-Up Privacy Tent 330 lbs New"
8310904488125,"Coolers","Vevor Ice Bin Partition 15.16 x 5.55 x 11.02"" Stainless Steel Divider for 19"" Bar Ice Bins New"
8310904520893,"Coolers","Vevor Ice Bin Partition 24"" Stainless Steel Divider New"
8310904717501,"Coolers","Vevor Commercial Ice Bin 60 Qt Stainless Steel Ice Chest with Sink & Faucet New"
8310904914109,"Coolers","Vevor Commercial Ice Bin 49.4 Qt Stainless Steel Sliding Lid Ice Chest New"
8310905012413,"Cigar Humidors","Vevor Humidifier Replacement Filter Cut-to-Fit Cigar Humidor Pad New"
8310905110717,"Coolers","Vevor Commercial Ice Bin 36 x 19 x 33"" Stainless Steel Ice Chest with Sliding Lid New"
8310905176253,"Metal Hall Trees","Vevor Hall Tree Corner Hall Tree with Shoe Bench 70.9"" Coat Rack Rustic Brown New"
8310905995453,"Greenhouse Card Slots","Vevor Greenhouse Spring Wire and Lock Channel Kit 10-Pack 6.6' New"
8310907338941,"Pressure Washer Accessories","Vevor Foam Machine Adjustable Angle Control Party Bubble Cannon with 37QT Water Tank New"
8310907797693,"Pressure Washer Accessories","Vevor Foam Machine Party Cannon with 74 qt Water Tank New"
8310907994301,"Vending Machines","Vevor Deep Fryer Outdoor Propane Frying Cart with 2 Burners and Warming Pans New"
8310908158141,"Pressure Washer Accessories","Vevor Foam Machine Party Foam Cannon with 21QT Tank New"
8310908223677,"Mug Heat Press Accessories","Vevor Tumblers 40 oz Sublimation Stainless Steel Blank Tumbler Set with Handle 8-Pack New"
8310908387517,"Water Filtration Systems","Vevor Filter Deionized Resin Replacement for Spotless Car Wash System 2 x 4L New"
8310908682429,"Vending Machines","Vevor Griddle Outdoor Propane 3-Burner Stainless Steel Cooking Cart with Food Pans and Gas Stove New"
8310908715197,"Vending Machines","Vevor Frying Cart Outdoor Propane Fryer & Griddle Combo with 3 Burners, Wheels, 2 Fryer Baskets & 3 Food Pans New"
8310908747965,"Vending Machines","Vevor Propane Griddle Outdoor 3-Burner Stainless Steel Cart with Food Warming Pans New"
8310908846269,"Bone Saw Machines","Vevor Bandsaw Stand Adjustable Height Floor Stand New"
8310909403325,"Composting Toilets","Vevor Portable Toilet 7.9 gal Detachable Waste Tank Camping Potty New"
8310909567165,"Composting Toilets","Vevor Portable Toilet 5.3 gal Camping Toilet with Detachable Waste Tank New"
8310910582973,"Greenhouse Card Slots","Vevor Greenhouse Lock Channel Spring Wire & Aluminum Channel Bundle Kit New"
8310912450749,"Storage Bins","Vevor Storage Trunk Set Decorative Wooden Suitcase Boxes with Padlocks Green New"
8310912516285,"RV & Marine Cords","Vevor Manual Switch EV Charging Switch for Dryer & EV 24A Max 240V New"
8310912712893,"RV & Marine Cords","Vevor Y-Splitter Adapter 30A 240V Dryer to EV Charger NEMA 14-30P to 14-30R/14-50R 3' New"
8310912778429,"Mug Heat Press Accessories","Vevor Tumblers 12-Pack 16 oz Multicolored Stainless Steel Sublimation Cups with Lids and Straws New"
8310913073341,"RV & Marine Cords","Vevor Splitter Switch Manual EV Charging Switch for Dryer & EV 240V 24A NEMA 10-30 New"
8310913401021,"Mug Heat Press Accessories","Vevor Tumbler 20 oz Sublimation Skinny Straight 4-Pack Stainless Steel New"
8310913499325,"Mug Heat Press Accessories","Vevor Sublimation Tumblers 12 oz Kids Water Bottles 12-Pack with Lids and Straws New"
8310914121917,"Sluice Boxes","Vevor Gold Panning Kit 19-Pc Prospecting Equipment with 10"" and 14"" Pans New"
8310914187453,"Storage Bins","Vevor Storage Trunk Set of 2 Blue Wooden Suitcase Storage Boxes with Padlocks New"
8310914285757,"Storage Bins","Vevor Storage Trunk Set of 2 Wooden Suitcase Storage Boxes with Padlocks White New"
8310914351293,"Storage Bins","Vevor Storage Trunk Set of 2 Metal Wooden Suitcase Boxes with Padlocks Black New"
8310914973885,"Greenhouse Card Slots","Vevor Greenhouse Spring Wire and Lock Channel Kit 20 Pack 6.6' PVC-Coated Wiggle Wire Bundle New"
8310916022461,"Grain Grinder","Vevor Grinding Sheets 2-Piece Marble Dry & Wet Replacement Grinding Plates New"
8310917071037,"Greenhouse Card Slots","Vevor Greenhouse Lock Channel Spring Wire Kit 40-Pack 6.6' PVC-Coated Wiggle Wire Bundle New"
8310919200957,"RV Lead Fifth Wheel Landing Gear Legs","Vevor Jack Stabilizer Kit JT's Strong Arm Fifth-Wheel RV and Travel Trailer New"
8310919332029,"RV Lead Fifth Wheel Landing Gear Legs","Vevor Jack Stabilizer Kit Fifth-Wheel RV and Travel Trailer Strong Arm New"
8310919463101,"Tail Pipe Expanders","Vevor Brake Line Flaring Tool 45 Degree Double Bubble Flare Kit New"
8310919561405,"Greenhouse Card Slots","Vevor Greenhouse Spring Wire & Lock Channel Kit 30-Pack 6.6' New"
8310919725245,"Fan Accessories","Vevor Ceiling Fan Light Kit 4-Light 3000K 750 lm Brushed Nickel Floral New"
8310920151229,"Tail Pipe Expanders","Vevor Brake Line Flaring Tool Kit 45 Degree Single and Double Flare for 3/16"" and 1/4"" Copper Tubing New"
8310920315069,"Tail Pipe Expanders","Vevor Brake Line Flaring Tool 45° & 37° Double Bubble Flare Kit New"
8310921265341,"Tail Pipe Expanders","Vevor Flaring Tool 45° Eccentric Single Tube Flaring Kit for 1/4""-3/4"" Copper & Aluminum Tubes New"
8310921724093,"Tail Pipe Expanders","Vevor PEX Pipe Expander Tool Kit Manual Tubing Expansion Tool New"
8310921986237,"Tail Pipe Expanders","Vevor Brake Line Repair Kit 3/16"" 45° Single Flare Tool Set with 25' Copper-Coated Line and Tube Cutter New"
8310922576061,"Spool Guns","Vevor MIG Welding Gun 100A 10' Cable Replacement for Lincoln Magnum 100L with 5 Contact Tips New"
8310922641597,"Hydraulic Steering","Vevor Boat Steering System 17' Outboard Rotary Steering Kit New"
8310923329725,"Spool Guns","Vevor MIG Welding Gun 100A 10' Replacement for Lincoln Magnum 100L with 11 Contact Tips New"
8310923362493,"Spool Guns","Vevor MIG Welding Gun 250A 15' Replacement for Lincoln Magnum Pro 250L New"
8310923428029,"Tail Pipe Expanders","Vevor Flaring Tool HVAC 45° Eccentric Single Tube for 3/16""-3/4"" Copper Aluminum Tubes New"
8310923526333,"Spool Guns","Vevor MIG Welding Gun 250A 15' Replacement for Miller MDX-250 with 11 Contact Tips New"
8310923559101,"Tail Pipe Expanders","Vevor Brake Line Repair Kit 3/16"" 45 Degree Double & Single Flaring Tool Set 25' New"
8310923788477,"Spool Guns","Vevor MIG Welding Gun 150A 15' Copper Cable Replacement for Miller M-15/M-150 with 5 Contact Tips New"
8310923821245,"Creepers","Vevor Rolling Shop Stool Adjustable Height Swivel Mechanic Seat with Backrest and Tool Tray New"
8310924902589,"Ice Maker With Water Dispensers","Vevor Water Filter Cartridge 6-Stage RO Composite Replacement New"
8310925394109,"RV & Marine Cords","Vevor Automatic EV Charging Switch NEMA 14-30 Dryer & EV Charger Splitter 24A 240V New"
8310926737597,"RV Air Conditioners","Vevor Truck Air Conditioner 12V 10,000 BTU Mini Split Cab AC Unit New"
8310927130813,"Pressure Washer Accessories","Vevor Foam Machine Adjustable Angle Foam Cannon Party Machine New"
8310927753405,"Ice Maker With Water Dispensers","Vevor Mineralization Filter Replacement Alkaline Water Filter for Reverse Osmosis System New"
8310928703677,"Trailer Hitches","Vevor Hitch Step Universal Rear Bumper Guard Protector 2"" Receiver 350 lbs Capacity New"
8310929522877,"Steam Press","Vevor Steam Iron Gravity Feed 1000W 3.5 L Industrial New"
8310929686717,"Pressure Washer Pump Shafts","Vevor Pressure Washer Pump Kit Electric 1950 PSI 3.2 GPM Triplex with 5 HP Motor 240V New"
8310931161277,"Playground Sets","Vevor Pikler Triangle Set 9-in-1 Foldable Montessori Climbing Toys New"
8310931194045,"Playground Sets","Vevor Pikler Triangle Set 9-in-1 Montessori Climbing Toys with Cushion, Arch, Ramp & 2 Wooden Cars New"
8310931259581,"Playground Sets","Vevor Pikler Triangle Set 9-in-1 Montessori Climbing Toys Blue New"
8310932144317,"Sink Drain Pumps","Vevor Sewage Pump System 1/2 HP 4800 GPH Cast Iron Basin Kit 120V Automatic On/Off 2"" Discharge Black New"
8310932766909,"Fishing Cast Nets","Vevor Fishing Net Telescopic Landing Net 26"" Opening New"
8310933487805,"Fishing Cast Nets","Vevor Fishing Net Foldable Landing Net with Telescopic Handle New"
8310933553341,"Docks","Vevor Boat Ladder 3-Step Stainless Steel Telescoping Folding Swim Deck Ladder New"
8310933717181,"Fishing Cast Nets","Vevor Fishing Net Foldable Telescopic Landing Net New"
8310933881021,"Docks","Vevor Boat Ladder 4-Step Telescoping Folding Swim Deck Ladder New"
8310934307005,"Yoga Equipment","Vevor Balance Board Wooden Curved Wobble Trainer Blue 42"" New"
8310934372541,"Yoga Equipment","Vevor Balance Board 360° Rotating Wobble Trainer 3-Level Adjustable Wooden Slip-Resistant New"
8310934569149,"Yoga Equipment","Vevor Balance Board 3-Level Adjustable Wooden Wobble Trainer with Roller and Storage Rack New"
8310934634685,"Yoga Equipment","Vevor Balance Board 2-in-1 Wobble Trainer with Roller and Magnetic Stoppers New"
8310934732989,"Docks","Vevor Boat Ladder 3-Step Telescoping Folding Swim Deck Ladder New"
8310934798525,"Yoga Equipment","Vevor Balance Board Curved Wooden Wobble Trainer for Adults Black Orange 42"" New"
8310934831293,"Fishing Cast Nets","Vevor Fishing Net Foldable Telescopic Landing Net with Built-In Length Scale 76"" New"
8310934896829,"Yoga Equipment","Vevor Balance Board Wobble Board Trainer with Roller Magnetic Stoppers Storage Rack Blue New"
8310935158973,"Docks","Vevor Boat Ladder 4-Step Telescoping Folding Swim Deck Ladder New"
8310935421117,"Yoga Equipment","Vevor Balance Board 28"" Adjustable Wooden Wobble Trainer New"
8310935486653,"Yoga Equipment","Vevor Balance Board Wobble Board Trainer for Foot & Ankle Strengthening New"
8310935584957,"Docks","Vevor Boat Ladder 3-Step Telescoping Folding Swim Deck Ladder New"
8310935617725,"Yoga Equipment","Vevor Balance Board Wobble Trainer for Adults Standing Desk Exercise Black New"
8310935650493,"Docks","Vevor Boat Ladder 4-Step Telescoping Folding Swim Deck Rear Entry New"
8310935978173,"Bar Furniture Sets","Vevor Home Bar Cabinet 3-Tier Wine Storage Table with Shelves Black New"
8310936043709,"Feeders","Vevor Chicken Waterer 5 Gallon Automatic Gravity Poultry Waterer New"
8310936633533,"Bar Furniture Sets","Vevor Home Bar Unit L-Shaped Wine Bar Cabinet with LED Light Walnut Finish New"
8310937616573,"Sink Drain Pumps","Vevor Sewage Grinder System 1 HP 5100 GPH Cast Iron Pump with Basin 120V 2"" Discharge Black New"
8310937780413,"Garden Arches","Vevor Arch Backdrop Stand Set of 3 Gold Metal Wedding Party Decoration New"
8310938239165,"Fishing Cast Nets","Vevor Fishing Net Foldable Landing Pier Drop Net with Rope and Storage Bag New"
8310938403005,"Headstand Benchs","Vevor Inversion Table Heavy-Duty Back Stretcher New"
8310938435773,"Torpedo Levels","Vevor Torpedo Level 4-Piece Magnetic Aluminum Alloy Level Set 4/12/24/40"" New"
8310938665149,"Fishing Cast Nets","Vevor Crab Trap Double Ring Foldable Fishing Net Kit 24"" Top 20"" Bottom 2 Set New"
8310938828989,"Torpedo Levels","Vevor Level Set Magnetic 4-Piece 16/24/36/48"" Aluminum Alloy I-Beam Bubble Leveler New"
8310938861757,"Fishing Cast Nets","Vevor Crab Trap 2 Pack 24.4"" x 24.4"" x 11.8"" Heavy Duty Square Crab Pot Trap New"
8310939648189,"Pressure Washer Accessories","Vevor Foam Machine 115W Portable Party Foam Cannon with Tripod Stand New"
8310939975869,"Kitchen Island Carts","Vevor Utility Cart 3-Tier Heavy-Duty Adjustable Wire Storage Rack Rolling Service Trolley 35 x 17.8 x 40.9"" New"
8310941089981,"Pallet Fork Blades","Vevor Pallet Fork Frame Attachment with 36"" Skid Steer Forks for JD Tractors New"
8310941253821,"Instrument Cases","Vevor Rack Case 6U 15"" Depth Rackmount Flight Case with Microphone Compartments New"
8310941384893,"Headstand Benchs","Vevor Inversion Table Heavy-Duty Back Stretcher 300 lbs Capacity New"
8310941417661,"Pallet Fork Blades","Vevor Pallet Fork Frame Attachment 42"" Skid Steer Forks 4000 lbs New"
8310941778109,"Pallet Fork Blades","Vevor Pallet Fork Frame Attachment 48"" Skid Steer Pallet Forks 4000 lbs New"
8310942400701,"Others","Vevor Garden Hose Reel Freestanding 200' 5/8"" Hose Holder with Storage Rack New"
8310942826685,"Strength Training Weight Vests","Vevor Ruck Plate 45 lb Cast Iron Weight Plate New"
8310943383741,"Riding Ponys","Vevor Ride-On Dinosaur Toy New"
8310944006333,"Strength Training Weight Vests","Vevor Ruck Weights Cast Iron 10 lbs Pair Weight Plates for Backpack Training New"
8310944071869,"Strength Training Weight Vests","Vevor Weight Vest Plates 5.75 lbs Pair Premium Steel Contoured Ergonomic Fit New"
8310944235709,"Headstand Benchs","Vevor Inversion Table Heavy Duty Back Inverter Stretcher New"
8310944268477,"Strength Training Weight Vests","Vevor Weight Vest Plates 19.75 lbs Pair Premium Steel Ergonomic Fit New"
8310944334013,"Headstand Benchs","Vevor Inversion Table Heavy-Duty Back Stretcher 300 lbs Capacity Adjustable Foldable New"
8310945317053,"Ph Meters","Vevor TDS Meter Digital Water Tester New"
8310945382589,"Material Handling Products","Vevor Spill Containment Pallet 1 Drum Low Profile Modular Platform with Drain 26.4"" x 26.6"" x 5.9"" Yellow New"
8310946529469,"Vertical Potato Dicer/Cutters","Vevor French Fry Cutter Commercial Vegetable Chopper New"
8310947119293,"Pressure Washer Accessories","Vevor Foam Machine Portable Party Foam Cannon with Tripod Stand New"
8310947643581,"Headstand Benchs","Vevor Inversion Table 350 lbs Adjustable Back Stretcher New"
8310948462781,"Sand Ice Machines","Vevor Blender Professional Countertop Blender with Shield 68 oz Black New"
8310949380285,"Sand Ice Machines","Vevor Blender Professional Countertop Blender with Shield 68 oz White New"
8310949707965,"Drill Bits","Vevor Floor Scraper SDS Max 24.8"" x 5.9"" Chisel Bit New"
8310949937341,"Drill Bits","Vevor Scaling Chisel SDS Max 13.8"" x 5.9"" Chisel Bit New"
8310950002877,"Drill Bits","Vevor Floor Scraper SDS Max 23.6"" x 5.9"" Chisel Bit New"
8310950363325,"Others","Vevor Fishing Cart Foldable Beach Cart with 13"" All-Terrain PU Balloon Tires 350 lbs Capacity New"
8310950396093,"Others","Vevor Fishing Cart Foldable Beach Cart with 13"" All-Terrain Tires and 8 Rod Holders New"
8310950494397,"Others","Vevor Fishing Cart Foldable Beach Cart with 13"" All-Terrain PU Balloon Tires and 7 Rod Holders New"
8310950559933,"Others","Vevor Ceiling Speakers Bluetooth 6.5"" In-Ceiling & In-Wall Speaker System with Amplifier 4 Speakers New"
8310950592701,"Others","Vevor Shopping Cart Kids Pretend Play Grocery Trolley with Wheels Pink New"
8310950658237,"Others","Vevor Fishing Cart Foldable Beach Cart with 11"" All-Terrain Tires & 8 Rod Holders New"
8310950723773,"Others","Vevor Ceiling Speakers Bluetooth 8"" In-Ceiling & In-Wall Speaker System with Amplifier 1 Pair New"
8310950854845,"Others","Vevor Ceiling Speakers 8"" Hi-Fi Flush Mount In-Ceiling & In-Wall Speaker System New"
8310950953149,"Others","Vevor In-Wall Speakers 8"" Paintable Grille Hi-Fi 200W Peak 1 Pair New"
8310951051453,"Farm Jacks","Vevor Jack Mount Bracket High Lift Off-Road for Jeep Wrangler 1986-2024 New"
8310951149757,"Vertical Potato Dicer/Cutters","Vevor French Fry Cutter 3/8"" Commercial Vegetable Chopper New"
8310951215293,"Vertical Potato Dicer/Cutters","Vevor French Fry Cutter 1/2"" Blade Commercial Vegetable Chopper New"
8310951313597,"Food Pan Carriers","Vevor Caster Wheels 5"" Heavy Duty Casters for Insulated Food Pan Carrier Set of 4 New"
8310951870653,"Seasoning Racks","Vevor Condiment Dispenser Countertop Food Serving Display Container Ice-Cooled 6-Pan New"
8310951903421,"Instrument Cases","Vevor Rack Case 8U 14"" Shallow Server Cabinet New"
8310951936189,"Instrument Cases","Vevor Rack Case 6U 14"" Depth Server Rack Cabinet New"
8310951968957,"Others","Vevor Back Bar Cooler 11.8 Cu. Ft Commercial Beverage Refrigerator with 2 Glass Doors New"
8310952100029,"Seasoning Racks","Vevor Condiment Dispenser Countertop Food Serving Display Container New"
8310952132797,"Seasoning Racks","Vevor Food Serving Display Container 2-Tier Stainless Steel Ice-Cooled Buffet Condiment Server with Clear Roll-Top Cover New"
8310952394941,"Others","Vevor Bellman Cart Hotel Luggage Cart 1500 lbs Stainless Steel Silver New"
8310952427709,"Others","Vevor Hotel Luggage Cart Rose Gold Heavy-Duty Bellman Trolley New"
8310952558781,"Others","Vevor Hotel Luggage Cart Heavy-Duty Bellman Trolley 1200 lbs Gold New"
8310952689853,"Instrument Cases","Vevor Rack Case 8U Rolling Server Cabinet with Wheels 19"" Depth New"
8310952722621,"Others","Vevor Gymnastic Bar Adjustable Height Folding Training Kip Bar with Mat Blue New"
8310952755389,"Others","Vevor Back Bar Cooler 19.6 Cu. Ft. Commercial Beverage Refrigerator with 3 Glass Doors New"
8310952788157,"Others","Vevor Gymnastic Bar Adjustable Folding Training Kip Bar for Kids Pink New"
8310952820925,"Instrument Cases","Vevor Rack Case 4U 19"" Server Rack Cabinet New"
8310952919229,"Others","Vevor Pool Vacuum Cordless Handheld Cleaner for Above Ground Pools 8.5 GPM New"
8310953050301,"Others","Vevor Gymnastic Bar Adjustable Folding Training Kip Bar with Mat Purple New"
8310953083069,"Instrument Cases","Vevor Rack Case 4U 14"" Shallow Server Cabinet New"
8310953377981,"Others","Vevor Gymnastic Bar Folding Adjustable Height Kids Training Kip Bar Purple New"
8310953476285,"Others","Vevor Truck Bed Mat Custom Fit All-Weather TPE Liner for 2023-2026 Chevy Colorado GMC Canyon 5' Bed New"
8310953574589,"Others","Vevor Camping Tent 4-Person Pop-Up Instant Cabin Tent with Large Mesh Windows New"
8310953607357,"Others","Vevor Standing Desk Adjustable Height Mobile Sit-Stand Rolling Workstation 32"" x 16"" New"
8310953705661,"Others","Vevor Standing Desk Adjustable Height Rolling Workstation White New"
8310953738429,"Others","Vevor Gymnastic Bar Adjustable Height Folding Training Kip Bar with Rings Blue New"
8310953771197,"Others","Vevor Truck Bed Mat Custom Fit All-Weather TPE Liner for 2022-2026 Nissan Frontier 5' Bed New"
8310954197181,"Others","Vevor Full-Face Motorcycle Helmet Dual Visor DOT & ECE Approved L Size New"
8310954262717,"Others","Vevor Truck Bed Mat Custom Fit All-Weather TPE for 2015-2026 Ford F150 Lightning 5.5' Bed New"
8310954295485,"Others","Vevor Truck Bed Mat Custom Fit All-Weather TPE Liner for 2024-2026 Toyota Tacoma 5' Bed New"
8310954426557,"Others","Vevor Camping Tent 6-Person Pop-Up Instant Cabin Tent with Rainfly & Large Mesh Windows New"
8310954492093,"Others","Vevor Modular Motorcycle Helmet Flip-Up Full Face Dual Visor Adult Helmet M New"
8310954524861,"Others","Vevor Aluminum Extrusion Linear Rail 2-Piece 19.69"" 4080 T-Slot Black New"
8310954590397,"Others","Vevor Hotel Luggage Cart Heavy-Duty Bellman Trolley with Stainless Steel Frame, 6"" Rubber Wheels, Red Carpeted Deck, Gold New"
8310954623165,"Others","Vevor Aluminum Extrusion Linear Rail 10-Piece 39.37"" T-Slot Silver New"
8310954688701,"Security Gates","Vevor Pet Gate Extra Tall Adjustable Width 28-34"" 78.7"" High Black New"
8310955016381,"Others","Vevor Modular Motorcycle Helmet Flip-Up Full Face Dual Visor L New"
8310955049149,"Others","Vevor Full-Face Motorcycle Helmet Dual-Visor DOT & ECE Approved M Size New"
8310955278525,"Others","Vevor Full Face Motorcycle Helmet Dual Visor DOT ECE Approved XL New"
8310955638973,"Fume Hoods","Vevor Hood Filter 20"" x 25"" Stainless Steel Commercial Grease Baffle 6-Pack New"
8310955671741,"Fume Hoods","Vevor Hood Filter 6-Pack 20"" x 16"" Stainless Steel Baffle Grease Filter New"
8310955770045,"Fume Hoods","Vevor Hood Filter 20"" x 20"" Stainless Steel Baffle Grease Filters 6-Pack New"
8310955868349,"Water Pumps","Vevor Bottled Water Dispenser Pump System 5 Gallon Automatic Electric Water Dispenser New"
8310956130493,"Distillation Kits","Vevor Water Distiller 4L Countertop Purifier Machine White New"
8310956261565,"Washers","Vevor Washing Machine Pan 27"" x 25"" Stainless Steel Drain Tray New"
8310956392637,"Washers","Vevor Washing Machine Pan 32"" x 32"" Stainless Steel Drip Tray New"
8310956425405,"Washers","Vevor Washing Machine Pan 32"" x 30"" Galvanized Steel Drip Tray with Drain Hole New"
8310956490941,"Washers","Vevor Washing Machine Drain Pan 32"" x 30"" Stainless Steel Drip Tray New"
8310956949693,"Cleaning Caddies","Vevor Shopping Basket Blue Pack of 6 with Handle on Castors New"
8310956982461,"Cleaning Caddies","Vevor Shopping Basket Rolling Plastic 6-Piece Red Set New"
8310957146301,"Hoists","Vevor Chain Sling 3/8"" x 5' G80 Double Leg with Hooks New"
8310957179069,"Cargo Racks","Vevor Cargo Net Heavy Duty Truck Bed Organizer 4.2' x 5.5' New"
8310957441213,"Hoists","Vevor Chain Sling 5/16"" x 10' 4-Leg G80 Lifting Chain with Hooks New"
8310957473981,"Cargo Racks","Vevor Cargo Net Truck Bed Cargo Net 3.5' x 4.1' with S Hooks New"
8310957572285,"Cargo Racks","Vevor Cargo Net Truck Bed Cargo Net with Mesh 8' x 6.7' New"
8310957736125,"Hoists","Vevor Chain Sling 5/16"" x 5' G80 4-Leg Lifting Chain with Hooks New"
8310957899965,"Watch Case Openers","Vevor Watch Press Crystal Bezel Case Back Closer Tool New"
8310957998269,"Stem Casters","Vevor Casters 4-Pack 5"" Scaffolding Swivel Wheels with Dual Locking Brake New"
8310958063805,"Woodworking Bench Vises","Vevor Milling Vise 5"" ACCU Lock Down Bench Clamp with Swivel Base New"
8310958227645,"Woodworking Bench Vises","Vevor Bench Vise 4"" Lock Down Precision Milling Vise New"
8310958325949,"Woodworking Bench Vises","Vevor Milling Vise 3"" Heavy Duty Bench Clamp with 360° Swivel Base New"
8310958391485,"Woodworking Bench Vises","Vevor Milling Vise 4"" Bench Clamp with Swivel Base New"
8310958424253,"Woodworking Bench Vises","Vevor Milling Vise 6"" ACCU Lock Precision Bench Clamp New"
8310958686397,"Auto Parts","Vevor Hydraulic Control Valve 2 Spool Directional Double Acting 11 GPM New"
8310958751933,"Auto Parts","Vevor Hydraulic Control Valve 3 Spool Double Acting 11 GPM New"
8310958817469,"Auto Parts","Vevor Hydraulic Valve 2-Spool Joystick Directional Control Valve 11 GPM New"
8310959669437,"Rotary Evaporators","Vevor Vacuum Pump 15L Circulating Water Multi-Purpose New"
8310959931581,"Lab Distillation","Vevor Jacketed Reactor 5L Laboratory Glass Reaction Vessel New"
8310960160957,"Storage Racks","Vevor Concession Shelf 48"" x 12"" Fold-Down Serving Shelf New"
8310960980157,"Vertical Potato Dicer/Cutters","Vevor Lemon Wedge Slicer 8-Section Commercial Fruit Cutter New"
8310961143997,"Polypropylene Ropes","Vevor Rope Polyester Double Braid 7/16"" x 150' Load and Pulling Rope New"
8310961275069,"Winches","Vevor Twin Sheave Block and Tackle Pulley System 150' 7700 lbs New"
8310961340605,"Lab Distillation","Vevor Heating Mantle 2000ml Digital Magnetic Stirrer 110V 600W New"
8310961373373,"Winches","Vevor Twin Sheave Block & Rope Kit 1/2"" x 100' Double Pulley Rigging System New"
8310961406141,"Winches","Vevor Twin Sheave Block and Tackle Double Pulley Rigging System with 1/2"" x 200' Braid Rope New"
8310961602749,"Polypropylene Ropes","Vevor Polyester Rope 7/16"" x 200' Load and Pulling Rope New"
8310961701053,"Other Emergency Accessories","Vevor Crowd Control Stanchions 4-Pc Silver Posts with Red Velvet Ropes New"
8310961733821,"Welders","Vevor Dent Pull Lever Bar Kit 33.4"" Aluminum and Steel Dent Pulling New"
8310961766589,"Welders","Vevor Dent Pull Lever Bar Kit for Aluminum and Steel Dent Pulling 29.5"" New"
8310961864893,"Other Emergency Accessories","Vevor Crowd Control Stanchion Gold 4-Piece Set with 5' Red Velvet Rope New"
8310961897661,"Water Pressure Regulators","Vevor Pressure Test Pump Hydraulic Manual 12L 50 Bar 725 PSI New"
8310962028733,"Other Emergency Accessories","Vevor Crowd Control Stanchion Silver Set of 4 with 5' Red Velvet Rope New"
8310962258109,"Welders","Vevor Dent Pull Lever Bar Single Leg 6-Claw Hook Portable Dent Puller New"
8310962290877,"Other Emergency Accessories","Vevor Crowd Control Stanchions Gold 4-Piece 38"" Red Velvet Rope Set New"
8310964453565,"Vacuum Pumps","Vevor Vacuum Chamber Kit 1.5 Gallon Stainless Steel Degassing Chamber with 2.5 CFM Vacuum Pump New"
8310964551869,"Power Table Feed Mills","Vevor Milling Working Table 17.7"" x 6.7"" 2-Axis Cross Slide New"
8310964814013,"Drain Cleaning Accessories","Vevor Drain Cleaning Cable 75' x 3/8"" Solid Core Sewer Auger Snake New"
8310964945085,"RV Accessories","Vevor Welder Extension Cord 50' 40A 250V Heavy Duty New"
8310965043389,"RV Accessories","Vevor Welder Extension Cord 30A 25' 250V NEMA 6-50 Plug Power Cord New"
8310965076157,"Drain Cleaning Accessories","Vevor Drain Cleaning Cable 100' x 3/8"" Sewer Auger for 2""-4"" Pipes New"
8310965141693,"Power Table Feed Mills","Vevor Rotary Table 4"" Horizontal Vertical 4-Slot Precision Milling Table New"
8310965174461,"RV Accessories","Vevor Welder Extension Cord 25' 40A 250V NEMA 6-50P to 6-50R New"
8310965338301,"Drain Cleaning Accessories","Vevor Drain Cleaning Cable 100' x 1/2"" Solid Core Sewer Auger Snake New"
8310965436605,"Hay Spear Accessories","Vevor Hay Spear 43"" Pair Bale Spears 3000 lbs Capacity Red New"
8310965534909,"Thermostats","Vevor Heat Transfer Plates 100-Piece 2' Aluminum Radiant Floor Heating Set New"
8310965665981,"Hay Spear Accessories","Vevor Hay Spear 49"" 4500 lbs Capacity Quick Attach Bale Spike New"
8310965862589,"Hay Spear Accessories","Vevor Hay Spear 39"" 3000 lbs Pair Bale Spike Fork Tines New"
8310966223037,"TV Stands","Vevor TV Lift Automated Elevator Mount for Up to 50"" Screens New"
8310966452413,"Polypropylene Ropes","Vevor Polyester Rope 9/16"" x 200' Load and Pulling Rope New"
8310966485181,"Thermostats","Vevor Heat Transfer Plates 4' Aluminum Radiant Floor Plates for 1/2"" PEX Tubing 50-Pc New"
8310967009469,"Hoists","Vevor Forklift Hook 3 Ton 6,600 lbs Heavy-Duty Lifting Attachment New"
8310967173309,"Power Table Feed Mills","Vevor Milling Worktable Cross Slide Bench Table 7.3"" x 4"" New"
8310967861437,"Winches","Vevor Spring Balancer Retractable Tool Holder 20-33 lbs 59"" Yellow New"
8310968025277,"Winches","Vevor Spring Balancer Retractable Tool Holder 33-49 lbs 59"" Yellow New"
8310968352957,"Power Table Feed Mills","Vevor Tilting Milling Table 10"" x 7"" Adjustable Angle Plate New"
8310968910013,"Power Table Feed Mills","Vevor Tilting Milling Table 7"" x 5"" Adjustable Swivel Angle Plate New"
8310970155197,"Driveway Dock Lights","Vevor Solar Pathway Lights 12-Pack White Outdoor Deck Lights New"
8310970220733,"Power Table Feed Mills","Vevor Collet Chuck CAT40 ER16 4-Pc 4"" Tool Holder Set New"
8310970253501,"Power Table Feed Mills","Vevor Collet Chuck Set CAT40 ER32 5-Piece CNC Tool Holder New"
8310970286269,"Power Table Feed Mills","Vevor Collet Chuck Set CAT40 ER16 8-Piece 2.75"" CNC Tool Holder New"
8310970319037,"Power Table Feed Mills","Vevor Drill Chuck CAT40 Keyless 1/2"" Integrated Collet Chuck New"
8310970712253,"Air Tool Fittings","Vevor Hydraulic Coupler 1/2"" NPT Flat Face Quick Connect 4 Pairs New"
8310971302077,"Vertical Potato Dicer/Cutters","Vevor Lime Slicer 4-Section Commercial Easy Wedger Lemon Cutter New"
8310971334845,"Vertical Potato Dicer/Cutters","Vevor Fruit Wedger 6-Section Commercial Easy Wedger Lemon Cutter New"
8310971826365,"Sand Blaster Cabinets","Vevor Sandblaster 10 Gallon Portable Air Media Abrasive Blaster New"
8310972219581,"Drywall Corner Beads","Vevor Corner Guards 2"" x 2"" x 48"" Stainless Steel Wall Protector 10-Pack New"
8310972711101,"Waffle Irons","Vevor Poffertjes Maker Mini Dutch Pancake Machine 25-Piece 1.7"" New"
8310972743869,"Plow Blades","Vevor Box Blade Shank 16"" 5-Piece Adjustable Scarifier Replacement Set New"
8310972809405,"Plow Blades","Vevor Box Blade Shank 18"" 4-Hole Adjustable Replacement New"
8310972842173,"Vertical Potato Dicer/Cutters","Vevor Rotary Cheese Grater Manual Vegetable Mandoline with 5 Blades & 2.5L Bowl New"
8310972874941,"Plow Blades","Vevor Box Blade Shank 18"" 4-Hole Scarifier Teeth Set 5-Pc New"
8310973104317,"Plow Blades","Vevor Box Blade Shank 18"" Adjustable Scarifier Shanks with Removable Teeth 4pcs New"
8310973169853,"Plow Blades","Vevor Box Blade Shank 16"" 6-Piece Scarifier Ripper Teeth Set New"
8310973759677,"Gym Floor Tiles","Vevor Dance Floor Roll Portable Practice Ballet Flooring 6.6' x 8' New"
8310974021821,"Oil Drain Pans","Vevor Oil Drain Tank 20 Gallon Portable Air Operated Waste Oil Drainer New"
8310974152893,"Tractor PTO Shaft Assemblies","Vevor Slip Clutch 1-3/8"" 6-Spline Adjustable PTO Friction Clutch Yellow New"
8310974185661,"Tractor PTO Shaft Assemblies","Vevor PTO Slip Clutch 1-3/8"" 6 Spline Black New"
8310974218429,"Tractor PTO Shaft Assemblies","Vevor PTO Slip Clutch 1-3/8"" Round Ends Adjustable Black New"
8310974251197,"Chimney Kits","Vevor Chimney Cap 13"" x 13"" Stainless Steel Fireplace Flue Cover New"
8310974906557,"Composite Deck Posts","Vevor Cable Railing Post 36"" x 1.5"" x 1.5"" Black Steel Level Deck Railing Post Without Holes New"
8310974972093,"Engine Hoists","Vevor Engine Support Bar 1100 lbs Capacity Dual Hooks New"
8310975135933,"Composite Deck Posts","Vevor Cable Railing Post 42"" x 2"" x 2"" Black Holeless Deck Railing New"
8310975168701,"Other Emergency Accessories","Vevor Stanchion 6-Piece Crowd Control Set with 6.6' Red Retractable Belts New"
8310975365309,"Other Emergency Accessories","Vevor Crowd Control Stanchion 2-Piece Set with 5' Black Velvet Rope Silver New"
8310975463613,"Composite Deck Posts","Vevor Cable Railing Post 42"" Black Powder-Coated Deck Stair Post New"
8310975758525,"Gym Floor Tiles","Vevor Dance Floor 6.6' x 9.8' Reversible PVC Vinyl Roll New"
8310976086205,"Auto Parts","Vevor Induction Coils Heater Coil Kit 8-Pc for Rusty Bolts and Nuts New"
8310976250045,"Straight Grinders","Vevor Flex Shaft Grinder 780W Rotary Tool with Foot Pedal New"
8310976479421,"Insulated Foundation Flood Vents","Vevor Foundation Flood Vent 8"" x 16"" Crawl Space Wall Vent New"
8310976905405,"Auto Parts","Vevor Induction Coils Heater Coil Kit 8PCS New"
8310977200317,"Auto Parts","Vevor Hydraulic Directional Control Valve 1 Spool 21 GPM 3625 PSI BSPP New"
8310977495229,"RV Covers","Vevor Boat Cover 14'-16' Waterproof Trailerable V-Hull New"
8310978117821,"RV Covers","Vevor Boat Cover 25'-28' Waterproof Trailerable V-Hull Cover New"
8310978347197,"Auto Parts","Vevor Hydraulic Directional Control Valve 1-Spool 21 GPM 4300 PSI New"
8310979133629,"RV Covers","Vevor Boat Cover 20'-22' Waterproof Trailerable V-Hull New"
8310979395773,"Tail Pipe Expanders","Vevor Hydraulic Flaring Tool Kit 45° Double Flaring Tool for 3/16""-1/2"" Tubing New"
8310979428541,"Cable Ramps","Vevor Speed Bump 72.8"" Rubber Traffic Calming Device New"
8310979690685,"Fire Pits","Vevor Burn Barrel 21 x 21 x 27"" Carbon Steel Incinerator Barrel New"
8310979821757,"Gold & Platinum Testers","Vevor Sand Scoop Stainless Steel Metal Detector Beach Scoop with Steel Handle New"
8310979952829,"Ranges","Vevor Grill Burner Replacement Kit Stainless Steel 3-Pack for Gas BBQ New"
8310980706493,"Replacement Clutches","Vevor Brake Master Cylinder Kit Hydraulic Go Kart New"
8310980739261,"Plow Blades","Vevor Hitch Mounted Ripper 18.11"" Adjustable Depth Carbon Steel New"
8310981099709,"Catalytic Converters","Vevor Catalytic Converter Exhaust Manifold Headers for Toyota Camry Solara 2002-2006 2.4L New"
8310981132477,"Plow Blades","Vevor Hitch Mounted Ripper 16"" Box Scraper Shank New"
8310981230781,"Hoverboards","Vevor Hoverboard Seat Attachment Adjustable Go-Kart for 6.5"" 8"" 10"" Scooters New"
8310981492925,"Fireplace Doors","Vevor Fireplace Screen Heavy Duty Iron Freestanding Spark Guard with Accessories Black New"
8310981656765,"Creepers","Vevor Rolling Garage Stool Adjustable Height Mechanics Seat with Tool Tray New"
8310981853373,"Polarimeters","Vevor Automatic Optical Level 24X Waterproof Builders Level Kit New"
8310981886141,"Polarimeters","Vevor Automatic Optical Level 26X Waterproof Builders Level Kit New"
8310982181053,"Pipe Tube Benders","Vevor Ring Bender Manual Plate Steel 13-1/2"" Single Pinch Portable Hand Crank New"
8310982410429,"Other Emergency Accessories","Vevor Stanchion Gold Velvet Ropes and Posts 5' Red Crowd Control Barrier 2 Pack New"
8310982607037,"Thumb Tacks","Vevor Backhoe Thumb 18"" Heavy Duty Excavator Attachment New"
8310982770877,"Concrete Forms","Vevor Concrete Knee Boards Stainless Steel 30"" x 8"" Sliding Boards with Pads New"
8310983229629,"Concrete Forms","Vevor Concrete Slider Knee Board 28"" x 8"" Stainless Steel with EVA Pads New"
8310983459005,"Pipe Tube Benders","Vevor Shrinker Stretcher 2-in-1 18 Ga Sheet Metal Manual Machine New"
8310983655613,"Texture Units","Vevor Stucco Sprayer 4 Jet Cement Mortar Hopper Gun New"
8310984868029,"Concrete Saws","Vevor Wall Chaser Groove Cutting Machine New"
8310985031869,"Engine Parts","Vevor Skid Steer Mount Plate Quick Attachment Loader Plate 1/4"" New"
8310985490621,"Chimney Kits","Vevor Chimney Cap 13"" x 21"" Stainless Steel Fireplace Flue Cover New"
8310985883837,"Chimney Kits","Vevor Chimney Cap 17"" x 21"" 304 Stainless Steel Fireplace Flue Cover New"
8310986113213,"Chimney Kits","Vevor Chimney Cap 8"" x 17"" Adjustable 304 Stainless Steel Fireplace Flue Cover New"
8310986211517,"Chimney Kits","Vevor Chimney Cap 8"" x 8"" 304 Stainless Steel Fireplace Flue Cover New"
8310986309821,"Chimney Kits","Vevor Chimney Cap 8"" x 13"" Adjustable 304 Stainless Steel Fireplace Flue Cover New"
8310986375357,"Chimney Kits","Vevor Chimney Cap 13"" x 24"" Stainless Steel Fireplace Flue Cover New"
8310986768573,"Auto Parts","Vevor Induction Coils Heater Coil Kit 8-Pc New"
8310986965181,"Greenhouse Card Slots","Vevor Wiggle Wire & Lock Channel Greenhouse Spring Lock U-Channel Bundle 6.5' 20-Pc New"
8310986997949,"Auto Parts","Vevor Hydraulic Directional Control Valve 6-Spool 11 GPM 4500 PSI New"
8310987030717,"Auto Parts","Vevor Hydraulic Directional Control Valve 6-Spool 11 GPM 3600 PSI New"
8310989258941,"Creepers","Vevor Mechanic Stool Rolling Garage Seat with Adjustable Height and Tool Tray New"
8310989324477,"Water Pressure Regulators","Vevor Pressure Test Pump Hydrostatic 25 bar 3.2 Gallon Manual Water Tester New"
8310989390013,"Water Pressure Regulators","Vevor Pressure Test Pump Hydrostatic Manual Water Pressure Tester Kit 60 bar 860 psi 3.2 Gallon Tank New"
8310989521085,"Creepers","Vevor Rolling Garage Stool Adjustable Mechanic Seat with Tool Tray New"
8310989586621,"CB Radios","Vevor PA System 12V 200W 18-Tone Police Siren with Wireless Handheld Microphone New"
8310989619389,"Hydraulic Cylinder Jacks","Vevor Long Ram Jack 4-Ton Hydraulic Manual Engine Lift Hoist New"
8310989652157,"Other Emergency Accessories","Vevor Stanchion Posts Gold Crowd Control Barrier with Red Velvet Ropes 4-Pack New"
8310989881533,"Hydraulic Steering","Vevor Boat Steering System Outboard Marine Steering Kit with 14' Cable 3/4"" Shaft New"
8310989947069,"Water Trampolines","Vevor Water Pad Party Float 18' x 6' Floating Foam Pad New"
8310990045373,"Hydraulic Steering","Vevor Outboard Steering System 13' Rotary Boat Steering Cable Kit with 13.5"" Wheel New"
8310990078141,"Hydraulic Steering","Vevor Boat Steering Kit 16' Outboard Steering System with 13.5"" Wheel New"
8310990143677,"Hydraulic Steering","Vevor Boat Steering System Outboard Rotary Steering Kit with 10' Cable and 13.5"" Wheel New"
8310990209213,"CB Radios","Vevor Siren Bundle 200W 8-Tone Emergency Warning PA Speaker Mic System New"
8310990307517,"Hydraulic Steering","Vevor Outboard Steering System 14' Boat Steering Kit with 13.5"" Wheel New"
8310990405821,"Hydraulic Steering","Vevor Boat Steering Kit Rotary Outboard Steering System 12' Cable with 13.5"" Wheel New"
8310990536893,"Hydraulic Hoses","Vevor Fuel Line Kit 8AN Nylon Stainless Steel Braided Oil Fuel Hose 32.8' Black New"
8310990635197,"Annular Cutters","Vevor Concrete Hole Saw Kit SDS Plus & SDS MAX Shank Wall Hole Cutter Set New"
8310990667965,"Hydraulic Steering","Vevor Outboard Steering System Marine Rotary Steering Kit with 15' Cable and 13.5"" Wheel New"
8310990733501,"Hydraulic Steering","Vevor Boat Steering Kit Outboard Marine Steering System with 12' Steering Cable 3/4"" Shaft New"
8310990799037,"CB Radios","Vevor PA System 400W 8-Tone Dual Horn Police Siren Kit New"
8310990897341,"CB Radios","Vevor PA Speaker 200W 7-Sound Car Warning Alarm Fire Horn MIC System New"
8310991618237,"Bill Counters","Vevor Cash Drawer 13"" Removable 4 Bill 5 Coin Tray Black New"
8310991651005,"Bill Counters","Vevor Cash Drawer 13"" 12V POS System with 4 Bill 5 Coin Tray New"
8310991847613,"Bill Counters","Vevor Cash Drawer 16"" POS System Register Drawer New"
8310992339133,"Cleaning Caddies","Vevor Shopping Baskets 12-Pack 21L Red with Handles and Stand New"
8310992404669,"Cleaning Caddies","Vevor Shopping Basket 16.9"" x 11.8"" Blue Store Basket Set of 12 New"
8310993420477,"Vertical Potato Dicer/Cutters","Vevor French Fry Cutter Replacement Blade Assembly 3/8"" 3-Piece New"
8310993682621,"Lab Carts","Vevor Salon Tray Height Adjustable Rolling Utility Cart Silver New"
8310994141373,"RV Covers","Vevor Pontoon Boat Cover 17'-20' Trailerable 600D Oxford Gray New"
8310994174141,"Winches","Vevor Snatch Block 11T 25,000 lbs Winch Pulley 2-Pack New"
8310994469053,"Annular Cutters","Vevor Hole Saw Cutter Kit Adjustable 1-5/8"" to 11-13/16"" with Dust Shield New"
8310994534589,"Annular Cutters","Vevor Hole Saw Cutter Kit Adjustable 1-5/8"" to 8"" with PC Dust Shield New"
8311020159165,"Wheelchair Accessories","Vevor Seat Cushion Memory Foam Pressure Relief Chair Cushion New"
8311020191933,"Side Tables","Vevor Console Table Glass Top Coffee Table with Tempered Glass & Iron Cross Legs New"
8311020257469,"Band Saws","Vevor Battery Charger Combo 20V Max 4.0 Ah Lithium-Ion Battery Pack New"
8311020650685,"Ceramic Fire Balls","Vevor Ceramic Fire Pebble Stones 1-2"" 48-Pc Fire Pit Rocks New"
8311020748989,"Ceramic Fire Balls","Vevor Fire Pit Stones 2-3"" Ceramic Pebble Set 30-Pc Gray New"
8311021109437,"Fitness Sandbags","Vevor Aqua Training Bag Adjustable Water Weight 70 lbs Workout New"
8311021404349,"Specialty Hardwares","Vevor Deck Support Pedestal Adjustable Plastic Deck Blocks 12-Piece Set New"
8311021568189,"Fitness Sandbags","Vevor Aqua Bag 50 lbs Adjustable Water Weight New"
8311021600957,"Storage Bins","Vevor Shoe Storage Boxes 12-Pack Stackable Organizers for US Size 11 Shoes Black Frame New"
8311023927485,"TV Antennas","Vevor Wall Mount Starlink Gen 3 Adjustable Pipe Kit New"
8311024353469,"Door Locks","Vevor Smart Plug WiFi Outlet Compatible with Alexa and Google Home 4-Pack White New"
8311024484541,"Kitchen Hand Tools","Vevor Kitchen Utensil Set 34-Piece Silicone Cooking Tools with Holder White New"
8311025860797,"Monitors","Vevor Car Stereo Wireless Apple CarPlay & Android Auto 9"" Touchscreen with Front & Backup Cameras New"
8311025991869,"Cheese Dispenser With Pumps","Vevor Cheese Dispenser Commercial Hot Fudge Warmer 2.4x2 L New"
8311026188477,"Door Handles","Vevor Door Knob Satin Nickel Keyed Entry Round Ball New"
8311027007677,"Plate Type Dog Whelping Boxs","Vevor Dog Whelping Box Transparent Playpen for X-Large Dogs 60"" x 59"" x 23"" New"
8311027237053,"Flower Vases","Vevor Vase Set Pillar Candles and Glass Hurricane Candle Holders 72 Pcs New"
8311027269821,"Flower Vases","Vevor Glass Vase Set Pillar Candles and Clear Cylinder Hurricane Candle Holders 36-Pc New"
8311027400893,"Dust Collectors","Vevor Wet/Dry Shop Vacuum 8 Gallon 6 HP Self-Cleaning Dual-Filter New"
8311027499197,"Dust Collectors","Vevor Shop Vacuum 11 Gal Wet/Dry Portable Auto-Clean 5.5 HP New"
8311027531965,"Tile Edging Trims","Vevor Wall Molding 3-Pack Paintable Waterproof Wainscoting Panels Kit White 24x54"" + 24x24"" New"
8311027695805,"Heated Sweatshirts","Vevor Heated Fleece Jacket for Men Black L New"
8311027859645,"Cigar Humidors","Vevor Humidifier Replacement Filter YC-88 Cigar Humidor Water Tank Pad New"
8311027990717,"Other Emergency Accessories","Vevor Stanchion Rope 4-Pc 5' Red Velvet Queue Barrier Rope Set New"
8311028056253,"Bicycle Trailers","Vevor Bike Travel Case EVA Hard Shell Bicycle Bag w/ TSA Lock & Wheels New"
8311029694653,"Christmas Trains","Vevor Wooden Train Track Set 113-Piece City Scene Playset with Storage Box New"
8311029825725,"Auto Parts","Vevor Hydraulic Directional Control Valve 1-Spool 21 GPM 3600 PSI BSPP Port w/ Joystick New"
8311287742653,"Bollard Lights","Vevor Bubble Tube Lamp 3.3' LED Sensory Aquarium with 10 Floating Fish & 16 Color Effects New"
8311288234173,"Water Testing Kits","Vevor Air Quality Monitor 8-in-1 Professional PM2.5 PM10 PM1.0 Indoor Outdoor Meter New"
8311288463549,"Flower Vases","Vevor Flower Stand 23.62"" Hexagonal Wedding Floral Display Rack 10-Pc Gold New"
8311288496317,"Hydraulic Pumps","Vevor Hydraulic Steering Kit 300 HP Marine Boat System with 26' Hoses New"